{"credit": "Made with Blockbench","texture_size": [32, 32],"textures": {"0": "minecraft:item/grimdark/netherite_greatsword","particle": "minecraft:grimdark/netherite_greatsword"},"elements": [{"name": "netherite_greatsword_0","from": [19, 0, -6],"to": [22, 1, -3],"rotation": { "angle": 0, "axis": "y", "origin": [-8, 0, -8] },"faces": {"north": { "uv": [15, 1, 13.5, 1.5], "texture": "#0" },"east": {"uv": [14.5, 1, 15, 2.5],"rotation": 90,"texture": "#0"},"south": { "uv": [13.5, 2, 15, 2.5], "texture": "#0" },"west": {"uv": [13.5, 1, 14, 2.5],"rotation": 270,"texture": "#0"},"up": { "uv": [13.5, 1, 15, 2.5], "texture": "#0" },"down": { "uv": [13.5, 2.5, 15, 1], "texture": "#0" }}},{"name": "netherite_greatsword_1","from": [18, 0, -5],"to": [19, 1, 0],"rotation": { "angle": 0, "axis": "y", "origin": [-8, 0, -8] },"faces": {"north": { "uv": [13.5, 1.5, 13, 2], "texture": "#0" },"east": {"uv": [13, 1.5, 13.5, 4],"rotation": 90,"texture": "#0"},"south": { "uv": [13, 3.5, 13.5, 4], "texture": "#0" },"west": {"uv": [13, 1.5, 13.5, 4],"rotation": 270,"texture": "#0"},"up": { "uv": [13, 1.5, 13.5, 4], "texture": "#0" },"down": { "uv": [13, 4, 13.5, 1.5], "texture": "#0" }}},{"name": "netherite_greatsword_2","from": [17, 0, -4],"to": [18, 1, 1],"rotation": { "angle": 0, "axis": "y", "origin": [-8, 0, -8] },"faces": {"north": { "uv": [13, 2, 12.5, 2.5], "texture": "#0" },"east": {"uv": [12.5, 2, 13, 4.5],"rotation": 90,"texture": "#0"},"south": { "uv": [12.5, 4, 13, 4.5], "texture": "#0" },"west": {"uv": [12.5, 2, 13, 4.5],"rotation": 270,"texture": "#0"},"up": { "uv": [12.5, 2, 13, 4.5], "texture": "#0" },"down": { "uv": [12.5, 4.5, 13, 2], "texture": "#0" }}},{"name": "netherite_greatsword_3","from": [16, 0, -3],"to": [17, 1, 2],"rotation": { "angle": 0, "axis": "y", "origin": [-8, 0, -8] },"faces": {"north": { "uv": [12.5, 2.5, 12, 3], "texture": "#0" },"east": {"uv": [12, 2.5, 12.5, 5],"rotation": 90,"texture": "#0"},"south": { "uv": [12, 4.5, 12.5, 5], "texture": "#0" },"west": {"uv": [12, 2.5, 12.5, 5],"rotation": 270,"texture": "#0"},"up": { "uv": [12, 2.5, 12.5, 5], "texture": "#0" },"down": { "uv": [12, 5, 12.5, 2.5], "texture": "#0" }}},{"name": "netherite_greatsword_4","from": [19, 0, -3],"to": [21, 1, -2],"rotation": { "angle": 0, "axis": "y", "origin": [-8, 0, -8] },"faces": {"north": { "uv": [14.5, 2.5, 13.5, 3], "texture": "#0" },"east": {"uv": [14, 2.5, 14.5, 3],"rotation": 90,"texture": "#0"},"south": { "uv": [13.5, 2.5, 14.5, 3], "texture": "#0" },"west": {"uv": [13.5, 2.5, 14, 3],"rotation": 270,"texture": "#0"},"up": { "uv": [13.5, 2.5, 14.5, 3], "texture": "#0" },"down": { "uv": [13.5, 3, 14.5, 2.5], "texture": "#0" }}},{"name": "netherite_greatsword_5","from": [15, 0, -2],"to": [16, 1, 3],"rotation": { "angle": 0, "axis": "y", "origin": [-8, 0, -8] },"faces": {"north": { "uv": [12, 3, 11.5, 3.5], "texture": "#0" },"east": {"uv": [11.5, 3, 12, 5.5],"rotation": 90,"texture": "#0"},"south": { "uv": [11.5, 5, 12, 5.5], "texture": "#0" },"west": {"uv": [11.5, 3, 12, 5.5],"rotation": 270,"texture": "#0"},"up": { "uv": [11.5, 3, 12, 5.5], "texture": "#0" },"down": { "uv": [11.5, 5.5, 12, 3], "texture": "#0" }}},{"name": "netherite_greatsword_6","from": [19, 0, -2],"to": [20, 1, -1],"rotation": { "angle": 0, "axis": "y", "origin": [-8, 0, -8] },"faces": {"north": { "uv": [14, 3, 13.5, 3.5], "texture": "#0" },"east": {"uv": [13.5, 3, 14, 3.5],"rotation": 90,"texture": "#0"},"south": { "uv": [13.5, 3, 14, 3.5], "texture": "#0" },"west": {"uv": [13.5, 3, 14, 3.5],"rotation": 270,"texture": "#0"},"up": { "uv": [13.5, 3, 14, 3.5], "texture": "#0" },"down": { "uv": [13.5, 3.5, 14, 3], "texture": "#0" }}},{"name": "netherite_greatsword_7","from": [14, 0, -1],"to": [15, 1, 4],"rotation": { "angle": 0, "axis": "y", "origin": [-8, 0, -8] },"faces": {"north": { "uv": [11.5, 3.5, 11, 4], "texture": "#0" },"east": {"uv": [11, 3.5, 11.5, 6],"rotation": 90,"texture": "#0"},"south": { "uv": [11, 5.5, 11.5, 6], "texture": "#0" },"west": {"uv": [11, 3.5, 11.5, 6],"rotation": 270,"texture": "#0"},"up": { "uv": [11, 3.5, 11.5, 6], "texture": "#0" },"down": { "uv": [11, 6, 11.5, 3.5], "texture": "#0" }}},{"name": "netherite_greatsword_8","from": [13, 0, 0],"to": [14, 1, 5],"rotation": { "angle": 0, "axis": "y", "origin": [-8, 0, -8] },"faces": {"north": { "uv": [11, 4, 10.5, 4.5], "texture": "#0" },"east": {"uv": [10.5, 4, 11, 6.5],"rotation": 90,"texture": "#0"},"south": { "uv": [10.5, 6, 11, 6.5], "texture": "#0" },"west": {"uv": [10.5, 4, 11, 6.5],"rotation": 270,"texture": "#0"},"up": { "uv": [10.5, 4, 11, 6.5], "texture": "#0" },"down": { "uv": [10.5, 6.5, 11, 4], "texture": "#0" }}},{"name": "netherite_greatsword_9","from": [12, 0, 1],"to": [13, 1, 6],"rotation": { "angle": 0, "axis": "y", "origin": [-8, 0, -8] },"faces": {"north": { "uv": [10.5, 4.5, 10, 5], "texture": "#0" },"east": {"uv": [10, 4.5, 10.5, 7],"rotation": 90,"texture": "#0"},"south": { "uv": [10, 6.5, 10.5, 7], "texture": "#0" },"west": {"uv": [10, 4.5, 10.5, 7],"rotation": 270,"texture": "#0"},"up": { "uv": [10, 4.5, 10.5, 7], "texture": "#0" },"down": { "uv": [10, 7, 10.5, 4.5], "texture": "#0" }}},{"name": "netherite_greatsword_10","from": [11, 0, 2],"to": [12, 1, 7],"rotation": { "angle": 0, "axis": "y", "origin": [-8, 0, -8] },"faces": {"north": { "uv": [10, 5, 9.5, 5.5], "texture": "#0" },"east": {"uv": [9.5, 5, 10, 7.5],"rotation": 90,"texture": "#0"},"south": { "uv": [9.5, 7, 10, 7.5], "texture": "#0" },"west": {"uv": [9.5, 5, 10, 7.5],"rotation": 270,"texture": "#0"},"up": { "uv": [9.5, 5, 10, 7.5], "texture": "#0" },"down": { "uv": [9.5, 7.5, 10, 5], "texture": "#0" }}},{"name": "netherite_greatsword_11","from": [10, 0, 3],"to": [11, 1, 8],"rotation": { "angle": 0, "axis": "y", "origin": [-8, 0, -8] },"faces": {"north": { "uv": [9.5, 5.5, 9, 6], "texture": "#0" },"east": {"uv": [9, 5.5, 9.5, 8],"rotation": 90,"texture": "#0"},"south": { "uv": [9, 7.5, 9.5, 8], "texture": "#0" },"west": {"uv": [9, 5.5, 9.5, 8],"rotation": 270,"texture": "#0"},"up": { "uv": [9, 5.5, 9.5, 8], "texture": "#0" },"down": { "uv": [9, 8, 9.5, 5.5], "texture": "#0" }}},{"name": "netherite_greatsword_12","from": [9, 0, 4],"to": [10, 1, 9],"rotation": { "angle": 0, "axis": "y", "origin": [-8, 0, -8] },"faces": {"north": { "uv": [9, 6, 8.5, 6.5], "texture": "#0" },"east": {"uv": [8.5, 6, 9, 8.5],"rotation": 90,"texture": "#0"},"south": { "uv": [8.5, 8, 9, 8.5], "texture": "#0" },"west": {"uv": [8.5, 6, 9, 8.5],"rotation": 270,"texture": "#0"},"up": { "uv": [8.5, 6, 9, 8.5], "texture": "#0" },"down": { "uv": [8.5, 8.5, 9, 6], "texture": "#0" }}},{"name": "netherite_greatsword_13","from": [8, 0, 5],"to": [9, 1, 10],"rotation": { "angle": 0, "axis": "y", "origin": [-8, 0, -8] },"faces": {"north": { "uv": [8.5, 6.5, 8, 7], "texture": "#0" },"east": {"uv": [8, 6.5, 8.5, 9],"rotation": 90,"texture": "#0"},"south": { "uv": [8, 8.5, 8.5, 9], "texture": "#0" },"west": {"uv": [8, 6.5, 8.5, 9],"rotation": 270,"texture": "#0"},"up": { "uv": [8, 6.5, 8.5, 9], "texture": "#0" },"down": { "uv": [8, 9, 8.5, 6.5], "texture": "#0" }}},{"name": "netherite_greatsword_14","from": [7, 0, 6],"to": [8, 1, 11],"rotation": { "angle": 0, "axis": "y", "origin": [-8, 0, -8] },"faces": {"north": { "uv": [8, 7, 7.5, 7.5], "texture": "#0" },"east": {"uv": [7.5, 7, 8, 9.5],"rotation": 90,"texture": "#0"},"south": { "uv": [7.5, 9, 8, 9.5], "texture": "#0" },"west": {"uv": [7.5, 7, 8, 9.5],"rotation": 270,"texture": "#0"},"up": { "uv": [7.5, 7, 8, 9.5], "texture": "#0" },"down": { "uv": [7.5, 9.5, 8, 7], "texture": "#0" }}},{"name": "netherite_greatsword_15","from": [-2, 0, 7],"to": [0, 1, 10],"rotation": { "angle": 0, "axis": "y", "origin": [-8, 0, -8] },"faces": {"north": { "uv": [4, 7.5, 3, 8], "texture": "#0" },"east": {"uv": [3.5, 7.5, 4, 9],"rotation": 90,"texture": "#0"},"south": { "uv": [3, 8.5, 4, 9], "texture": "#0" },"west": {"uv": [3, 7.5, 3.5, 9],"rotation": 270,"texture": "#0"},"up": { "uv": [3, 7.5, 4, 9], "texture": "#0" },"down": { "uv": [3, 9, 4, 7.5], "texture": "#0" }}},{"name": "netherite_greatsword_16","from": [6, 0, 7],"to": [7, 1, 12],"rotation": { "angle": 0, "axis": "y", "origin": [-8, 0, -8] },"faces": {"north": { "uv": [7.5, 7.5, 7, 8], "texture": "#0" },"east": {"uv": [7, 7.5, 7.5, 10],"rotation": 90,"texture": "#0"},"south": { "uv": [7, 9.5, 7.5, 10], "texture": "#0" },"west": {"uv": [7, 7.5, 7.5, 10],"rotation": 270,"texture": "#0"},"up": { "uv": [7, 7.5, 7.5, 10], "texture": "#0" },"down": { "uv": [7, 10, 7.5, 7.5], "texture": "#0" }}},{"name": "netherite_greatsword_17","from": [0, 0, 8],"to": [1, 1, 12],"rotation": { "angle": 0, "axis": "y", "origin": [-8, 0, -8] },"faces": {"north": { "uv": [4.5, 8, 4, 8.5], "texture": "#0" },"east": {"uv": [4, 8, 4.5, 10],"rotation": 90,"texture": "#0"},"south": { "uv": [4, 9.5, 4.5, 10], "texture": "#0" },"west": {"uv": [4, 8, 4.5, 10],"rotation": 270,"texture": "#0"},"up": { "uv": [4, 8, 4.5, 10], "texture": "#0" },"down": { "uv": [4, 10, 4.5, 8], "texture": "#0" }}},{"name": "netherite_greatsword_18","from": [5, 0, 8],"to": [6, 1, 13],"rotation": { "angle": 0, "axis": "y", "origin": [-8, 0, -8] },"faces": {"north": { "uv": [7, 8, 6.5, 8.5], "texture": "#0" },"east": {"uv": [6.5, 8, 7, 10.5],"rotation": 90,"texture": "#0"},"south": { "uv": [6.5, 10, 7, 10.5], "texture": "#0" },"west": {"uv": [6.5, 8, 7, 10.5],"rotation": 270,"texture": "#0"},"up": { "uv": [6.5, 8, 7, 10.5], "texture": "#0" },"down": { "uv": [6.5, 10.5, 7, 8], "texture": "#0" }}},{"name": "netherite_greatsword_19","from": [4, 0, 9],"to": [5, 1, 16],"rotation": { "angle": 0, "axis": "y", "origin": [-8, 0, -8] },"faces": {"north": { "uv": [6.5, 8.5, 6, 9], "texture": "#0" },"east": {"uv": [6, 8.5, 6.5, 12],"rotation": 90,"texture": "#0"},"south": { "uv": [6, 11.5, 6.5, 12], "texture": "#0" },"west": {"uv": [6, 8.5, 6.5, 12],"rotation": 270,"texture": "#0"},"up": { "uv": [6, 8.5, 6.5, 12], "texture": "#0" },"down": { "uv": [6, 12, 6.5, 8.5], "texture": "#0" }}},{"name": "netherite_greatsword_20","from": [-1, 0, 10],"to": [0, 1, 11],"rotation": { "angle": 0, "axis": "y", "origin": [-8, 0, -8] },"faces": {"north": { "uv": [4, 9, 3.5, 9.5], "texture": "#0" },"east": {"uv": [3.5, 9, 4, 9.5],"rotation": 90,"texture": "#0"},"south": { "uv": [3.5, 9, 4, 9.5], "texture": "#0" },"west": {"uv": [3.5, 9, 4, 9.5],"rotation": 270,"texture": "#0"},"up": { "uv": [3.5, 9, 4, 9.5], "texture": "#0" },"down": { "uv": [3.5, 9.5, 4, 9], "texture": "#0" }}},{"name": "netherite_greatsword_21","from": [1, 0, 10],"to": [2, 1, 16],"rotation": { "angle": 0, "axis": "y", "origin": [-8, 0, -8] },"faces": {"north": { "uv": [5, 9, 4.5, 9.5], "texture": "#0" },"east": {"uv": [4.5, 9, 5, 12],"rotation": 90,"texture": "#0"},"south": { "uv": [4.5, 11.5, 5, 12], "texture": "#0" },"west": {"uv": [4.5, 9, 5, 12],"rotation": 270,"texture": "#0"},"up": { "uv": [4.5, 9, 5, 12], "texture": "#0" },"down": { "uv": [4.5, 12, 5, 9], "texture": "#0" }}},{"name": "netherite_greatsword_22","from": [3, 0, 10],"to": [4, 1, 15],"rotation": { "angle": 0, "axis": "y", "origin": [-8, 0, -8] },"faces": {"north": { "uv": [6, 9, 5.5, 9.5], "texture": "#0" },"east": {"uv": [5.5, 9, 6, 11.5],"rotation": 90,"texture": "#0"},"south": { "uv": [5.5, 11, 6, 11.5], "texture": "#0" },"west": {"uv": [5.5, 9, 6, 11.5],"rotation": 270,"texture": "#0"},"up": { "uv": [5.5, 9, 6, 11.5], "texture": "#0" },"down": { "uv": [5.5, 11.5, 6, 9], "texture": "#0" }}},{"name": "netherite_greatsword_23","from": [2, 0, 11],"to": [3, 1, 15],"rotation": { "angle": 0, "axis": "y", "origin": [-8, 0, -8] },"faces": {"north": { "uv": [5.5, 9.5, 5, 10], "texture": "#0" },"east": {"uv": [5, 9.5, 5.5, 11.5],"rotation": 90,"texture": "#0"},"south": { "uv": [5, 11, 5.5, 11.5], "texture": "#0" },"west": {"uv": [5, 9.5, 5.5, 11.5],"rotation": 270,"texture": "#0"},"up": { "uv": [5, 9.5, 5.5, 11.5], "texture": "#0" },"down": { "uv": [5, 11.5, 5.5, 9.5], "texture": "#0" }}},{"name": "netherite_greatsword_24","from": [0, 0, 14],"to": [1, 1, 17],"rotation": { "angle": 0, "axis": "y", "origin": [-8, 0, -8] },"faces": {"north": { "uv": [4.5, 11, 4, 11.5], "texture": "#0" },"east": {"uv": [4, 11, 4.5, 12.5],"rotation": 90,"texture": "#0"},"south": { "uv": [4, 12, 4.5, 12.5], "texture": "#0" },"west": {"uv": [4, 11, 4.5, 12.5],"rotation": 270,"texture": "#0"},"up": { "uv": [4, 11, 4.5, 12.5], "texture": "#0" },"down": { "uv": [4, 12.5, 4.5, 11], "texture": "#0" }}},{"name": "netherite_greatsword_25","from": [5, 0, 14],"to": [6, 1, 17],"rotation": { "angle": 0, "axis": "y", "origin": [-8, 0, -8] },"faces": {"north": { "uv": [7, 11, 6.5, 11.5], "texture": "#0" },"east": {"uv": [6.5, 11, 7, 12.5],"rotation": 90,"texture": "#0"},"south": { "uv": [6.5, 12, 7, 12.5], "texture": "#0" },"west": {"uv": [6.5, 11, 7, 12.5],"rotation": 270,"texture": "#0"},"up": { "uv": [6.5, 11, 7, 12.5], "texture": "#0" },"down": { "uv": [6.5, 12.5, 7, 11], "texture": "#0" }}},{"name": "netherite_greatsword_26","from": [-1, 0, 15],"to": [0, 1, 18],"rotation": { "angle": 0, "axis": "y", "origin": [-8, 0, -8] },"faces": {"north": { "uv": [4, 11.5, 3.5, 12], "texture": "#0" },"east": {"uv": [3.5, 11.5, 4, 13],"rotation": 90,"texture": "#0"},"south": { "uv": [3.5, 12.5, 4, 13], "texture": "#0" },"west": {"uv": [3.5, 11.5, 4, 13],"rotation": 270,"texture": "#0"},"up": { "uv": [3.5, 11.5, 4, 13], "texture": "#0" },"down": { "uv": [3.5, 13, 4, 11.5], "texture": "#0" }}},{"name": "netherite_greatsword_27","from": [6, 0, 15],"to": [8, 1, 18],"rotation": { "angle": 0, "axis": "y", "origin": [-8, 0, -8] },"faces": {"north": { "uv": [8, 11.5, 7, 12], "texture": "#0" },"east": {"uv": [7.5, 11.5, 8, 13],"rotation": 90,"texture": "#0"},"south": { "uv": [7, 12.5, 8, 13], "texture": "#0" },"west": {"uv": [7, 11.5, 7.5, 13],"rotation": 270,"texture": "#0"},"up": { "uv": [7, 11.5, 8, 13], "texture": "#0" },"down": { "uv": [7, 13, 8, 11.5], "texture": "#0" }}},{"name": "netherite_greatsword_28","from": [-2, 0, 16],"to": [-1, 1, 19],"rotation": { "angle": 0, "axis": "y", "origin": [-8, 0, -8] },"faces": {"north": { "uv": [3.5, 12, 3, 12.5], "texture": "#0" },"east": {"uv": [3, 12, 3.5, 13.5],"rotation": 90,"texture": "#0"},"south": { "uv": [3, 13, 3.5, 13.5], "texture": "#0" },"west": {"uv": [3, 12, 3.5, 13.5],"rotation": 270,"texture": "#0"},"up": { "uv": [3, 12, 3.5, 13.5], "texture": "#0" },"down": { "uv": [3, 13.5, 3.5, 12], "texture": "#0" }}},{"name": "netherite_greatsword_29","from": [8, 0, 16],"to": [9, 1, 18],"rotation": { "angle": 0, "axis": "y", "origin": [-8, 0, -8] },"faces": {"north": { "uv": [8.5, 12, 8, 12.5], "texture": "#0" },"east": {"uv": [8, 12, 8.5, 13],"rotation": 90,"texture": "#0"},"south": { "uv": [8, 12.5, 8.5, 13], "texture": "#0" },"west": {"uv": [8, 12, 8.5, 13],"rotation": 270,"texture": "#0"},"up": { "uv": [8, 12, 8.5, 13], "texture": "#0" },"down": { "uv": [8, 13, 8.5, 12], "texture": "#0" }}},{"name": "netherite_greatsword_30","from": [-3, 0, 17],"to": [-2, 1, 20],"rotation": { "angle": 0, "axis": "y", "origin": [-8, 0, -8] },"faces": {"north": { "uv": [3, 12.5, 2.5, 13], "texture": "#0" },"east": {"uv": [2.5, 12.5, 3, 14],"rotation": 90,"texture": "#0"},"south": { "uv": [2.5, 13.5, 3, 14], "texture": "#0" },"west": {"uv": [2.5, 12.5, 3, 14],"rotation": 270,"texture": "#0"},"up": { "uv": [2.5, 12.5, 3, 14], "texture": "#0" },"down": { "uv": [2.5, 14, 3, 12.5], "texture": "#0" }}},{"name": "netherite_greatsword_31","from": [-4, 0, 18],"to": [-3, 1, 21],"rotation": { "angle": 0, "axis": "y", "origin": [-8, 0, -8] },"faces": {"north": { "uv": [2.5, 13, 2, 13.5], "texture": "#0" },"east": {"uv": [2, 13, 2.5, 14.5],"rotation": 90,"texture": "#0"},"south": { "uv": [2, 14, 2.5, 14.5], "texture": "#0" },"west": {"uv": [2, 13, 2.5, 14.5],"rotation": 270,"texture": "#0"},"up": { "uv": [2, 13, 2.5, 14.5], "texture": "#0" },"down": { "uv": [2, 14.5, 2.5, 13], "texture": "#0" }}},{"name": "netherite_greatsword_32","from": [-5, 0, 19],"to": [-4, 1, 22],"rotation": { "angle": 0, "axis": "y", "origin": [-8, 0, -8] },"faces": {"north": { "uv": [2, 13.5, 1.5, 14], "texture": "#0" },"east": {"uv": [1.5, 13.5, 2, 15],"rotation": 90,"texture": "#0"},"south": { "uv": [1.5, 14.5, 2, 15], "texture": "#0" },"west": {"uv": [1.5, 13.5, 2, 15],"rotation": 270,"texture": "#0"},"up": { "uv": [1.5, 13.5, 2, 15], "texture": "#0" },"down": { "uv": [1.5, 15, 2, 13.5], "texture": "#0" }}},{"name": "netherite_greatsword_33","from": [-6, 0, 20],"to": [-5, 1, 24],"rotation": { "angle": 0, "axis": "y", "origin": [-8, 0, -8] },"faces": {"north": { "uv": [1.5, 14, 1, 14.5], "texture": "#0" },"east": {"uv": [1, 14, 1.5, 16],"rotation": 90,"texture": "#0"},"south": { "uv": [1, 15.5, 1.5, 16], "texture": "#0" },"west": {"uv": [1, 14, 1.5, 16],"rotation": 270,"texture": "#0"},"up": { "uv": [1, 14, 1.5, 16], "texture": "#0" },"down": { "uv": [1, 16, 1.5, 14], "texture": "#0" }}},{"name": "netherite_greatsword_34","from": [-8, 0, 21],"to": [-6, 1, 24],"rotation": { "angle": 0, "axis": "y", "origin": [-8, 0, -8] },"faces": {"north": { "uv": [1, 14.5, 0, 15], "texture": "#0" },"east": {"uv": [0.5, 14.5, 1, 16],"rotation": 90,"texture": "#0"},"south": { "uv": [0, 15.5, 1, 16], "texture": "#0" },"west": {"uv": [0, 14.5, 0.5, 16],"rotation": 270,"texture": "#0"},"up": { "uv": [0, 14.5, 1, 16], "texture": "#0" },"down": { "uv": [0, 16, 1, 14.5], "texture": "#0" }}}],"gui_light": "front","display": {"thirdperson_righthand": {"rotation": [35, 0, 90],"translation": [-6.25, 8, -0.25],"scale": [0.85, 0.85, 0.85]},"thirdperson_lefthand": {"rotation": [-145, -180, 90],"translation": [6.5, 8, -0.25],"scale": [0.85, 0.85, 0.85]},"firstperson_righthand": {"rotation": [55, -7, 90],"translation": [-1.75, 5.75, -1.5]},"firstperson_lefthand": {"rotation": [43, -22, -89],"translation": [13, 3.5, -0.25]},"ground": {"rotation": [90, 15, 0],"translation": [0, 6, 0],"scale": [0.5, 0.5, 0.5]},"gui": {"rotation": [90, 0, 0],"scale": [0.5, 0.5, 0.5]},"head": {"rotation": [90, -180, 0],"translation": [0, -15, 14],"scale": [1.25, 1.25, 1.25]},"fixed": {"rotation": [90, 0, -180],"translation": [0, 0, -6],"scale": [0.75, 0.75, 0.75]}},"groups": [{"name": "netherite_greatsword","origin": [8, 8, 8],"color": 0,"children": [0, 1, 2, 3, 4, 5, 6, 7, 8, 9, 10, 11, 12, 13, 14, 15, 16, 17,18, 19, 20, 21, 22, 23, 24, 25, 26, 27, 28, 29, 30, 31, 32, 33,34]}]}