{"credit": "Made with Blockbench","texture_size": [64, 64],"textures": {"0": "minecraft:item/tristenlosey/bee_hat","particle": "minecraft:item/tristenlosey/bee_hat"},"elements": [{"from": [4, 12, 4],"to": [4, 19, 13],"faces": {"north": { "uv": [4.25, 6.25, 6.25, 8], "texture": "#0" },"east": { "uv": [4.25, 6.25, 6.25, 8], "texture": "#0" },"south": { "uv": [4.25, 6.25, 6.25, 8], "texture": "#0" },"west": { "uv": [4.25, 6.25, 6.25, 8], "texture": "#0" },"up": { "uv": [4.25, 6.25, 6.25, 8], "texture": "#0" },"down": { "uv": [4.25, 6.25, 6.25, 8], "texture": "#0" }}},{"name": "face","from": [4, 12, 4],"to": [13, 19, 4],"faces": {"north": { "uv": [6.5, 0, 8.5, 1.75], "texture": "#0" },"east": { "uv": [6.5, 0, 8.5, 1.75], "texture": "#0" },"south": { "uv": [6.5, 0, 8.5, 1.75], "texture": "#0" },"west": { "uv": [6.5, 0, 8.5, 1.75], "texture": "#0" },"up": { "uv": [6.5, 0, 8.5, 1.75], "texture": "#0" },"down": { "uv": [6.5, 0, 8.5, 1.75], "texture": "#0" }}},{"from": [3.75, 12, 3.75],"to": [13.25, 13.25, 3.75],"faces": {"north": { "uv": [0, 8.5, 2.5, 8.75], "texture": "#0" },"east": { "uv": [0, 8.5, 2.5, 8.75], "texture": "#0" },"south": { "uv": [0, 8.5, 2.5, 8.75], "texture": "#0" },"west": { "uv": [0, 8.5, 2.5, 8.75], "texture": "#0" },"up": { "uv": [0, 8.5, 2.5, 8.75], "texture": "#0" },"down": { "uv": [0, 8.5, 2.5, 8.75], "texture": "#0" }}},{"from": [3.75, 12, 13.25],"to": [13.25, 13.25, 13.25],"rotation": { "angle": 0, "axis": "y", "origin": [13.5, 12, 9] },"faces": {"north": { "uv": [8.75, 0.25, 11.25, 0.5], "texture": "#0" },"east": { "uv": [8.75, 0.25, 11.25, 0.5], "texture": "#0" },"south": { "uv": [8.75, 0.25, 11.25, 0.5], "texture": "#0" },"west": { "uv": [8.75, 0.25, 11.25, 0.5], "texture": "#0" },"up": { "uv": [8.75, 0.25, 11.25, 0.5], "texture": "#0" },"down": { "uv": [8.75, 0.25, 11.25, 0.5], "texture": "#0" }}},{"from": [13.25, 12, 3.75],"to": [13.25, 13.25, 13.25],"rotation": {"angle": 0,"axis": "y","origin": [13.25, 18.75, 13]},"faces": {"north": { "uv": [8.75, 0.5, 11.25, 0.75], "texture": "#0" },"east": { "uv": [8.75, 0.5, 11.25, 0.75], "texture": "#0" },"south": { "uv": [8.75, 0.5, 11.25, 0.75], "texture": "#0" },"west": { "uv": [8.75, 0.5, 11.25, 0.75], "texture": "#0" },"up": { "uv": [8.75, 0.5, 11.25, 0.75], "texture": "#0" },"down": { "uv": [8.75, 0.5, 11.25, 0.75], "texture": "#0" }}},{"from": [3.75, 12, 3.75],"to": [3.75, 13.25, 13.25],"rotation": {"angle": 0,"axis": "y","origin": [13.25, 18.75, 13]},"faces": {"north": { "uv": [8.75, 1.25, 11.25, 1.5], "texture": "#0" },"east": { "uv": [8.75, 1.25, 11.25, 1.5], "texture": "#0" },"south": { "uv": [8.75, 1.25, 11.25, 1.5], "texture": "#0" },"west": { "uv": [8.75, 1.25, 11.25, 1.5], "texture": "#0" },"up": { "uv": [8.75, 1.25, 11.25, 1.5], "texture": "#0" },"down": { "uv": [8.75, 1.25, 11.25, 1.5], "texture": "#0" }}},{"from": [13, 12, 4],"to": [13, 19, 13],"faces": {"north": { "uv": [6.5, 3.5, 8.5, 5.25], "texture": "#0" },"east": { "uv": [6.5, 3.5, 8.5, 5.25], "texture": "#0" },"south": { "uv": [6.5, 3.5, 8.5, 5.25], "texture": "#0" },"west": { "uv": [6.5, 3.5, 8.5, 5.25], "texture": "#0" },"up": { "uv": [6.5, 3.5, 8.5, 5.25], "texture": "#0" },"down": { "uv": [6.5, 3.5, 8.5, 5.25], "texture": "#0" }}},{"from": [4, 19, 4],"to": [13, 19, 13],"faces": {"north": { "uv": [6.5, 2.25, 4.25, 0], "texture": "#0" },"east": { "uv": [6.5, 2.25, 4.25, 0], "texture": "#0" },"south": { "uv": [6.5, 2.25, 4.25, 0], "texture": "#0" },"west": { "uv": [6.5, 2.25, 4.25, 0], "texture": "#0" },"up": { "uv": [6.25, 2.25, 4.25, 0.25], "texture": "#0" },"down": { "uv": [6.5, 2.25, 4.25, 0], "texture": "#0" }}},{"from": [8, 19, 8.5],"to": [9, 20, 8.5],"rotation": { "angle": 0, "axis": "y", "origin": [9, 19.5, 9] },"faces": {"north": { "uv": [2.5, 8.5, 2.75, 8.75], "texture": "#0" },"east": { "uv": [0, 0, 0, 0.25], "texture": "#0" },"south": { "uv": [2.75, 8.5, 3, 8.75], "texture": "#0" },"west": { "uv": [0, 0, 0, 0.25], "texture": "#0" },"up": { "uv": [0.25, 0, 0, 0], "texture": "#0" },"down": { "uv": [0.25, 0, 0, 0], "texture": "#0" }}},{"from": [8.5, 19, 8],"to": [8.5, 20, 9],"rotation": { "angle": 0, "axis": "y", "origin": [9, 19.5, 9] },"faces": {"north": { "uv": [0, 0, 0, 0.25], "texture": "#0" },"east": { "uv": [3, 8.5, 3.25, 8.75], "texture": "#0" },"south": { "uv": [0, 0, 0, 0.25], "texture": "#0" },"west": { "uv": [3.25, 8.5, 3.5, 8.75], "texture": "#0" },"up": { "uv": [0, 0.25, 0, 0], "texture": "#0" },"down": { "uv": [0, 0, 0, 0.25], "texture": "#0" }}},{"from": [4, 12, 13],"to": [13, 19, 13],"faces": {"north": { "uv": [4.25, 8, 6.25, 9.75], "texture": "#0" },"east": { "uv": [4.25, 8, 6.25, 9.75], "texture": "#0" },"south": { "uv": [4.25, 8, 6.25, 9.75], "texture": "#0" },"west": { "uv": [4.25, 8, 6.25, 9.75], "texture": "#0" },"up": { "uv": [4.25, 8, 6.25, 9.75], "texture": "#0" },"down": { "uv": [4.25, 8, 6.25, 9.75], "texture": "#0" }}},{"from": [0, 12.05, 0],"to": [17, 12.05, 17],"faces": {"north": { "uv": [0, 0, 4.25, 0], "texture": "#0" },"east": { "uv": [0, 0, 4.25, 0], "texture": "#0" },"south": { "uv": [0, 0, 4.25, 0], "texture": "#0" },"west": { "uv": [0, 0, 4.25, 0], "texture": "#0" },"up": { "uv": [4.25, 4.25, 0, 0], "texture": "#0" },"down": { "uv": [4.25, 4.25, 0, 8.5], "texture": "#0" }}},{"from": [13.25, 12.05, 7],"to": [13.5, 12.3, 7.25],"rotation": { "angle": 0, "axis": "y", "origin": [13.5, 12, 9] },"faces": {"north": { "uv": [3.5, 8.5, 3.75, 8.75], "texture": "#0" },"east": { "uv": [3.75, 8.5, 4, 8.75], "texture": "#0" },"south": { "uv": [4, 8.5, 4.25, 8.75], "texture": "#0" },"west": { "uv": [8.75, 1.5, 9, 1.75], "texture": "#0" },"up": { "uv": [9, 2, 8.75, 1.75], "texture": "#0" },"down": { "uv": [9, 2, 8.75, 2.25], "texture": "#0" }}},{"from": [13.25, 12.05, 7.25],"to": [13.5, 12.3, 7.5],"rotation": { "angle": 0, "axis": "y", "origin": [13.5, 12, 9] },"faces": {"north": { "uv": [8.75, 2.25, 9, 2.5], "texture": "#0" },"east": { "uv": [2.5, 8.75, 2.75, 9], "texture": "#0" },"south": { "uv": [8.75, 2.5, 9, 2.75], "texture": "#0" },"west": { "uv": [2.75, 8.75, 3, 9], "texture": "#0" },"up": { "uv": [9, 3, 8.75, 2.75], "texture": "#0" },"down": { "uv": [3.25, 8.75, 3, 9], "texture": "#0" }}},{"from": [13.25, 12.05, 7.5],"to": [13.5, 12.3, 7.75],"rotation": { "angle": 0, "axis": "y", "origin": [13.5, 12, 9] },"faces": {"north": { "uv": [8.75, 3, 9, 3.25], "texture": "#0" },"east": { "uv": [3.25, 8.75, 3.5, 9], "texture": "#0" },"south": { "uv": [8.75, 3.25, 9, 3.5], "texture": "#0" },"west": { "uv": [3.5, 8.75, 3.75, 9], "texture": "#0" },"up": { "uv": [9, 3.75, 8.75, 3.5], "texture": "#0" },"down": { "uv": [4, 8.75, 3.75, 9], "texture": "#0" }}},{"from": [13.25, 12.05, 7.75],"to": [13.5, 12.3, 8],"rotation": { "angle": 0, "axis": "y", "origin": [13.5, 12, 9] },"faces": {"north": { "uv": [8.75, 3.75, 9, 4], "texture": "#0" },"east": { "uv": [4, 8.75, 4.25, 9], "texture": "#0" },"south": { "uv": [8.75, 4, 9, 4.25], "texture": "#0" },"west": { "uv": [8.75, 4.25, 9, 4.5], "texture": "#0" },"up": { "uv": [9, 4.75, 8.75, 4.5], "texture": "#0" },"down": { "uv": [9, 4.75, 8.75, 5], "texture": "#0" }}},{"from": [13.25, 12.05, 8],"to": [13.5, 12.3, 8.25],"rotation": { "angle": 0, "axis": "y", "origin": [13.5, 12, 9] },"faces": {"north": { "uv": [8.75, 5, 9, 5.25], "texture": "#0" },"east": { "uv": [8.75, 5.25, 9, 5.5], "texture": "#0" },"south": { "uv": [8.75, 5.5, 9, 5.75], "texture": "#0" },"west": { "uv": [8.75, 5.75, 9, 6], "texture": "#0" },"up": { "uv": [9, 6.25, 8.75, 6], "texture": "#0" },"down": { "uv": [9, 6.25, 8.75, 6.5], "texture": "#0" }}},{"from": [13.25, 12.3, 8],"to": [13.5, 12.55, 8.25],"rotation": { "angle": 0, "axis": "y", "origin": [13.5, 12, 9] },"faces": {"north": { "uv": [6.5, 8.75, 6.75, 9], "texture": "#0" },"east": { "uv": [8.75, 6.5, 9, 6.75], "texture": "#0" },"south": { "uv": [6.75, 8.75, 7, 9], "texture": "#0" },"west": { "uv": [8.75, 6.75, 9, 7], "texture": "#0" },"up": { "uv": [7.25, 9, 7, 8.75], "texture": "#0" },"down": { "uv": [9, 7, 8.75, 7.25], "texture": "#0" }}},{"from": [13.25, 12.3, 7.75],"to": [13.5, 12.55, 8],"rotation": { "angle": 0, "axis": "y", "origin": [13.5, 12, 9] },"faces": {"north": { "uv": [7.25, 8.75, 7.5, 9], "texture": "#0" },"east": { "uv": [8.75, 7.25, 9, 7.5], "texture": "#0" },"south": { "uv": [7.5, 8.75, 7.75, 9], "texture": "#0" },"west": { "uv": [8.75, 7.5, 9, 7.75], "texture": "#0" },"up": { "uv": [8, 9, 7.75, 8.75], "texture": "#0" },"down": { "uv": [9, 7.75, 8.75, 8], "texture": "#0" }}},{"from": [13.25, 12.3, 7.5],"to": [13.5, 12.55, 7.75],"rotation": { "angle": 0, "axis": "y", "origin": [13.5, 12, 9] },"faces": {"north": { "uv": [8, 8.75, 8.25, 9], "texture": "#0" },"east": { "uv": [8.75, 8, 9, 8.25], "texture": "#0" },"south": { "uv": [8.25, 8.75, 8.5, 9], "texture": "#0" },"west": { "uv": [8.75, 8.25, 9, 8.5], "texture": "#0" },"up": { "uv": [8.75, 9, 8.5, 8.75], "texture": "#0" },"down": { "uv": [9, 8.5, 8.75, 8.75], "texture": "#0" }}},{"from": [13.25, 12.3, 7.25],"to": [13.5, 12.55, 7.5],"rotation": { "angle": 0, "axis": "y", "origin": [13.5, 12, 9] },"faces": {"north": { "uv": [8.75, 8.75, 9, 9], "texture": "#0" },"east": { "uv": [0, 9, 0.25, 9.25], "texture": "#0" },"south": { "uv": [0.25, 9, 0.5, 9.25], "texture": "#0" },"west": { "uv": [0.5, 9, 0.75, 9.25], "texture": "#0" },"up": { "uv": [1, 9.25, 0.75, 9], "texture": "#0" },"down": { "uv": [1.25, 9, 1, 9.25], "texture": "#0" }}},{"from": [13.25, 12.3, 7],"to": [13.5, 12.55, 7.25],"rotation": { "angle": 0, "axis": "y", "origin": [13.5, 12, 9] },"faces": {"north": { "uv": [1.25, 9, 1.5, 9.25], "texture": "#0" },"east": { "uv": [1.5, 9, 1.75, 9.25], "texture": "#0" },"south": { "uv": [9, 1.5, 9.25, 1.75], "texture": "#0" },"west": { "uv": [1.75, 9, 2, 9.25], "texture": "#0" },"up": { "uv": [9.25, 2, 9, 1.75], "texture": "#0" },"down": { "uv": [2.25, 9, 2, 9.25], "texture": "#0" }}},{"from": [13.25, 12.8, 8],"to": [13.5, 13.05, 8.25],"rotation": { "angle": 0, "axis": "y", "origin": [13.5, 12, 9] },"faces": {"north": { "uv": [9, 2, 9.25, 2.25], "texture": "#0" },"east": { "uv": [2.25, 9, 2.5, 9.25], "texture": "#0" },"south": { "uv": [9, 2.25, 9.25, 2.5], "texture": "#0" },"west": { "uv": [2.5, 9, 2.75, 9.25], "texture": "#0" },"up": { "uv": [9.25, 2.75, 9, 2.5], "texture": "#0" },"down": { "uv": [3, 9, 2.75, 9.25], "texture": "#0" }}},{"from": [13.25, 12.8, 7.75],"to": [13.5, 13.05, 8],"rotation": { "angle": 0, "axis": "y", "origin": [13.5, 12, 9] },"faces": {"north": { "uv": [9, 2.75, 9.25, 3], "texture": "#0" },"east": { "uv": [3, 9, 3.25, 9.25], "texture": "#0" },"south": { "uv": [9, 3, 9.25, 3.25], "texture": "#0" },"west": { "uv": [3.25, 9, 3.5, 9.25], "texture": "#0" },"up": { "uv": [9.25, 3.5, 9, 3.25], "texture": "#0" },"down": { "uv": [3.75, 9, 3.5, 9.25], "texture": "#0" }}},{"from": [13.25, 12.8, 7.5],"to": [13.5, 13.05, 7.75],"rotation": { "angle": 0, "axis": "y", "origin": [13.5, 12, 9] },"faces": {"north": { "uv": [9, 3.5, 9.25, 3.75], "texture": "#0" },"east": { "uv": [3.75, 9, 4, 9.25], "texture": "#0" },"south": { "uv": [9, 3.75, 9.25, 4], "texture": "#0" },"west": { "uv": [4, 9, 4.25, 9.25], "texture": "#0" },"up": { "uv": [9.25, 4.25, 9, 4], "texture": "#0" },"down": { "uv": [9.25, 4.25, 9, 4.5], "texture": "#0" }}},{"from": [13.25, 12.8, 7.25],"to": [13.5, 13.05, 7.5],"rotation": { "angle": 0, "axis": "y", "origin": [13.5, 12, 9] },"faces": {"north": { "uv": [9, 4.5, 9.25, 4.75], "texture": "#0" },"east": { "uv": [9, 4.75, 9.25, 5], "texture": "#0" },"south": { "uv": [9, 5, 9.25, 5.25], "texture": "#0" },"west": { "uv": [9, 5.25, 9.25, 5.5], "texture": "#0" },"up": { "uv": [9.25, 5.75, 9, 5.5], "texture": "#0" },"down": { "uv": [9.25, 5.75, 9, 6], "texture": "#0" }}},{"from": [13.25, 12.8, 7],"to": [13.5, 13.05, 7.25],"rotation": { "angle": 0, "axis": "y", "origin": [13.5, 12, 9] },"faces": {"north": { "uv": [9, 6, 9.25, 6.25], "texture": "#0" },"east": { "uv": [9, 6.25, 9.25, 6.5], "texture": "#0" },"south": { "uv": [6.5, 9, 6.75, 9.25], "texture": "#0" },"west": { "uv": [9, 6.5, 9.25, 6.75], "texture": "#0" },"up": { "uv": [7, 9.25, 6.75, 9], "texture": "#0" },"down": { "uv": [9.25, 6.75, 9, 7], "texture": "#0" }}},{"from": [13.25, 12.55, 7],"to": [13.5, 12.8, 7.25],"rotation": { "angle": 0, "axis": "y", "origin": [13.5, 12, 9] },"faces": {"north": { "uv": [7, 9, 7.25, 9.25], "texture": "#0" },"east": { "uv": [9, 7, 9.25, 7.25], "texture": "#0" },"south": { "uv": [7.25, 9, 7.5, 9.25], "texture": "#0" },"west": { "uv": [9, 7.25, 9.25, 7.5], "texture": "#0" },"up": { "uv": [7.75, 9.25, 7.5, 9], "texture": "#0" },"down": { "uv": [9.25, 7.5, 9, 7.75], "texture": "#0" }}},{"from": [13.25, 12.55, 7.25],"to": [13.5, 12.8, 7.5],"rotation": { "angle": 0, "axis": "y", "origin": [13.5, 12, 9] },"faces": {"north": { "uv": [7.75, 9, 8, 9.25], "texture": "#0" },"east": { "uv": [9, 7.75, 9.25, 8], "texture": "#0" },"south": { "uv": [8, 9, 8.25, 9.25], "texture": "#0" },"west": { "uv": [9, 8, 9.25, 8.25], "texture": "#0" },"up": { "uv": [8.5, 9.25, 8.25, 9], "texture": "#0" },"down": { "uv": [9.25, 8.25, 9, 8.5], "texture": "#0" }}},{"from": [13.25, 12.55, 7.5],"to": [13.5, 12.8, 7.75],"rotation": { "angle": 0, "axis": "y", "origin": [13.5, 12, 9] },"faces": {"north": { "uv": [8.5, 9, 8.75, 9.25], "texture": "#0" },"east": { "uv": [9, 8.5, 9.25, 8.75], "texture": "#0" },"south": { "uv": [8.75, 9, 9, 9.25], "texture": "#0" },"west": { "uv": [9, 8.75, 9.25, 9], "texture": "#0" },"up": { "uv": [9.25, 9.25, 9, 9], "texture": "#0" },"down": { "uv": [0.25, 9.25, 0, 9.5], "texture": "#0" }}},{"from": [13.25, 12.55, 7.75],"to": [13.5, 12.8, 8],"rotation": { "angle": 0, "axis": "y", "origin": [13.5, 12, 9] },"faces": {"north": { "uv": [0.25, 9.25, 0.5, 9.5], "texture": "#0" },"east": { "uv": [0.5, 9.25, 0.75, 9.5], "texture": "#0" },"south": { "uv": [0.75, 9.25, 1, 9.5], "texture": "#0" },"west": { "uv": [1, 9.25, 1.25, 9.5], "texture": "#0" },"up": { "uv": [1.5, 9.5, 1.25, 9.25], "texture": "#0" },"down": { "uv": [1.75, 9.25, 1.5, 9.5], "texture": "#0" }}},{"from": [13.25, 12.55, 8],"to": [13.5, 12.8, 8.25],"rotation": { "angle": 0, "axis": "y", "origin": [13.5, 12, 9] },"faces": {"north": { "uv": [9.25, 1.5, 9.5, 1.75], "texture": "#0" },"east": { "uv": [1.75, 9.25, 2, 9.5], "texture": "#0" },"south": { "uv": [9.25, 1.75, 9.5, 2], "texture": "#0" },"west": { "uv": [2, 9.25, 2.25, 9.5], "texture": "#0" },"up": { "uv": [9.5, 2.25, 9.25, 2], "texture": "#0" },"down": { "uv": [2.5, 9.25, 2.25, 9.5], "texture": "#0" }}},{"from": [13.25, 13.05, 7],"to": [13.5, 13.3, 7.25],"rotation": { "angle": 0, "axis": "y", "origin": [13.5, 12, 9] },"faces": {"north": { "uv": [9.25, 2.25, 9.5, 2.5], "texture": "#0" },"east": { "uv": [2.5, 9.25, 2.75, 9.5], "texture": "#0" },"south": { "uv": [9.25, 2.5, 9.5, 2.75], "texture": "#0" },"west": { "uv": [2.75, 9.25, 3, 9.5], "texture": "#0" },"up": { "uv": [9.5, 3, 9.25, 2.75], "texture": "#0" },"down": { "uv": [3.25, 9.25, 3, 9.5], "texture": "#0" }}},{"from": [13.25, 13.05, 7.25],"to": [13.5, 13.3, 7.5],"rotation": { "angle": 0, "axis": "y", "origin": [13.5, 12, 9] },"faces": {"north": { "uv": [9.25, 3, 9.5, 3.25], "texture": "#0" },"east": { "uv": [3.25, 9.25, 3.5, 9.5], "texture": "#0" },"south": { "uv": [9.25, 3.25, 9.5, 3.5], "texture": "#0" },"west": { "uv": [3.5, 9.25, 3.75, 9.5], "texture": "#0" },"up": { "uv": [9.5, 3.75, 9.25, 3.5], "texture": "#0" },"down": { "uv": [4, 9.25, 3.75, 9.5], "texture": "#0" }}},{"from": [13.25, 13.05, 7.5],"to": [13.5, 13.3, 7.75],"rotation": { "angle": 0, "axis": "y", "origin": [13.5, 12, 9] },"faces": {"north": { "uv": [9.25, 3.75, 9.5, 4], "texture": "#0" },"east": { "uv": [4, 9.25, 4.25, 9.5], "texture": "#0" },"south": { "uv": [9.25, 4, 9.5, 4.25], "texture": "#0" },"west": { "uv": [9.25, 4.25, 9.5, 4.5], "texture": "#0" },"up": { "uv": [9.5, 4.75, 9.25, 4.5], "texture": "#0" },"down": { "uv": [9.5, 4.75, 9.25, 5], "texture": "#0" }}},{"from": [13.25, 13.05, 7.75],"to": [13.5, 13.3, 8],"rotation": { "angle": 0, "axis": "y", "origin": [13.5, 12, 9] },"faces": {"north": { "uv": [9.25, 5, 9.5, 5.25], "texture": "#0" },"east": { "uv": [9.25, 5.25, 9.5, 5.5], "texture": "#0" },"south": { "uv": [9.25, 5.5, 9.5, 5.75], "texture": "#0" },"west": { "uv": [9.25, 5.75, 9.5, 6], "texture": "#0" },"up": { "uv": [9.5, 6.25, 9.25, 6], "texture": "#0" },"down": { "uv": [9.5, 6.25, 9.25, 6.5], "texture": "#0" }}},{"from": [13.25, 13.05, 8],"to": [13.5, 13.3, 8.25],"rotation": { "angle": 0, "axis": "y", "origin": [13.5, 12, 9] },"faces": {"north": { "uv": [6.5, 9.25, 6.75, 9.5], "texture": "#0" },"east": { "uv": [9.25, 6.5, 9.5, 6.75], "texture": "#0" },"south": { "uv": [6.75, 9.25, 7, 9.5], "texture": "#0" },"west": { "uv": [9.25, 6.75, 9.5, 7], "texture": "#0" },"up": { "uv": [7.25, 9.5, 7, 9.25], "texture": "#0" },"down": { "uv": [9.5, 7, 9.25, 7.25], "texture": "#0" }}},{"from": [13.25, 13.3, 8],"to": [13.5, 13.55, 8.25],"rotation": { "angle": 0, "axis": "y", "origin": [13.5, 12, 9] },"faces": {"north": { "uv": [7.25, 9.25, 7.5, 9.5], "texture": "#0" },"east": { "uv": [9.25, 7.25, 9.5, 7.5], "texture": "#0" },"south": { "uv": [7.5, 9.25, 7.75, 9.5], "texture": "#0" },"west": { "uv": [9.25, 7.5, 9.5, 7.75], "texture": "#0" },"up": { "uv": [8, 9.5, 7.75, 9.25], "texture": "#0" },"down": { "uv": [9.5, 7.75, 9.25, 8], "texture": "#0" }}},{"from": [13.25, 13.3, 7.75],"to": [13.5, 13.55, 8],"rotation": { "angle": 0, "axis": "y", "origin": [13.5, 12, 9] },"faces": {"north": { "uv": [8, 9.25, 8.25, 9.5], "texture": "#0" },"east": { "uv": [9.25, 8, 9.5, 8.25], "texture": "#0" },"south": { "uv": [8.25, 9.25, 8.5, 9.5], "texture": "#0" },"west": { "uv": [9.25, 8.25, 9.5, 8.5], "texture": "#0" },"up": { "uv": [8.75, 9.5, 8.5, 9.25], "texture": "#0" },"down": { "uv": [9.5, 8.5, 9.25, 8.75], "texture": "#0" }}},{"from": [13.25, 13.3, 7.5],"to": [13.5, 13.55, 7.75],"rotation": { "angle": 0, "axis": "y", "origin": [13.5, 12, 9] },"faces": {"north": { "uv": [8.75, 9.25, 9, 9.5], "texture": "#0" },"east": { "uv": [9.25, 8.75, 9.5, 9], "texture": "#0" },"south": { "uv": [9, 9.25, 9.25, 9.5], "texture": "#0" },"west": { "uv": [9.25, 9, 9.5, 9.25], "texture": "#0" },"up": { "uv": [9.5, 9.5, 9.25, 9.25], "texture": "#0" },"down": { "uv": [0.25, 9.5, 0, 9.75], "texture": "#0" }}},{"from": [13.25, 13.3, 7.25],"to": [13.5, 13.55, 7.5],"rotation": { "angle": 0, "axis": "y", "origin": [13.5, 12, 9] },"faces": {"north": { "uv": [0.25, 9.5, 0.5, 9.75], "texture": "#0" },"east": { "uv": [0.5, 9.5, 0.75, 9.75], "texture": "#0" },"south": { "uv": [0.75, 9.5, 1, 9.75], "texture": "#0" },"west": { "uv": [1, 9.5, 1.25, 9.75], "texture": "#0" },"up": { "uv": [1.5, 9.75, 1.25, 9.5], "texture": "#0" },"down": { "uv": [1.75, 9.5, 1.5, 9.75], "texture": "#0" }}},{"from": [13.25, 13.3, 7],"to": [13.5, 13.55, 7.25],"rotation": { "angle": 0, "axis": "y", "origin": [13.5, 12, 9] },"faces": {"north": { "uv": [9.5, 1.5, 9.75, 1.75], "texture": "#0" },"east": { "uv": [1.75, 9.5, 2, 9.75], "texture": "#0" },"south": { "uv": [9.5, 1.75, 9.75, 2], "texture": "#0" },"west": { "uv": [2, 9.5, 2.25, 9.75], "texture": "#0" },"up": { "uv": [9.75, 2.25, 9.5, 2], "texture": "#0" },"down": { "uv": [2.5, 9.5, 2.25, 9.75], "texture": "#0" }}},{"from": [13.25, 13.55, 7],"to": [13.5, 13.8, 7.25],"rotation": { "angle": 0, "axis": "y", "origin": [13.5, 12, 9] },"faces": {"north": { "uv": [9.5, 2.25, 9.75, 2.5], "texture": "#0" },"east": { "uv": [2.5, 9.5, 2.75, 9.75], "texture": "#0" },"south": { "uv": [9.5, 2.5, 9.75, 2.75], "texture": "#0" },"west": { "uv": [2.75, 9.5, 3, 9.75], "texture": "#0" },"up": { "uv": [9.75, 3, 9.5, 2.75], "texture": "#0" },"down": { "uv": [3.25, 9.5, 3, 9.75], "texture": "#0" }}},{"from": [13.25, 13.55, 7.25],"to": [13.5, 13.8, 7.5],"rotation": { "angle": 0, "axis": "y", "origin": [13.5, 12, 9] },"faces": {"north": { "uv": [9.5, 3, 9.75, 3.25], "texture": "#0" },"east": { "uv": [3.25, 9.5, 3.5, 9.75], "texture": "#0" },"south": { "uv": [9.5, 3.25, 9.75, 3.5], "texture": "#0" },"west": { "uv": [3.5, 9.5, 3.75, 9.75], "texture": "#0" },"up": { "uv": [9.75, 3.75, 9.5, 3.5], "texture": "#0" },"down": { "uv": [4, 9.5, 3.75, 9.75], "texture": "#0" }}},{"from": [13.25, 13.55, 7.5],"to": [13.5, 13.8, 7.75],"rotation": { "angle": 0, "axis": "y", "origin": [13.5, 12, 9] },"faces": {"north": { "uv": [9.5, 3.75, 9.75, 4], "texture": "#0" },"east": { "uv": [4, 9.5, 4.25, 9.75], "texture": "#0" },"south": { "uv": [9.5, 4, 9.75, 4.25], "texture": "#0" },"west": { "uv": [9.5, 4.25, 9.75, 4.5], "texture": "#0" },"up": { "uv": [9.75, 4.75, 9.5, 4.5], "texture": "#0" },"down": { "uv": [9.75, 4.75, 9.5, 5], "texture": "#0" }}},{"from": [13.25, 13.55, 7.75],"to": [13.5, 13.8, 8],"rotation": { "angle": 0, "axis": "y", "origin": [13.5, 12, 9] },"faces": {"north": { "uv": [9.5, 5, 9.75, 5.25], "texture": "#0" },"east": { "uv": [9.5, 5.25, 9.75, 5.5], "texture": "#0" },"south": { "uv": [9.5, 5.5, 9.75, 5.75], "texture": "#0" },"west": { "uv": [9.5, 5.75, 9.75, 6], "texture": "#0" },"up": { "uv": [9.75, 6.25, 9.5, 6], "texture": "#0" },"down": { "uv": [9.75, 6.25, 9.5, 6.5], "texture": "#0" }}},{"from": [13.25, 13.8, 7.25],"to": [13.5, 14.05, 7.5],"rotation": { "angle": 0, "axis": "y", "origin": [13.5, 12, 9] },"faces": {"north": { "uv": [6.5, 9.5, 6.75, 9.75], "texture": "#0" },"east": { "uv": [9.5, 6.5, 9.75, 6.75], "texture": "#0" },"south": { "uv": [6.75, 9.5, 7, 9.75], "texture": "#0" },"west": { "uv": [9.5, 6.75, 9.75, 7], "texture": "#0" },"up": { "uv": [7.25, 9.75, 7, 9.5], "texture": "#0" },"down": { "uv": [9.75, 7, 9.5, 7.25], "texture": "#0" }}},{"from": [13.25, 13.8, 7.5],"to": [13.5, 14.05, 7.75],"rotation": { "angle": 0, "axis": "y", "origin": [13.5, 12, 9] },"faces": {"north": { "uv": [7.25, 9.5, 7.5, 9.75], "texture": "#0" },"east": { "uv": [9.5, 7.25, 9.75, 7.5], "texture": "#0" },"south": { "uv": [7.5, 9.5, 7.75, 9.75], "texture": "#0" },"west": { "uv": [9.5, 7.5, 9.75, 7.75], "texture": "#0" },"up": { "uv": [8, 9.75, 7.75, 9.5], "texture": "#0" },"down": { "uv": [9.75, 7.75, 9.5, 8], "texture": "#0" }}},{"from": [13.25, 13.8, 7.75],"to": [13.5, 14.05, 8],"rotation": { "angle": 0, "axis": "y", "origin": [13.5, 12, 9] },"faces": {"north": { "uv": [8, 9.5, 8.25, 9.75], "texture": "#0" },"east": { "uv": [9.5, 8, 9.75, 8.25], "texture": "#0" },"south": { "uv": [8.25, 9.5, 8.5, 9.75], "texture": "#0" },"west": { "uv": [9.5, 8.25, 9.75, 8.5], "texture": "#0" },"up": { "uv": [8.75, 9.75, 8.5, 9.5], "texture": "#0" },"down": { "uv": [9.75, 8.5, 9.5, 8.75], "texture": "#0" }}},{"from": [13.25, 13.55, 8],"to": [13.5, 13.8, 8.25],"rotation": { "angle": 0, "axis": "y", "origin": [13.5, 12, 9] },"faces": {"north": { "uv": [8.75, 9.5, 9, 9.75], "texture": "#0" },"east": { "uv": [9.5, 8.75, 9.75, 9], "texture": "#0" },"south": { "uv": [9, 9.5, 9.25, 9.75], "texture": "#0" },"west": { "uv": [9.5, 9, 9.75, 9.25], "texture": "#0" },"up": { "uv": [9.5, 9.75, 9.25, 9.5], "texture": "#0" },"down": { "uv": [9.75, 9.25, 9.5, 9.5], "texture": "#0" }}},{"from": [13.25, 12.3, 8.25],"to": [13.5, 12.55, 8.5],"rotation": { "angle": 0, "axis": "y", "origin": [13.5, 12, 9] },"faces": {"north": { "uv": [9.5, 9.5, 9.75, 9.75], "texture": "#0" },"east": { "uv": [0, 9.75, 0.25, 10], "texture": "#0" },"south": { "uv": [0.25, 9.75, 0.5, 10], "texture": "#0" },"west": { "uv": [0.5, 9.75, 0.75, 10], "texture": "#0" },"up": { "uv": [1, 10, 0.75, 9.75], "texture": "#0" },"down": { "uv": [1.25, 9.75, 1, 10], "texture": "#0" }}},{"from": [13.25, 12.55, 8.5],"to": [13.5, 12.8, 8.75],"rotation": { "angle": 0, "axis": "y", "origin": [13.5, 12, 9] },"faces": {"north": { "uv": [1.25, 9.75, 1.5, 10], "texture": "#0" },"east": { "uv": [1.5, 9.75, 1.75, 10], "texture": "#0" },"south": { "uv": [9.75, 1.5, 10, 1.75], "texture": "#0" },"west": { "uv": [1.75, 9.75, 2, 10], "texture": "#0" },"up": { "uv": [10, 2, 9.75, 1.75], "texture": "#0" },"down": { "uv": [2.25, 9.75, 2, 10], "texture": "#0" }}},{"from": [13.25, 12.8, 8.5],"to": [13.5, 13.05, 8.75],"rotation": { "angle": 0, "axis": "y", "origin": [13.5, 12, 9] },"faces": {"north": { "uv": [9.75, 2, 10, 2.25], "texture": "#0" },"east": { "uv": [2.25, 9.75, 2.5, 10], "texture": "#0" },"south": { "uv": [9.75, 2.25, 10, 2.5], "texture": "#0" },"west": { "uv": [2.5, 9.75, 2.75, 10], "texture": "#0" },"up": { "uv": [10, 2.75, 9.75, 2.5], "texture": "#0" },"down": { "uv": [3, 9.75, 2.75, 10], "texture": "#0" }}},{"from": [13.25, 13.3, 8.5],"to": [13.5, 13.55, 8.75],"rotation": { "angle": 0, "axis": "y", "origin": [13.5, 12, 9] },"faces": {"north": { "uv": [9.75, 2.75, 10, 3], "texture": "#0" },"east": { "uv": [3, 9.75, 3.25, 10], "texture": "#0" },"south": { "uv": [9.75, 3, 10, 3.25], "texture": "#0" },"west": { "uv": [3.25, 9.75, 3.5, 10], "texture": "#0" },"up": { "uv": [10, 3.5, 9.75, 3.25], "texture": "#0" },"down": { "uv": [3.75, 9.75, 3.5, 10], "texture": "#0" }}},{"from": [13.25, 13.05, 8.5],"to": [13.5, 13.3, 8.75],"rotation": { "angle": 0, "axis": "y", "origin": [13.5, 12, 9] },"faces": {"north": { "uv": [9.75, 3.5, 10, 3.75], "texture": "#0" },"east": { "uv": [3.75, 9.75, 4, 10], "texture": "#0" },"south": { "uv": [9.75, 3.75, 10, 4], "texture": "#0" },"west": { "uv": [4, 9.75, 4.25, 10], "texture": "#0" },"up": { "uv": [10, 4.25, 9.75, 4], "texture": "#0" },"down": { "uv": [4.5, 9.75, 4.25, 10], "texture": "#0" }}},{"from": [13.25, 13.3, 8.25],"to": [13.5, 13.55, 8.5],"rotation": { "angle": 0, "axis": "y", "origin": [13.5, 12, 9] },"faces": {"north": { "uv": [9.75, 4.25, 10, 4.5], "texture": "#0" },"east": { "uv": [4.5, 9.75, 4.75, 10], "texture": "#0" },"south": { "uv": [9.75, 4.5, 10, 4.75], "texture": "#0" },"west": { "uv": [4.75, 9.75, 5, 10], "texture": "#0" },"up": { "uv": [10, 5, 9.75, 4.75], "texture": "#0" },"down": { "uv": [5.25, 9.75, 5, 10], "texture": "#0" }}},{"from": [13.25, 13.05, 8.25],"to": [13.5, 13.3, 8.5],"rotation": { "angle": 0, "axis": "y", "origin": [13.5, 12, 9] },"faces": {"north": { "uv": [9.75, 5, 10, 5.25], "texture": "#0" },"east": { "uv": [5.25, 9.75, 5.5, 10], "texture": "#0" },"south": { "uv": [9.75, 5.25, 10, 5.5], "texture": "#0" },"west": { "uv": [5.5, 9.75, 5.75, 10], "texture": "#0" },"up": { "uv": [10, 5.75, 9.75, 5.5], "texture": "#0" },"down": { "uv": [6, 9.75, 5.75, 10], "texture": "#0" }}},{"from": [13.25, 12.8, 8.25],"to": [13.5, 13.05, 8.5],"rotation": { "angle": 0, "axis": "y", "origin": [13.5, 12, 9] },"faces": {"north": { "uv": [9.75, 5.75, 10, 6], "texture": "#0" },"east": { "uv": [6, 9.75, 6.25, 10], "texture": "#0" },"south": { "uv": [9.75, 6, 10, 6.25], "texture": "#0" },"west": { "uv": [6.25, 9.75, 6.5, 10], "texture": "#0" },"up": { "uv": [10, 6.5, 9.75, 6.25], "texture": "#0" },"down": { "uv": [6.75, 9.75, 6.5, 10], "texture": "#0" }}},{"from": [13.25, 12.55, 8.25],"to": [13.5, 12.8, 8.5],"rotation": { "angle": 0, "axis": "y", "origin": [13.5, 12, 9] },"faces": {"north": { "uv": [9.75, 6.5, 10, 6.75], "texture": "#0" },"east": { "uv": [6.75, 9.75, 7, 10], "texture": "#0" },"south": { "uv": [9.75, 6.75, 10, 7], "texture": "#0" },"west": { "uv": [7, 9.75, 7.25, 10], "texture": "#0" },"up": { "uv": [10, 7.25, 9.75, 7], "texture": "#0" },"down": { "uv": [7.5, 9.75, 7.25, 10], "texture": "#0" }}},{"from": [13.25, 13.3, 6.75],"to": [13.5, 13.55, 7],"rotation": { "angle": 0, "axis": "y", "origin": [13.5, 12, 9] },"faces": {"north": { "uv": [9.75, 7.25, 10, 7.5], "texture": "#0" },"east": { "uv": [7.5, 9.75, 7.75, 10], "texture": "#0" },"south": { "uv": [9.75, 7.5, 10, 7.75], "texture": "#0" },"west": { "uv": [7.75, 9.75, 8, 10], "texture": "#0" },"up": { "uv": [10, 8, 9.75, 7.75], "texture": "#0" },"down": { "uv": [8.25, 9.75, 8, 10], "texture": "#0" }}},{"from": [13.25, 13.05, 6.75],"to": [13.5, 13.3, 7],"rotation": { "angle": 0, "axis": "y", "origin": [13.5, 12, 9] },"faces": {"north": { "uv": [9.75, 8, 10, 8.25], "texture": "#0" },"east": { "uv": [8.25, 9.75, 8.5, 10], "texture": "#0" },"south": { "uv": [9.75, 8.25, 10, 8.5], "texture": "#0" },"west": { "uv": [8.5, 9.75, 8.75, 10], "texture": "#0" },"up": { "uv": [10, 8.75, 9.75, 8.5], "texture": "#0" },"down": { "uv": [9, 9.75, 8.75, 10], "texture": "#0" }}},{"from": [13.25, 12.8, 6.75],"to": [13.5, 13.05, 7],"rotation": { "angle": 0, "axis": "y", "origin": [13.5, 12, 9] },"faces": {"north": { "uv": [9.75, 8.75, 10, 9], "texture": "#0" },"east": { "uv": [9, 9.75, 9.25, 10], "texture": "#0" },"south": { "uv": [9.75, 9, 10, 9.25], "texture": "#0" },"west": { "uv": [9.25, 9.75, 9.5, 10], "texture": "#0" },"up": { "uv": [10, 9.5, 9.75, 9.25], "texture": "#0" },"down": { "uv": [9.75, 9.75, 9.5, 10], "texture": "#0" }}},{"from": [13.25, 12.55, 6.75],"to": [13.5, 12.8, 7],"rotation": { "angle": 0, "axis": "y", "origin": [13.5, 12, 9] },"faces": {"north": { "uv": [9.75, 9.5, 10, 9.75], "texture": "#0" },"east": { "uv": [9.75, 9.75, 10, 10], "texture": "#0" },"south": { "uv": [0, 10, 0.25, 10.25], "texture": "#0" },"west": { "uv": [0.25, 10, 0.5, 10.25], "texture": "#0" },"up": { "uv": [0.75, 10.25, 0.5, 10], "texture": "#0" },"down": { "uv": [1, 10, 0.75, 10.25], "texture": "#0" }}},{"from": [13.25, 13.55, 8.25],"to": [13.5, 13.8, 8.5],"rotation": { "angle": 0, "axis": "y", "origin": [13.5, 12, 9] },"faces": {"north": { "uv": [1, 10, 1.25, 10.25], "texture": "#0" },"east": { "uv": [1.25, 10, 1.5, 10.25], "texture": "#0" },"south": { "uv": [1.5, 10, 1.75, 10.25], "texture": "#0" },"west": { "uv": [10, 1.5, 10.25, 1.75], "texture": "#0" },"up": { "uv": [2, 10.25, 1.75, 10], "texture": "#0" },"down": { "uv": [10.25, 1.75, 10, 2], "texture": "#0" }}},{"from": [13.25, 13.8, 8],"to": [13.5, 14.05, 8.25],"rotation": { "angle": 0, "axis": "y", "origin": [13.5, 12, 9] },"faces": {"north": { "uv": [2, 10, 2.25, 10.25], "texture": "#0" },"east": { "uv": [10, 2, 10.25, 2.25], "texture": "#0" },"south": { "uv": [2.25, 10, 2.5, 10.25], "texture": "#0" },"west": { "uv": [10, 2.25, 10.25, 2.5], "texture": "#0" },"up": { "uv": [2.75, 10.25, 2.5, 10], "texture": "#0" },"down": { "uv": [10.25, 2.5, 10, 2.75], "texture": "#0" }}},{"from": [13.25, 14.05, 7.75],"to": [13.5, 14.3, 8],"rotation": { "angle": 0, "axis": "y", "origin": [13.5, 12, 9] },"faces": {"north": { "uv": [2.75, 10, 3, 10.25], "texture": "#0" },"east": { "uv": [10, 2.75, 10.25, 3], "texture": "#0" },"south": { "uv": [3, 10, 3.25, 10.25], "texture": "#0" },"west": { "uv": [10, 3, 10.25, 3.25], "texture": "#0" },"up": { "uv": [3.5, 10.25, 3.25, 10], "texture": "#0" },"down": { "uv": [10.25, 3.25, 10, 3.5], "texture": "#0" }}},{"from": [13.25, 14.05, 7.5],"to": [13.5, 14.3, 7.75],"rotation": { "angle": 0, "axis": "y", "origin": [13.5, 12, 9] },"faces": {"north": { "uv": [3.5, 10, 3.75, 10.25], "texture": "#0" },"east": { "uv": [10, 3.5, 10.25, 3.75], "texture": "#0" },"south": { "uv": [3.75, 10, 4, 10.25], "texture": "#0" },"west": { "uv": [10, 3.75, 10.25, 4], "texture": "#0" },"up": { "uv": [4.25, 10.25, 4, 10], "texture": "#0" },"down": { "uv": [10.25, 4, 10, 4.25], "texture": "#0" }}},{"from": [13.25, 14.3, 7.75],"to": [13.5, 14.55, 8],"rotation": { "angle": 0, "axis": "y", "origin": [13.5, 12, 9] },"faces": {"north": { "uv": [4.25, 10, 4.5, 10.25], "texture": "#0" },"east": { "uv": [10, 4.25, 10.25, 4.5], "texture": "#0" },"south": { "uv": [4.5, 10, 4.75, 10.25], "texture": "#0" },"west": { "uv": [10, 4.5, 10.25, 4.75], "texture": "#0" },"up": { "uv": [5, 10.25, 4.75, 10], "texture": "#0" },"down": { "uv": [10.25, 4.75, 10, 5], "texture": "#0" }}},{"from": [13.25, 14.55, 8],"to": [13.5, 14.8, 8.25],"rotation": { "angle": 0, "axis": "y", "origin": [13.5, 12, 9] },"faces": {"north": { "uv": [5, 10, 5.25, 10.25], "texture": "#0" },"east": { "uv": [10, 5, 10.25, 5.25], "texture": "#0" },"south": { "uv": [5.25, 10, 5.5, 10.25], "texture": "#0" },"west": { "uv": [10, 5.25, 10.25, 5.5], "texture": "#0" },"up": { "uv": [5.75, 10.25, 5.5, 10], "texture": "#0" },"down": { "uv": [10.25, 5.5, 10, 5.75], "texture": "#0" }}},{"from": [13.25, 14.8, 8],"to": [13.5, 15.05, 8.25],"rotation": { "angle": 0, "axis": "y", "origin": [13.5, 12, 9] },"faces": {"north": { "uv": [5.75, 10, 6, 10.25], "texture": "#0" },"east": { "uv": [10, 5.75, 10.25, 6], "texture": "#0" },"south": { "uv": [6, 10, 6.25, 10.25], "texture": "#0" },"west": { "uv": [10, 6, 10.25, 6.25], "texture": "#0" },"up": { "uv": [6.5, 10.25, 6.25, 10], "texture": "#0" },"down": { "uv": [10.25, 6.25, 10, 6.5], "texture": "#0" }}},{"from": [13.25, 14.8, 7.75],"to": [13.5, 15.05, 8],"rotation": { "angle": 0, "axis": "y", "origin": [13.5, 12, 9] },"faces": {"north": { "uv": [6.5, 10, 6.75, 10.25], "texture": "#0" },"east": { "uv": [10, 6.5, 10.25, 6.75], "texture": "#0" },"south": { "uv": [6.75, 10, 7, 10.25], "texture": "#0" },"west": { "uv": [10, 6.75, 10.25, 7], "texture": "#0" },"up": { "uv": [7.25, 10.25, 7, 10], "texture": "#0" },"down": { "uv": [10.25, 7, 10, 7.25], "texture": "#0" }}},{"from": [13.25, 14.55, 7.75],"to": [13.5, 14.8, 8],"rotation": { "angle": 0, "axis": "y", "origin": [13.5, 12, 9] },"faces": {"north": { "uv": [7.25, 10, 7.5, 10.25], "texture": "#0" },"east": { "uv": [10, 7.25, 10.25, 7.5], "texture": "#0" },"south": { "uv": [7.5, 10, 7.75, 10.25], "texture": "#0" },"west": { "uv": [10, 7.5, 10.25, 7.75], "texture": "#0" },"up": { "uv": [8, 10.25, 7.75, 10], "texture": "#0" },"down": { "uv": [10.25, 7.75, 10, 8], "texture": "#0" }}},{"from": [13.25, 14.8, 7.5],"to": [13.5, 15.05, 7.75],"rotation": { "angle": 0, "axis": "y", "origin": [13.5, 12, 9] },"faces": {"north": { "uv": [8, 10, 8.25, 10.25], "texture": "#0" },"east": { "uv": [10, 8, 10.25, 8.25], "texture": "#0" },"south": { "uv": [8.25, 10, 8.5, 10.25], "texture": "#0" },"west": { "uv": [10, 8.25, 10.25, 8.5], "texture": "#0" },"up": { "uv": [8.75, 10.25, 8.5, 10], "texture": "#0" },"down": { "uv": [10.25, 8.5, 10, 8.75], "texture": "#0" }}},{"from": [13.25, 14.55, 7.5],"to": [13.5, 14.8, 7.75],"rotation": { "angle": 0, "axis": "y", "origin": [13.5, 12, 9] },"faces": {"north": { "uv": [8.75, 10, 9, 10.25], "texture": "#0" },"east": { "uv": [10, 8.75, 10.25, 9], "texture": "#0" },"south": { "uv": [9, 10, 9.25, 10.25], "texture": "#0" },"west": { "uv": [10, 9, 10.25, 9.25], "texture": "#0" },"up": { "uv": [9.5, 10.25, 9.25, 10], "texture": "#0" },"down": { "uv": [10.25, 9.25, 10, 9.5], "texture": "#0" }}},{"from": [13.25, 14.8, 7.25],"to": [13.5, 15.05, 7.5],"rotation": { "angle": 0, "axis": "y", "origin": [13.5, 12, 9] },"faces": {"north": { "uv": [9.5, 10, 9.75, 10.25], "texture": "#0" },"east": { "uv": [10, 9.5, 10.25, 9.75], "texture": "#0" },"south": { "uv": [9.75, 10, 10, 10.25], "texture": "#0" },"west": { "uv": [10, 9.75, 10.25, 10], "texture": "#0" },"up": { "uv": [10.25, 10.25, 10, 10], "texture": "#0" },"down": { "uv": [0.25, 10.25, 0, 10.5], "texture": "#0" }}},{"from": [13.25, 14.55, 7.25],"to": [13.5, 14.8, 7.5],"rotation": { "angle": 0, "axis": "y", "origin": [13.5, 12, 9] },"faces": {"north": { "uv": [0.25, 10.25, 0.5, 10.5], "texture": "#0" },"east": { "uv": [0.5, 10.25, 0.75, 10.5], "texture": "#0" },"south": { "uv": [0.75, 10.25, 1, 10.5], "texture": "#0" },"west": { "uv": [1, 10.25, 1.25, 10.5], "texture": "#0" },"up": { "uv": [1.5, 10.5, 1.25, 10.25], "texture": "#0" },"down": { "uv": [1.75, 10.25, 1.5, 10.5], "texture": "#0" }}},{"from": [13.25, 14.8, 7],"to": [13.5, 15.05, 7.25],"rotation": { "angle": 0, "axis": "y", "origin": [13.5, 12, 9] },"faces": {"north": { "uv": [10.25, 1.5, 10.5, 1.75], "texture": "#0" },"east": { "uv": [1.75, 10.25, 2, 10.5], "texture": "#0" },"south": { "uv": [10.25, 1.75, 10.5, 2], "texture": "#0" },"west": { "uv": [2, 10.25, 2.25, 10.5], "texture": "#0" },"up": { "uv": [10.5, 2.25, 10.25, 2], "texture": "#0" },"down": { "uv": [2.5, 10.25, 2.25, 10.5], "texture": "#0" }}},{"from": [13.25, 14.55, 7],"to": [13.5, 14.8, 7.25],"rotation": { "angle": 0, "axis": "y", "origin": [13.5, 12, 9] },"faces": {"north": { "uv": [10.25, 2.25, 10.5, 2.5], "texture": "#0" },"east": { "uv": [2.5, 10.25, 2.75, 10.5], "texture": "#0" },"south": { "uv": [10.25, 2.5, 10.5, 2.75], "texture": "#0" },"west": { "uv": [2.75, 10.25, 3, 10.5], "texture": "#0" },"up": { "uv": [10.5, 3, 10.25, 2.75], "texture": "#0" },"down": { "uv": [3.25, 10.25, 3, 10.5], "texture": "#0" }}},{"from": [13.25, 15.05, 7.75],"to": [13.5, 15.3, 8],"rotation": { "angle": 0, "axis": "y", "origin": [13.5, 12, 9] },"faces": {"north": { "uv": [10.25, 3, 10.5, 3.25], "texture": "#0" },"east": { "uv": [3.25, 10.25, 3.5, 10.5], "texture": "#0" },"south": { "uv": [10.25, 3.25, 10.5, 3.5], "texture": "#0" },"west": { "uv": [3.5, 10.25, 3.75, 10.5], "texture": "#0" },"up": { "uv": [10.5, 3.75, 10.25, 3.5], "texture": "#0" },"down": { "uv": [4, 10.25, 3.75, 10.5], "texture": "#0" }}},{"from": [13.25, 15.05, 7.5],"to": [13.5, 15.3, 7.75],"rotation": { "angle": 0, "axis": "y", "origin": [13.5, 12, 9] },"faces": {"north": { "uv": [10.25, 3.75, 10.5, 4], "texture": "#0" },"east": { "uv": [4, 10.25, 4.25, 10.5], "texture": "#0" },"south": { "uv": [10.25, 4, 10.5, 4.25], "texture": "#0" },"west": { "uv": [4.25, 10.25, 4.5, 10.5], "texture": "#0" },"up": { "uv": [10.5, 4.5, 10.25, 4.25], "texture": "#0" },"down": { "uv": [4.75, 10.25, 4.5, 10.5], "texture": "#0" }}},{"from": [13.25, 15.05, 7.25],"to": [13.5, 15.3, 7.5],"rotation": { "angle": 0, "axis": "y", "origin": [13.5, 12, 9] },"faces": {"north": { "uv": [10.25, 4.5, 10.5, 4.75], "texture": "#0" },"east": { "uv": [4.75, 10.25, 5, 10.5], "texture": "#0" },"south": { "uv": [10.25, 4.75, 10.5, 5], "texture": "#0" },"west": { "uv": [5, 10.25, 5.25, 10.5], "texture": "#0" },"up": { "uv": [10.5, 5.25, 10.25, 5], "texture": "#0" },"down": { "uv": [5.5, 10.25, 5.25, 10.5], "texture": "#0" }}},{"from": [13.25, 14.3, 7.25],"to": [13.5, 14.55, 7.5],"rotation": { "angle": 0, "axis": "y", "origin": [13.5, 12, 9] },"faces": {"north": { "uv": [10.25, 5.25, 10.5, 5.5], "texture": "#0" },"east": { "uv": [5.5, 10.25, 5.75, 10.5], "texture": "#0" },"south": { "uv": [10.25, 5.5, 10.5, 5.75], "texture": "#0" },"west": { "uv": [5.75, 10.25, 6, 10.5], "texture": "#0" },"up": { "uv": [10.5, 6, 10.25, 5.75], "texture": "#0" },"down": { "uv": [6.25, 10.25, 6, 10.5], "texture": "#0" }}},{"from": [13.25, 14.05, 7.25],"to": [13.5, 14.3, 7.5],"rotation": { "angle": 0, "axis": "y", "origin": [13.5, 12, 9] },"faces": {"north": { "uv": [10.25, 6, 10.5, 6.25], "texture": "#0" },"east": { "uv": [6.25, 10.25, 6.5, 10.5], "texture": "#0" },"south": { "uv": [10.25, 6.25, 10.5, 6.5], "texture": "#0" },"west": { "uv": [6.5, 10.25, 6.75, 10.5], "texture": "#0" },"up": { "uv": [10.5, 6.75, 10.25, 6.5], "texture": "#0" },"down": { "uv": [7, 10.25, 6.75, 10.5], "texture": "#0" }}},{"from": [13.25, 13.8, 7],"to": [13.5, 14.05, 7.25],"rotation": { "angle": 0, "axis": "y", "origin": [13.5, 12, 9] },"faces": {"north": { "uv": [10.25, 6.75, 10.5, 7], "texture": "#0" },"east": { "uv": [7, 10.25, 7.25, 10.5], "texture": "#0" },"south": { "uv": [10.25, 7, 10.5, 7.25], "texture": "#0" },"west": { "uv": [7.25, 10.25, 7.5, 10.5], "texture": "#0" },"up": { "uv": [10.5, 7.5, 10.25, 7.25], "texture": "#0" },"down": { "uv": [7.75, 10.25, 7.5, 10.5], "texture": "#0" }}},{"from": [13.25, 13.55, 6.75],"to": [13.5, 13.8, 7],"rotation": { "angle": 0, "axis": "y", "origin": [13.5, 12, 9] },"faces": {"north": { "uv": [10.25, 7.5, 10.5, 7.75], "texture": "#0" },"east": { "uv": [7.75, 10.25, 8, 10.5], "texture": "#0" },"south": { "uv": [10.25, 7.75, 10.5, 8], "texture": "#0" },"west": { "uv": [8, 10.25, 8.25, 10.5], "texture": "#0" },"up": { "uv": [10.5, 8.25, 10.25, 8], "texture": "#0" },"down": { "uv": [8.5, 10.25, 8.25, 10.5], "texture": "#0" }}},{"from": [13.25, 13.3, 6.5],"to": [13.5, 13.55, 6.75],"rotation": { "angle": 0, "axis": "y", "origin": [13.5, 12, 9] },"faces": {"north": { "uv": [10.25, 8.25, 10.5, 8.5], "texture": "#0" },"east": { "uv": [8.5, 10.25, 8.75, 10.5], "texture": "#0" },"south": { "uv": [10.25, 8.5, 10.5, 8.75], "texture": "#0" },"west": { "uv": [8.75, 10.25, 9, 10.5], "texture": "#0" },"up": { "uv": [10.5, 9, 10.25, 8.75], "texture": "#0" },"down": { "uv": [9.25, 10.25, 9, 10.5], "texture": "#0" }}},{"from": [13.25, 13.05, 6.5],"to": [13.5, 13.3, 6.75],"rotation": { "angle": 0, "axis": "y", "origin": [13.5, 12, 9] },"faces": {"north": { "uv": [10.25, 9, 10.5, 9.25], "texture": "#0" },"east": { "uv": [9.25, 10.25, 9.5, 10.5], "texture": "#0" },"south": { "uv": [10.25, 9.25, 10.5, 9.5], "texture": "#0" },"west": { "uv": [9.5, 10.25, 9.75, 10.5], "texture": "#0" },"up": { "uv": [10.5, 9.75, 10.25, 9.5], "texture": "#0" },"down": { "uv": [10, 10.25, 9.75, 10.5], "texture": "#0" }}},{"from": [13.25, 12.8, 6.5],"to": [13.5, 13.05, 6.75],"rotation": { "angle": 0, "axis": "y", "origin": [13.5, 12, 9] },"faces": {"north": { "uv": [10.25, 9.75, 10.5, 10], "texture": "#0" },"east": { "uv": [10, 10.25, 10.25, 10.5], "texture": "#0" },"south": { "uv": [10.25, 10, 10.5, 10.25], "texture": "#0" },"west": { "uv": [10.25, 10.25, 10.5, 10.5], "texture": "#0" },"up": { "uv": [0.25, 10.75, 0, 10.5], "texture": "#0" },"down": { "uv": [0.5, 10.5, 0.25, 10.75], "texture": "#0" }}},{"from": [13.25, 12.55, 6.5],"to": [13.5, 12.8, 6.75],"rotation": { "angle": 0, "axis": "y", "origin": [13.5, 12, 9] },"faces": {"north": { "uv": [0.5, 10.5, 0.75, 10.75], "texture": "#0" },"east": { "uv": [0.75, 10.5, 1, 10.75], "texture": "#0" },"south": { "uv": [1, 10.5, 1.25, 10.75], "texture": "#0" },"west": { "uv": [1.25, 10.5, 1.5, 10.75], "texture": "#0" },"up": { "uv": [1.75, 10.75, 1.5, 10.5], "texture": "#0" },"down": { "uv": [10.75, 1.5, 10.5, 1.75], "texture": "#0" }}},{"from": [13.25, 12.3, 6.75],"to": [13.5, 12.55, 7],"rotation": { "angle": 0, "axis": "y", "origin": [13.5, 12, 9] },"faces": {"north": { "uv": [1.75, 10.5, 2, 10.75], "texture": "#0" },"east": { "uv": [10.5, 1.75, 10.75, 2], "texture": "#0" },"south": { "uv": [2, 10.5, 2.25, 10.75], "texture": "#0" },"west": { "uv": [10.5, 2, 10.75, 2.25], "texture": "#0" },"up": { "uv": [2.5, 10.75, 2.25, 10.5], "texture": "#0" },"down": { "uv": [10.75, 2.25, 10.5, 2.5], "texture": "#0" }}}],"display": {"thirdperson_righthand": {"translation": [-0.25, -3.25, -1],"scale": [0.57, 0.57, 0.57]},"thirdperson_lefthand": {"translation": [0.25, -3.25, -1],"scale": [0.57, 0.57, 0.57]},"firstperson_righthand": {"translation": [1.5, -5.75, 0],"scale": [1, 1, 0.88]},"firstperson_lefthand": {"translation": [1.5, -5.75, 0],"scale": [1, 1, 0.88]},"ground": {"translation": [0, -4.25, 0],"scale": [0.72, 0.72, 0.72]},"gui": {"rotation": [12, -180, 0],"translation": [0.5, -6.75, 0.75],"scale": [0.91, 1, 1.21]},"head": {"translation": [-1, -10, -1],"scale": [1.67, 1.73, 1.7]},"fixed": {"rotation": [-89, 0, 0],"translation": [0, 0, 3]}},"groups": [{"name": "hat","origin": [0, 0, 0],"color": 0,"children": [0, 1, 2, 3, 4, 5, 6, 7, 8, 9, 10, 11, 12, 13, 14, 15, 16, 17,18, 19, 20, 21, 22, 23, 24, 25, 26, 27, 28, 29, 30, 31, 32, 33,34, 35, 36, 37, 38, 39, 40, 41, 42, 43, 44, 45, 46, 47, 48, 49,50, 51, 52, 53, 54, 55, 56, 57, 58, 59, 60, 61, 62, 63, 64, 65,66, 67, 68, 69, 70, 71, 72, 73, 74, 75, 76, 77, 78, 79, 80, 81,82, 83, 84, 85, 86, 87, 88, 89]}]}