{"credit": "Made with Blockbench","texture_size": [32, 32],"textures": {"0": "minecraft:item/tristenlosey/brown_hat"},"elements": [{"from": [13, 7, 4],"to": [13, 11, 13],"faces": {"north": { "uv": [0, 0, 0, 2], "texture": "#0" },"east": { "uv": [4.5, 0, 9, 2], "texture": "#0" },"south": { "uv": [0, 0, 0, 2], "texture": "#0" },"west": { "uv": [4.5, 2, 9, 4], "texture": "#0" },"up": { "uv": [0, 4.5, 0, 0], "texture": "#0" },"down": { "uv": [0, 0, 0, 4.5], "texture": "#0" }}},{"from": [4, 7, 4],"to": [4, 11, 13],"faces": {"north": { "uv": [0, 0, 0, 2], "texture": "#0" },"east": { "uv": [4.5, 4, 9, 6], "texture": "#0" },"south": { "uv": [0, 0, 0, 2], "texture": "#0" },"west": { "uv": [4.5, 6, 9, 8], "texture": "#0" },"up": { "uv": [0, 4.5, 0, 0], "texture": "#0" },"down": { "uv": [0, 0, 0, 4.5], "texture": "#0" }}},{"from": [4, 7, 13],"to": [13, 11, 13],"faces": {"north": { "uv": [4.5, 8, 9, 10], "texture": "#0" },"east": { "uv": [0, 0, 0, 2], "texture": "#0" },"south": { "uv": [0, 9, 4.5, 11], "texture": "#0" },"west": { "uv": [0, 0, 0, 2], "texture": "#0" },"up": { "uv": [4.5, 0, 0, 0], "texture": "#0" },"down": { "uv": [4.5, 0, 0, 0], "texture": "#0" }}},{"from": [4, 7, 4],"to": [13, 11, 4],"faces": {"north": { "uv": [9, 0, 13.5, 2], "texture": "#0" },"east": { "uv": [0, 0, 0, 2], "texture": "#0" },"south": { "uv": [9, 2, 13.5, 4], "texture": "#0" },"west": { "uv": [0, 0, 0, 2], "texture": "#0" },"up": { "uv": [4.5, 0, 0, 0], "texture": "#0" },"down": { "uv": [4.5, 0, 0, 0], "texture": "#0" }}},{"from": [4, 11, 4],"to": [13, 11, 13],"faces": {"north": { "uv": [0, 0, 4.5, 0], "texture": "#0" },"east": { "uv": [0, 0, 4.5, 0], "texture": "#0" },"south": { "uv": [0, 0, 4.5, 0], "texture": "#0" },"west": { "uv": [0, 0, 4.5, 0], "texture": "#0" },"up": { "uv": [4.5, 4.5, 0, 0], "texture": "#0" },"down": { "uv": [4.5, 4.5, 0, 9], "texture": "#0" }}},{"from": [13, 7, 4],"to": [16, 7, 13],"faces": {"north": { "uv": [0, 0, 1.5, 0], "texture": "#0" },"east": { "uv": [0, 0, 4.5, 0], "texture": "#0" },"south": { "uv": [0, 0, 1.5, 0], "texture": "#0" },"west": { "uv": [0, 0, 4.5, 0], "texture": "#0" },"up": { "uv": [10.5, 8.5, 9, 4], "texture": "#0" },"down": { "uv": [10.5, 8.5, 9, 13], "texture": "#0" }}},{"from": [1, 7, 4],"to": [4, 7, 13],"faces": {"north": { "uv": [0, 0, 1.5, 0], "texture": "#0" },"east": { "uv": [0, 0, 4.5, 0], "texture": "#0" },"south": { "uv": [0, 0, 1.5, 0], "texture": "#0" },"west": { "uv": [0, 0, 4.5, 0], "texture": "#0" },"up": { "uv": [6, 14.5, 4.5, 10], "texture": "#0" },"down": { "uv": [7.5, 10, 6, 14.5], "texture": "#0" }}},{"from": [4, 7, 1],"to": [13, 7, 4],"faces": {"north": { "uv": [0, 0, 4.5, 0], "texture": "#0" },"east": { "uv": [0, 0, 1.5, 0], "texture": "#0" },"south": { "uv": [0, 0, 4.5, 0], "texture": "#0" },"west": { "uv": [0, 0, 1.5, 0], "texture": "#0" },"up": { "uv": [15, 5.5, 10.5, 4], "texture": "#0" },"down": { "uv": [15, 5.5, 10.5, 7], "texture": "#0" }}},{"from": [4, 7, 13],"to": [13, 7, 16],"faces": {"north": { "uv": [0, 0, 4.5, 0], "texture": "#0" },"east": { "uv": [0, 0, 1.5, 0], "texture": "#0" },"south": { "uv": [0, 0, 4.5, 0], "texture": "#0" },"west": { "uv": [0, 0, 1.5, 0], "texture": "#0" },"up": { "uv": [15, 8.5, 10.5, 7], "texture": "#0" },"down": { "uv": [15, 8.5, 10.5, 10], "texture": "#0" }}},{"from": [13, 7, 2],"to": [15, 7, 4],"faces": {"north": { "uv": [0, 0, 1, 0], "texture": "#0" },"east": { "uv": [0, 0, 1, 0], "texture": "#0" },"south": { "uv": [0, 0, 1, 0], "texture": "#0" },"west": { "uv": [0, 0, 1, 0], "texture": "#0" },"up": { "uv": [8.5, 11, 7.5, 10], "texture": "#0" },"down": { "uv": [11.5, 10, 10.5, 11], "texture": "#0" }}},{"from": [13, 7, 13],"to": [15, 7, 15],"faces": {"north": { "uv": [0, 0, 1, 0], "texture": "#0" },"east": { "uv": [0, 0, 1, 0], "texture": "#0" },"south": { "uv": [0, 0, 1, 0], "texture": "#0" },"west": { "uv": [0, 0, 1, 0], "texture": "#0" },"up": { "uv": [1, 12, 0, 11], "texture": "#0" },"down": { "uv": [2, 11, 1, 12], "texture": "#0" }}},{"from": [2, 7, 13],"to": [4, 7, 15],"faces": {"north": { "uv": [0, 0, 1, 0], "texture": "#0" },"east": { "uv": [0, 0, 1, 0], "texture": "#0" },"south": { "uv": [0, 0, 1, 0], "texture": "#0" },"west": { "uv": [0, 0, 1, 0], "texture": "#0" },"up": { "uv": [3, 12, 2, 11], "texture": "#0" },"down": { "uv": [4, 11, 3, 12], "texture": "#0" }}},{"from": [2, 7, 2],"to": [4, 7, 4],"faces": {"north": { "uv": [0, 0, 1, 0], "texture": "#0" },"east": { "uv": [0, 0, 1, 0], "texture": "#0" },"south": { "uv": [0, 0, 1, 0], "texture": "#0" },"west": { "uv": [0, 0, 1, 0], "texture": "#0" },"up": { "uv": [8.5, 12, 7.5, 11], "texture": "#0" },"down": { "uv": [11.5, 11, 10.5, 12], "texture": "#0" }}},{"from": [3, 7, 1],"to": [4, 7, 2],"faces": {"north": { "uv": [0, 0, 0.5, 0], "texture": "#0" },"east": { "uv": [0, 0, 0.5, 0], "texture": "#0" },"south": { "uv": [0, 0, 0.5, 0], "texture": "#0" },"west": { "uv": [0, 0, 0.5, 0], "texture": "#0" },"up": { "uv": [4.5, 11.5, 4, 11], "texture": "#0" },"down": { "uv": [9, 11, 8.5, 11.5], "texture": "#0" }}},{"from": [1, 7, 3],"to": [2, 7, 4],"faces": {"north": { "uv": [0, 0, 0.5, 0], "texture": "#0" },"east": { "uv": [0, 0, 0.5, 0], "texture": "#0" },"south": { "uv": [0, 0, 0.5, 0], "texture": "#0" },"west": { "uv": [0, 0, 0.5, 0], "texture": "#0" },"up": { "uv": [4.5, 12, 4, 11.5], "texture": "#0" },"down": { "uv": [9, 11.5, 8.5, 12], "texture": "#0" }}},{"from": [1, 7, 13],"to": [2, 7, 14],"faces": {"north": { "uv": [0, 0, 0.5, 0], "texture": "#0" },"east": { "uv": [0, 0, 0.5, 0], "texture": "#0" },"south": { "uv": [0, 0, 0.5, 0], "texture": "#0" },"west": { "uv": [0, 0, 0.5, 0], "texture": "#0" },"up": { "uv": [12, 10.5, 11.5, 10], "texture": "#0" },"down": { "uv": [12, 10.5, 11.5, 11], "texture": "#0" }}},{"from": [3, 7, 15],"to": [4, 7, 16],"faces": {"north": { "uv": [0, 0, 0.5, 0], "texture": "#0" },"east": { "uv": [0, 0, 0.5, 0], "texture": "#0" },"south": { "uv": [0, 0, 0.5, 0], "texture": "#0" },"west": { "uv": [0, 0, 0.5, 0], "texture": "#0" },"up": { "uv": [12, 11.5, 11.5, 11], "texture": "#0" },"down": { "uv": [12, 11.5, 11.5, 12], "texture": "#0" }}},{"from": [13, 7, 15],"to": [14, 7, 16],"faces": {"north": { "uv": [0, 0, 0.5, 0], "texture": "#0" },"east": { "uv": [0, 0, 0.5, 0], "texture": "#0" },"south": { "uv": [0, 0, 0.5, 0], "texture": "#0" },"west": { "uv": [0, 0, 0.5, 0], "texture": "#0" },"up": { "uv": [0.5, 12.5, 0, 12], "texture": "#0" },"down": { "uv": [1, 12, 0.5, 12.5], "texture": "#0" }}},{"from": [15, 7, 13],"to": [16, 7, 14],"faces": {"north": { "uv": [0, 0, 0.5, 0], "texture": "#0" },"east": { "uv": [0, 0, 0.5, 0], "texture": "#0" },"south": { "uv": [0, 0, 0.5, 0], "texture": "#0" },"west": { "uv": [0, 0, 0.5, 0], "texture": "#0" },"up": { "uv": [1.5, 12.5, 1, 12], "texture": "#0" },"down": { "uv": [2, 12, 1.5, 12.5], "texture": "#0" }}},{"from": [15, 7, 3],"to": [16, 7, 4],"faces": {"north": { "uv": [0, 0, 0.5, 0], "texture": "#0" },"east": { "uv": [0, 0, 0.5, 0], "texture": "#0" },"south": { "uv": [0, 0, 0.5, 0], "texture": "#0" },"west": { "uv": [0, 0, 0.5, 0], "texture": "#0" },"up": { "uv": [2.5, 12.5, 2, 12], "texture": "#0" },"down": { "uv": [3, 12, 2.5, 12.5], "texture": "#0" }}},{"from": [13, 7, 1],"to": [14, 7, 2],"faces": {"north": { "uv": [0, 0, 0.5, 0], "texture": "#0" },"east": { "uv": [0, 0, 0.5, 0], "texture": "#0" },"south": { "uv": [0, 0, 0.5, 0], "texture": "#0" },"west": { "uv": [0, 0, 0.5, 0], "texture": "#0" },"up": { "uv": [9, 10.5, 8.5, 10], "texture": "#0" },"down": { "uv": [9, 10.5, 8.5, 11], "texture": "#0" }}}],"display": {"thirdperson_righthand": {"translation": [-0.25, 0, -1],"scale": [0.57, 0.57, 0.57]},"thirdperson_lefthand": {"translation": [-0.25, 0, -1],"scale": [0.57, 0.57, 0.57]},"firstperson_righthand": {"translation": [1.5, 0, 0]},"firstperson_lefthand": {"translation": [1.5, 0, 0]},"ground": {"scale": [0.72, 0.72, 0.72]},"gui": {"rotation": [13, 0, 0],"translation": [-0.5, 0, 0],"scale": [0.96, 1.2, 1]},"head": {"translation": [-0.75, 3.25, -0.75],"scale": [1.63, 1.59, 1.62]},"fixed": {"rotation": [-89, 0, 0],"translation": [0, 0, -2]}},"groups": [{"name": "Head Piece","origin": [0, 0, 0],"children": [0, 1, 2, 3, 4, 5, 6, 7, 8, 9, 10, 11, 12, 13, 14, 15, 16, 17,18, 19, 20]}]}