{"credit": "Made with Blockbench","texture_size": [32, 32],"textures": {"0": "minecraft:item/tristenlosey/cake_daddy","particle": "minecraft:item/tristenlosey/cake_daddy"},"elements": [{"from": [13, 6, 4],"to": [13, 11, 13],"faces": {"north": { "uv": [0, 0, 0, 2.5], "texture": "#0" },"east": { "uv": [4.5, 0, 9, 2.5], "texture": "#0" },"south": { "uv": [0, 0, 0, 2.5], "texture": "#0" },"west": { "uv": [4.5, 2.5, 9, 5], "texture": "#0" },"up": { "uv": [0, 4.5, 0, 0], "texture": "#0" },"down": { "uv": [0, 0, 0, 4.5], "texture": "#0" }}},{"from": [4, 6, 4],"to": [4, 11, 13],"faces": {"north": { "uv": [0, 0, 0, 2.5], "texture": "#0" },"east": { "uv": [4.5, 5, 9, 7.5], "texture": "#0" },"south": { "uv": [0, 0, 0, 2.5], "texture": "#0" },"west": { "uv": [4.5, 7.5, 9, 10], "texture": "#0" },"up": { "uv": [0, 4.5, 0, 0], "texture": "#0" },"down": { "uv": [0, 0, 0, 4.5], "texture": "#0" }}},{"from": [4, 6, 13],"to": [13, 11, 13],"faces": {"north": { "uv": [0, 9, 4.5, 11.5], "texture": "#0" },"east": { "uv": [0, 0, 0, 2.5], "texture": "#0" },"south": { "uv": [9, 0, 13.5, 2.5], "texture": "#0" },"west": { "uv": [0, 0, 0, 2.5], "texture": "#0" },"up": { "uv": [4.5, 0, 0, 0], "texture": "#0" },"down": { "uv": [4.5, 0, 0, 0], "texture": "#0" }}},{"from": [4, 7, 4],"to": [13, 11, 4],"faces": {"north": { "uv": [9, 2.5, 13.5, 4.5], "texture": "#0" },"east": { "uv": [0, 0, 0, 2], "texture": "#0" },"south": { "uv": [9, 4.5, 13.5, 6.5], "texture": "#0" },"west": { "uv": [0, 0, 0, 2], "texture": "#0" },"up": { "uv": [4.5, 0, 0, 0], "texture": "#0" },"down": { "uv": [4.5, 0, 0, 0], "texture": "#0" }}},{"from": [4, 11, 4],"to": [13, 11, 13],"faces": {"north": { "uv": [0, 0, 4.5, 0], "texture": "#0" },"east": { "uv": [0, 0, 4.5, 0], "texture": "#0" },"south": { "uv": [0, 0, 4.5, 0], "texture": "#0" },"west": { "uv": [0, 0, 4.5, 0], "texture": "#0" },"up": { "uv": [4.5, 4.5, 0, 0], "texture": "#0" },"down": { "uv": [4.5, 4.5, 0, 9], "texture": "#0" }}},{"from": [4, 7, 1],"to": [13, 7, 4],"faces": {"north": { "uv": [0, 0, 4.5, 0], "texture": "#0" },"east": { "uv": [0, 0, 1.5, 0], "texture": "#0" },"south": { "uv": [0, 0, 4.5, 0], "texture": "#0" },"west": { "uv": [0, 0, 1.5, 0], "texture": "#0" },"up": { "uv": [13.5, 8, 9, 6.5], "texture": "#0" },"down": { "uv": [13.5, 8, 9, 9.5], "texture": "#0" }}},{"from": [13, 6, 1],"to": [13, 7, 4],"faces": {"north": { "uv": [0, 0, 0, 0.5], "texture": "#0" },"east": { "uv": [9, 9.5, 10.5, 10], "texture": "#0" },"south": { "uv": [0, 0, 0, 0.5], "texture": "#0" },"west": { "uv": [4.5, 10, 6, 10.5], "texture": "#0" },"up": { "uv": [0, 1.5, 0, 0], "texture": "#0" },"down": { "uv": [0, 0, 0, 1.5], "texture": "#0" }}},{"from": [4, 6, 1],"to": [4, 7, 4],"faces": {"north": { "uv": [0, 0, 0, 0.5], "texture": "#0" },"east": { "uv": [6, 10, 7.5, 10.5], "texture": "#0" },"south": { "uv": [0, 0, 0, 0.5], "texture": "#0" },"west": { "uv": [7.5, 10, 9, 10.5], "texture": "#0" },"up": { "uv": [0, 1.5, 0, 0], "texture": "#0" },"down": { "uv": [0, 0, 0, 1.5], "texture": "#0" }}},{"from": [9, 11.2, 7],"to": [10, 11.2, 8],"faces": {"north": { "uv": [0, 0, 0.5, 0], "texture": "#0" },"east": { "uv": [0, 0, 0.5, 0], "texture": "#0" },"south": { "uv": [0, 0, 0.5, 0], "texture": "#0" },"west": { "uv": [0, 0, 0.5, 0], "texture": "#0" },"up": { "uv": [2, 3, 1.5, 2.5], "texture": "#0" },"down": { "uv": [10, 10, 9.5, 10.5], "texture": "#0" }}},{"from": [7, 11.2, 10],"to": [8, 11.2, 11],"faces": {"north": { "uv": [0, 0, 0.5, 0], "texture": "#0" },"east": { "uv": [0, 0, 0.5, 0], "texture": "#0" },"south": { "uv": [0, 0, 0.5, 0], "texture": "#0" },"west": { "uv": [0, 0, 0.5, 0], "texture": "#0" },"up": { "uv": [3, 1.5, 2.5, 1], "texture": "#0" },"down": { "uv": [10, 10, 9.5, 10.5], "texture": "#0" }}},{"from": [6, 11.2, 10],"to": [7, 11.2, 11],"faces": {"north": { "uv": [0, 0, 0.5, 0], "texture": "#0" },"east": { "uv": [0, 0, 0.5, 0], "texture": "#0" },"south": { "uv": [0, 0, 0.5, 0], "texture": "#0" },"west": { "uv": [0, 0, 0.5, 0], "texture": "#0" },"up": { "uv": [3.5, 1.5, 3, 1], "texture": "#0" },"down": { "uv": [10, 10, 9.5, 10.5], "texture": "#0" }}},{"from": [6, 11.2, 9],"to": [7, 11.2, 10],"faces": {"north": { "uv": [0, 0, 0.5, 0], "texture": "#0" },"east": { "uv": [0, 0, 0.5, 0], "texture": "#0" },"south": { "uv": [0, 0, 0.5, 0], "texture": "#0" },"west": { "uv": [0, 0, 0.5, 0], "texture": "#0" },"up": { "uv": [3.5, 2, 3, 1.5], "texture": "#0" },"down": { "uv": [10, 10, 9.5, 10.5], "texture": "#0" }}},{"from": [5, 11.2, 9],"to": [6, 11.2, 10],"faces": {"north": { "uv": [0, 0, 0.5, 0], "texture": "#0" },"east": { "uv": [0, 0, 0.5, 0], "texture": "#0" },"south": { "uv": [0, 0, 0.5, 0], "texture": "#0" },"west": { "uv": [0, 0, 0.5, 0], "texture": "#0" },"up": { "uv": [4, 2, 3.5, 1.5], "texture": "#0" },"down": { "uv": [10, 10, 9.5, 10.5], "texture": "#0" }}},{"from": [7, 11.2, 11],"to": [8, 11.2, 12],"faces": {"north": { "uv": [0, 0, 0.5, 0], "texture": "#0" },"east": { "uv": [0, 0, 0.5, 0], "texture": "#0" },"south": { "uv": [0, 0, 0.5, 0], "texture": "#0" },"west": { "uv": [0, 0, 0.5, 0], "texture": "#0" },"up": { "uv": [3, 1, 2.5, 0.5], "texture": "#0" },"down": { "uv": [10, 10, 9.5, 10.5], "texture": "#0" }}},{"from": [6, 11.2, 11],"to": [7, 11.2, 12],"faces": {"north": { "uv": [0, 0, 0.5, 0], "texture": "#0" },"east": { "uv": [0, 0, 0.5, 0], "texture": "#0" },"south": { "uv": [0, 0, 0.5, 0], "texture": "#0" },"west": { "uv": [0, 0, 0.5, 0], "texture": "#0" },"up": { "uv": [3.5, 1, 3, 0.5], "texture": "#0" },"down": { "uv": [10, 10, 9.5, 10.5], "texture": "#0" }}},{"from": [6, 11.2, 12],"to": [7, 11.2, 13],"faces": {"north": { "uv": [0, 0, 0.5, 0], "texture": "#0" },"east": { "uv": [0, 0, 0.5, 0], "texture": "#0" },"south": { "uv": [0, 0, 0.5, 0], "texture": "#0" },"west": { "uv": [0, 0, 0.5, 0], "texture": "#0" },"up": { "uv": [3.5, 0.5, 3, 0], "texture": "#0" },"down": { "uv": [10, 10, 9.5, 10.5], "texture": "#0" }}},{"from": [5, 11.2, 12],"to": [6, 11.2, 13],"faces": {"north": { "uv": [0, 0, 0.5, 0], "texture": "#0" },"east": { "uv": [0, 0, 0.5, 0], "texture": "#0" },"south": { "uv": [0, 0, 0.5, 0], "texture": "#0" },"west": { "uv": [0, 0, 0.5, 0], "texture": "#0" },"up": { "uv": [4, 0.5, 3.5, 0], "texture": "#0" },"down": { "uv": [10, 10, 9.5, 10.5], "texture": "#0" }}},{"from": [5, 11.2, 11],"to": [6, 11.2, 12],"faces": {"north": { "uv": [0, 0, 0.5, 0], "texture": "#0" },"east": { "uv": [0, 0, 0.5, 0], "texture": "#0" },"south": { "uv": [0, 0, 0.5, 0], "texture": "#0" },"west": { "uv": [0, 0, 0.5, 0], "texture": "#0" },"up": { "uv": [4, 1, 3.5, 0.5], "texture": "#0" },"down": { "uv": [10, 10, 9.5, 10.5], "texture": "#0" }}},{"from": [4, 11.2, 11],"to": [5, 11.2, 12],"faces": {"north": { "uv": [0, 0, 0.5, 0], "texture": "#0" },"east": { "uv": [0, 0, 0.5, 0], "texture": "#0" },"south": { "uv": [0, 0, 0.5, 0], "texture": "#0" },"west": { "uv": [0, 0, 0.5, 0], "texture": "#0" },"up": { "uv": [4.5, 1, 4, 0.5], "texture": "#0" },"down": { "uv": [10, 10, 9.5, 10.5], "texture": "#0" }}},{"from": [4, 11.2, 10],"to": [5, 11.2, 11],"faces": {"north": { "uv": [0, 0, 0.5, 0], "texture": "#0" },"east": { "uv": [0, 0, 0.5, 0], "texture": "#0" },"south": { "uv": [0, 0, 0.5, 0], "texture": "#0" },"west": { "uv": [0, 0, 0.5, 0], "texture": "#0" },"up": { "uv": [4.5, 1.5, 4, 1], "texture": "#0" },"down": { "uv": [10, 10, 9.5, 10.5], "texture": "#0" }}},{"from": [5, 11.2, 10],"to": [6, 11.2, 11],"faces": {"north": { "uv": [0, 0, 0.5, 0], "texture": "#0" },"east": { "uv": [0, 0, 0.5, 0], "texture": "#0" },"south": { "uv": [0, 0, 0.5, 0], "texture": "#0" },"west": { "uv": [0, 0, 0.5, 0], "texture": "#0" },"up": { "uv": [4, 1.5, 3.5, 1], "texture": "#0" },"down": { "uv": [10, 10, 9.5, 10.5], "texture": "#0" }}},{"from": [11, 11.2, 11],"to": [12, 11.2, 12],"faces": {"north": { "uv": [0, 0, 0.5, 0], "texture": "#0" },"east": { "uv": [0, 0, 0.5, 0], "texture": "#0" },"south": { "uv": [0, 0, 0.5, 0], "texture": "#0" },"west": { "uv": [0, 0, 0.5, 0], "texture": "#0" },"up": { "uv": [1, 1, 0.5, 0.5], "texture": "#0" },"down": { "uv": [10, 10, 9.5, 10.5], "texture": "#0" }}},{"from": [10, 11.2, 7],"to": [11, 11.2, 8],"faces": {"north": { "uv": [0, 0, 0.5, 0], "texture": "#0" },"east": { "uv": [0, 0, 0.5, 0], "texture": "#0" },"south": { "uv": [0, 0, 0.5, 0], "texture": "#0" },"west": { "uv": [0, 0, 0.5, 0], "texture": "#0" },"up": { "uv": [1.5, 3, 1, 2.5], "texture": "#0" },"down": { "uv": [10, 10, 9.5, 10.5], "texture": "#0" }}},{"from": [10, 11.2, 6],"to": [11, 11.2, 7],"faces": {"north": { "uv": [0, 0, 0.5, 0], "texture": "#0" },"east": { "uv": [0, 0, 0.5, 0], "texture": "#0" },"south": { "uv": [0, 0, 0.5, 0], "texture": "#0" },"west": { "uv": [0, 0, 0.5, 0], "texture": "#0" },"up": { "uv": [1.5, 3.5, 1, 3], "texture": "#0" },"down": { "uv": [10, 10, 9.5, 10.5], "texture": "#0" }}},{"from": [9, 11.2, 6],"to": [10, 11.2, 7],"faces": {"north": { "uv": [0, 0, 0.5, 0], "texture": "#0" },"east": { "uv": [0, 0, 0.5, 0], "texture": "#0" },"south": { "uv": [0, 0, 0.5, 0], "texture": "#0" },"west": { "uv": [0, 0, 0.5, 0], "texture": "#0" },"up": { "uv": [2, 3.5, 1.5, 3], "texture": "#0" },"down": { "uv": [10, 10, 9.5, 10.5], "texture": "#0" }}}],"display": {"thirdperson_righthand": {"translation": [-0.25, 0, -1],"scale": [0.57, 0.57, 0.57]},"thirdperson_lefthand": {"translation": [-0.25, 0, -1],"scale": [0.57, 0.57, 0.57]},"firstperson_righthand": {"translation": [1.5, 0, 0.5],"scale": [1, 1.53, 0.91]},"firstperson_lefthand": {"translation": [1.5, 0, 0],"scale": [1, 1.53, 0.91]},"ground": {"scale": [0.72, 0.72, 0.72]},"gui": {"rotation": [23, 141, 0],"translation": [0.5, 0, 0],"scale": [0.96, 1.2, 1]},"head": {"translation": [-0.75, 3.25, -0.75],"scale": [1.62, 1.59, 1.62]},"fixed": {"rotation": [-89, 0, 0],"translation": [0, 0, -2]}},"groups": [{"name": "hat","origin": [0, 0, 0],"color": 0,"children": [0, 1, 2, 3, 4, 5, 6, 7, 8, 9, 10, 11, 12, 13, 14, 15, 16, 17,18, 19, 20, 21, 22, 23, 24]}]}