{"credit": "Made with Blockbench","texture_size": [32, 32],"textures": {"0": "minecraft:item/tristenlosey/chicken_cap","particle": "minecraft:item/tristenlosey/chicken_cap"},"elements": [{"from": [13, 6, 4],"to": [13, 10, 13],"faces": {"north": { "uv": [0, 0, 0, 2.5], "texture": "#0" },"east": { "uv": [4.5, 0, 9, 2.5], "texture": "#0" },"south": { "uv": [0, 0, 0, 2.5], "texture": "#0" },"west": { "uv": [4.5, 2.5, 9, 5], "texture": "#0" },"up": { "uv": [0, 4.5, 0, 0], "texture": "#0" },"down": { "uv": [0, 0, 0, 4.5], "texture": "#0" }}},{"from": [4, 6, 4],"to": [4, 10, 13],"faces": {"north": { "uv": [0, 0, 0, 2.5], "texture": "#0" },"east": { "uv": [4.5, 5, 9, 7.5], "texture": "#0" },"south": { "uv": [0, 0, 0, 2.5], "texture": "#0" },"west": { "uv": [4.5, 7.5, 9, 10], "texture": "#0" },"up": { "uv": [0, 4.5, 0, 0], "texture": "#0" },"down": { "uv": [0, 0, 0, 4.5], "texture": "#0" }}},{"from": [8.5, 10, 4],"to": [8.5, 14, 13],"rotation": {"angle": -22.5,"axis": "z","origin": [8.5, 10, 9.5]},"faces": {"north": { "uv": [0, 11.5, 4.5, 14], "texture": "#0" },"east": { "uv": [4.5, 11.5, 0, 14], "texture": "#0" },"south": { "uv": [0, 11.5, 4.5, 14], "texture": "#0" },"west": { "uv": [0, 11.5, 4.5, 14], "texture": "#0" },"up": { "uv": [0, 11.5, 4.5, 14], "texture": "#0" },"down": { "uv": [0, 11.5, 4.5, 14], "texture": "#0" }}},{"from": [4, 6, 13],"to": [13, 10, 13],"faces": {"north": { "uv": [0, 9, 4.5, 11.5], "texture": "#0" },"east": { "uv": [0, 0, 0, 2.5], "texture": "#0" },"south": { "uv": [9, 0, 13.5, 2.5], "texture": "#0" },"west": { "uv": [0, 0, 0, 2.5], "texture": "#0" },"up": { "uv": [4.5, 0, 0, 0], "texture": "#0" },"down": { "uv": [4.5, 0, 0, 0], "texture": "#0" }}},{"from": [4, 6, 4],"to": [13, 10, 4],"faces": {"north": { "uv": [9, 2.5, 13.5, 5], "texture": "#0" },"east": { "uv": [0, 0, 0, 2], "texture": "#0" },"south": { "uv": [9, 4.5, 13.5, 6.5], "texture": "#0" },"west": { "uv": [0, 0, 0, 2], "texture": "#0" },"up": { "uv": [4.5, 0, 0, 0], "texture": "#0" },"down": { "uv": [4.5, 0, 0, 0], "texture": "#0" }}},{"from": [4, 10, 4],"to": [13, 10, 13],"faces": {"north": { "uv": [0, 0, 4.5, 0], "texture": "#0" },"east": { "uv": [0, 0, 4.5, 0], "texture": "#0" },"south": { "uv": [0, 0, 4.5, 0], "texture": "#0" },"west": { "uv": [0, 0, 4.5, 0], "texture": "#0" },"up": { "uv": [4.5, 4.5, 0, 0], "texture": "#0" },"down": { "uv": [4.5, 4.5, 0, 9], "texture": "#0" }}},{"from": [5, 6, 1],"to": [12, 7, 4],"faces": {"north": { "uv": [9, 9.5, 13.5, 9.75], "texture": "#0" },"east": { "uv": [9, 10, 10.5, 10.5], "texture": "#0" },"south": { "uv": [4.5, 10, 9, 10.5], "texture": "#0" },"west": { "uv": [4.5, 10.5, 6, 11], "texture": "#0" },"up": { "uv": [13.5, 8, 9, 6.5], "texture": "#0" },"down": { "uv": [13.5, 8, 9, 9.5], "texture": "#0" }}}],"display": {"thirdperson_righthand": {"translation": [-0.25, 0, -1],"scale": [0.57, 0.57, 0.57]},"thirdperson_lefthand": {"translation": [0.25, 0, -1],"scale": [0.57, 0.57, 0.57]},"firstperson_righthand": {"translation": [1.5, 2.25, 2.5]},"firstperson_lefthand": {"translation": [1.5, 2.25, 2.5]},"ground": {"scale": [0.72, 0.72, 0.72]},"gui": {"rotation": [23, 141, 0],"translation": [0.75, 0, 0],"scale": [0.96, 1.2, 1]},"head": {"rotation": [11.25, 0, 0],"translation": [-0.75, 5.25, -0.75],"scale": [1.62, 1.83, 1.71]},"fixed": {"rotation": [-89, 0, 0],"translation": [0, 0, -2]}},"groups": [{"name": "hat","origin": [0, 0, 0],"color": 0,"children": [0, 1, 2, 3, 4, 5, 6]}]}