{"credit": "Made with Blockbench","textures": {"0": "minecraft:item/tristenlosey/creeper_hide_hat","1": "minecraft:item/tristenlosey/creeper_hide_hat_tnt_spark","particle": "minecraft:item/tristenlosey/creeper_hide_hat"},"elements": [{"from": [13, 7, 4],"to": [13, 11, 13],"faces": {"north": { "uv": [2.5, 0, 4.75, 1], "texture": "#0" },"east": { "uv": [2.5, 0, 4.75, 1], "texture": "#0" },"south": { "uv": [2.5, 0, 4.75, 1], "texture": "#0" },"west": { "uv": [2.5, 0, 4.75, 1], "texture": "#0" },"up": { "uv": [2.5, 0, 4.75, 1], "texture": "#0" },"down": { "uv": [2.5, 0, 4.75, 1], "texture": "#0" }}},{"from": [4, 7, 4],"to": [4, 11, 13],"faces": {"north": { "uv": [2.25, 3, 4.5, 4], "texture": "#0" },"east": { "uv": [2.25, 3, 4.5, 4], "texture": "#0" },"south": { "uv": [2.25, 3, 4.5, 4], "texture": "#0" },"west": { "uv": [2.25, 3, 4.5, 4], "texture": "#0" },"up": { "uv": [2.25, 3, 4.5, 4], "texture": "#0" },"down": { "uv": [2.25, 3, 4.5, 4], "texture": "#0" }}},{"from": [3.75, 7, 3.5],"to": [3.75, 8, 13.25],"faces": {"north": { "uv": [5.25, 6.25, 7.75, 6.5], "texture": "#0" },"east": { "uv": [5.25, 6.25, 7.75, 6.5], "texture": "#0" },"south": { "uv": [5.25, 6.25, 7.75, 6.5], "texture": "#0" },"west": { "uv": [5.25, 6.25, 7.75, 6.5], "texture": "#0" },"up": { "uv": [5.25, 6.25, 7.75, 6.5], "texture": "#0" },"down": { "uv": [5.25, 6.25, 7.75, 6.5], "texture": "#0" }}},{"from": [13.25, 7, 3.5],"to": [13.25, 8, 13.25],"faces": {"north": { "uv": [4.5, 6.5, 7, 6.75], "texture": "#0" },"east": { "uv": [4.5, 6.5, 7, 6.75], "texture": "#0" },"south": { "uv": [4.5, 6.5, 7, 6.75], "texture": "#0" },"west": { "uv": [4.5, 6.5, 7, 6.75], "texture": "#0" },"up": { "uv": [4.5, 6.5, 7, 6.75], "texture": "#0" },"down": { "uv": [4.5, 6.5, 7, 6.75], "texture": "#0" }}},{"from": [4, 7, 13],"to": [13, 11, 13],"faces": {"north": { "uv": [0, 4.5, 2, 5.5], "texture": "#0" },"east": { "uv": [0, 4.5, 2, 5.5], "texture": "#0" },"south": { "uv": [0, 4.5, 2, 5.5], "texture": "#0" },"west": { "uv": [0, 4.5, 2, 5.5], "texture": "#0" },"up": { "uv": [0, 4.5, 2, 5.5], "texture": "#0" },"down": { "uv": [0, 4.5, 2, 5.5], "texture": "#0" }}},{"from": [4, 7, 4],"to": [13, 11, 4],"faces": {"north": { "uv": [4.5, 0, 6.5, 1], "texture": "#0" },"east": { "uv": [4.5, 0, 6.5, 1], "texture": "#0" },"south": { "uv": [4.5, 0, 6.5, 1], "texture": "#0" },"west": { "uv": [4.5, 0, 6.5, 1], "texture": "#0" },"up": { "uv": [4.5, 0, 6.5, 1], "texture": "#0" },"down": { "uv": [4.5, 0, 6.5, 1], "texture": "#0" }}},{"from": [3.75, 7, 3.5],"to": [13.25, 8, 3.5],"faces": {"north": { "uv": [6.75, 0.25, 9.25, 0.5], "texture": "#0" },"east": { "uv": [6.75, 0.25, 9.25, 0.5], "texture": "#0" },"south": { "uv": [6.75, 0.25, 9.25, 0.5], "texture": "#0" },"west": { "uv": [6.75, 0.25, 9.25, 0.5], "texture": "#0" },"up": { "uv": [6.75, 0.25, 9.25, 0.5], "texture": "#0" },"down": { "uv": [6.75, 0.25, 9.25, 0.5], "texture": "#0" }}},{"from": [5.61194, 7.79134, 3.75],"to": [5.86194, 8.04134, 3.75],"rotation": {"angle": 22.5,"axis": "z","origin": [6.8, 8.5, 3.8]},"faces": {"north": { "uv": [6.5, 6.75, 6.75, 7], "texture": "#0" },"east": { "uv": [6.5, 6.75, 6.75, 7], "texture": "#0" },"south": { "uv": [6.5, 6.75, 6.75, 7], "texture": "#0" },"west": { "uv": [6.5, 6.75, 6.75, 7], "texture": "#0" },"up": { "uv": [6.5, 6.75, 6.75, 7], "texture": "#0" },"down": { "uv": [6.5, 6.75, 6.75, 7], "texture": "#0" }}},{"from": [5.36194, 7.79134, 3.75],"to": [5.61194, 8.04134, 3.75],"rotation": {"angle": 22.5,"axis": "z","origin": [6.8, 8.5, 3.8]},"faces": {"north": { "uv": [0.25, 7, 0.5, 7.25], "texture": "#0" },"east": { "uv": [0.25, 7, 0.5, 7.25], "texture": "#0" },"south": { "uv": [0.25, 7, 0.5, 7.25], "texture": "#0" },"west": { "uv": [0.25, 7, 0.5, 7.25], "texture": "#0" },"up": { "uv": [0.25, 7, 0.5, 7.25], "texture": "#0" },"down": { "uv": [0.25, 7, 0.5, 7.25], "texture": "#0" }}},{"from": [5.11194, 7.79134, 3.75],"to": [5.36194, 8.04134, 3.75],"rotation": {"angle": 22.5,"axis": "z","origin": [6.8, 8.5, 3.8]},"faces": {"north": { "uv": [0.75, 7, 1, 7.25], "texture": "#0" },"east": { "uv": [0.75, 7, 1, 7.25], "texture": "#0" },"south": { "uv": [0.75, 7, 1, 7.25], "texture": "#0" },"west": { "uv": [0.75, 7, 1, 7.25], "texture": "#0" },"up": { "uv": [0.75, 7, 1, 7.25], "texture": "#0" },"down": { "uv": [0.75, 7, 1, 7.25], "texture": "#0" }}},{"from": [4.86194, 7.79134, 3.75],"to": [5.11194, 8.04134, 3.75],"rotation": {"angle": 22.5,"axis": "z","origin": [6.8, 8.5, 3.8]},"faces": {"north": { "uv": [1.25, 7, 1.5, 7.25], "texture": "#0" },"east": { "uv": [1.25, 7, 1.5, 7.25], "texture": "#0" },"south": { "uv": [1.25, 7, 1.5, 7.25], "texture": "#0" },"west": { "uv": [1.25, 7, 1.5, 7.25], "texture": "#0" },"up": { "uv": [1.25, 7, 1.5, 7.25], "texture": "#0" },"down": { "uv": [1.25, 7, 1.5, 7.25], "texture": "#0" }}},{"from": [4.61194, 7.79134, 3.75],"to": [4.86194, 8.04134, 3.75],"rotation": {"angle": 22.5,"axis": "z","origin": [6.8, 8.5, 3.8]},"faces": {"north": { "uv": [5, 7, 5.25, 7.25], "texture": "#0" },"east": { "uv": [5, 7, 5.25, 7.25], "texture": "#0" },"south": { "uv": [5, 7, 5.25, 7.25], "texture": "#0" },"west": { "uv": [5, 7, 5.25, 7.25], "texture": "#0" },"up": { "uv": [5, 7, 5.25, 7.25], "texture": "#0" },"down": { "uv": [5, 7, 5.25, 7.25], "texture": "#0" }}},{"from": [5.61194, 8.04134, 3.75],"to": [5.86194, 8.29134, 3.75],"rotation": {"angle": 22.5,"axis": "z","origin": [6.8, 8.5, 3.8]},"faces": {"north": { "uv": [6.5, 7, 6.75, 7.25], "texture": "#0" },"east": { "uv": [6.5, 7, 6.75, 7.25], "texture": "#0" },"south": { "uv": [6.5, 7, 6.75, 7.25], "texture": "#0" },"west": { "uv": [6.5, 7, 6.75, 7.25], "texture": "#0" },"up": { "uv": [6.5, 7, 6.75, 7.25], "texture": "#0" },"down": { "uv": [6.5, 7, 6.75, 7.25], "texture": "#0" }}},{"from": [5.36194, 8.04134, 3.75],"to": [5.61194, 8.29134, 3.75],"rotation": {"angle": 22.5,"axis": "z","origin": [6.8, 8.5, 3.8]},"faces": {"north": { "uv": [6.75, 7, 7, 7.25], "texture": "#0" },"east": { "uv": [6.75, 7, 7, 7.25], "texture": "#0" },"south": { "uv": [6.75, 7, 7, 7.25], "texture": "#0" },"west": { "uv": [6.75, 7, 7, 7.25], "texture": "#0" },"up": { "uv": [6.75, 7, 7, 7.25], "texture": "#0" },"down": { "uv": [6.75, 7, 7, 7.25], "texture": "#0" }}},{"from": [5.11194, 8.04134, 3.75],"to": [5.36194, 8.29134, 3.75],"rotation": {"angle": 22.5,"axis": "z","origin": [6.8, 8.5, 3.8]},"faces": {"north": { "uv": [7, 7, 7.25, 7.25], "texture": "#0" },"east": { "uv": [7, 7, 7.25, 7.25], "texture": "#0" },"south": { "uv": [7, 7, 7.25, 7.25], "texture": "#0" },"west": { "uv": [7, 7, 7.25, 7.25], "texture": "#0" },"up": { "uv": [7, 7, 7.25, 7.25], "texture": "#0" },"down": { "uv": [7, 7, 7.25, 7.25], "texture": "#0" }}},{"from": [4.86194, 8.04134, 3.75],"to": [5.11194, 8.29134, 3.75],"rotation": {"angle": 22.5,"axis": "z","origin": [6.8, 8.5, 3.8]},"faces": {"north": { "uv": [0.5, 7.25, 0.75, 7.5], "texture": "#0" },"east": { "uv": [0.5, 7.25, 0.75, 7.5], "texture": "#0" },"south": { "uv": [0.5, 7.25, 0.75, 7.5], "texture": "#0" },"west": { "uv": [0.5, 7.25, 0.75, 7.5], "texture": "#0" },"up": { "uv": [0.5, 7.25, 0.75, 7.5], "texture": "#0" },"down": { "uv": [0.5, 7.25, 0.75, 7.5], "texture": "#0" }}},{"from": [4.61194, 8.04134, 3.75],"to": [4.86194, 8.29134, 3.75],"rotation": {"angle": 22.5,"axis": "z","origin": [6.8, 8.5, 3.8]},"faces": {"north": { "uv": [1, 7.25, 1.25, 7.5], "texture": "#0" },"east": { "uv": [1, 7.25, 1.25, 7.5], "texture": "#0" },"south": { "uv": [1, 7.25, 1.25, 7.5], "texture": "#0" },"west": { "uv": [1, 7.25, 1.25, 7.5], "texture": "#0" },"up": { "uv": [1, 7.25, 1.25, 7.5], "texture": "#0" },"down": { "uv": [1, 7.25, 1.25, 7.5], "texture": "#0" }}},{"from": [4.36194, 8.04134, 3.75],"to": [4.61194, 8.29134, 3.75],"rotation": {"angle": 22.5,"axis": "z","origin": [6.8, 8.5, 3.8]},"faces": {"north": { "uv": [1.5, 7.25, 1.75, 7.5], "texture": "#0" },"east": { "uv": [1.5, 7.25, 1.75, 7.5], "texture": "#0" },"south": { "uv": [1.5, 7.25, 1.75, 7.5], "texture": "#0" },"west": { "uv": [1.5, 7.25, 1.75, 7.5], "texture": "#0" },"up": { "uv": [1.5, 7.25, 1.75, 7.5], "texture": "#0" },"down": { "uv": [1.5, 7.25, 1.75, 7.5], "texture": "#0" }}},{"from": [4.36194, 8.29134, 3.75],"to": [4.61194, 8.54134, 3.75],"rotation": {"angle": 22.5,"axis": "z","origin": [6.8, 8.5, 3.8]},"faces": {"north": { "uv": [7.25, 1.75, 7.5, 2], "texture": "#0" },"east": { "uv": [7.25, 1.75, 7.5, 2], "texture": "#0" },"south": { "uv": [7.25, 1.75, 7.5, 2], "texture": "#0" },"west": { "uv": [7.25, 1.75, 7.5, 2], "texture": "#0" },"up": { "uv": [7.25, 1.75, 7.5, 2], "texture": "#0" },"down": { "uv": [7.25, 1.75, 7.5, 2], "texture": "#0" }}},{"from": [4.61194, 8.29134, 3.75],"to": [4.86194, 8.54134, 3.75],"rotation": {"angle": 22.5,"axis": "z","origin": [6.8, 8.5, 3.8]},"faces": {"north": { "uv": [2.25, 7.25, 2.5, 7.5], "texture": "#0" },"east": { "uv": [2.25, 7.25, 2.5, 7.5], "texture": "#0" },"south": { "uv": [2.25, 7.25, 2.5, 7.5], "texture": "#0" },"west": { "uv": [2.25, 7.25, 2.5, 7.5], "texture": "#0" },"up": { "uv": [2.25, 7.25, 2.5, 7.5], "texture": "#0" },"down": { "uv": [2.25, 7.25, 2.5, 7.5], "texture": "#0" }}},{"from": [4.86194, 8.29134, 3.75],"to": [5.11194, 8.54134, 3.75],"rotation": {"angle": 22.5,"axis": "z","origin": [6.8, 8.5, 3.8]},"faces": {"north": { "uv": [2.75, 7.25, 3, 7.5], "texture": "#0" },"east": { "uv": [2.75, 7.25, 3, 7.5], "texture": "#0" },"south": { "uv": [2.75, 7.25, 3, 7.5], "texture": "#0" },"west": { "uv": [2.75, 7.25, 3, 7.5], "texture": "#0" },"up": { "uv": [2.75, 7.25, 3, 7.5], "texture": "#0" },"down": { "uv": [2.75, 7.25, 3, 7.5], "texture": "#0" }}},{"from": [5.11194, 8.29134, 3.75],"to": [5.36194, 8.54134, 3.75],"rotation": {"angle": 22.5,"axis": "z","origin": [6.8, 8.5, 3.8]},"faces": {"north": { "uv": [3.25, 7.25, 3.5, 7.5], "texture": "#0" },"east": { "uv": [3.25, 7.25, 3.5, 7.5], "texture": "#0" },"south": { "uv": [3.25, 7.25, 3.5, 7.5], "texture": "#0" },"west": { "uv": [3.25, 7.25, 3.5, 7.5], "texture": "#0" },"up": { "uv": [3.25, 7.25, 3.5, 7.5], "texture": "#0" },"down": { "uv": [3.25, 7.25, 3.5, 7.5], "texture": "#0" }}},{"from": [5.36194, 8.29134, 3.75],"to": [5.61194, 8.54134, 3.75],"rotation": {"angle": 22.5,"axis": "z","origin": [6.8, 8.5, 3.8]},"faces": {"north": { "uv": [4.5, 7.25, 4.75, 7.5], "texture": "#0" },"east": { "uv": [4.5, 7.25, 4.75, 7.5], "texture": "#0" },"south": { "uv": [4.5, 7.25, 4.75, 7.5], "texture": "#0" },"west": { "uv": [4.5, 7.25, 4.75, 7.5], "texture": "#0" },"up": { "uv": [4.5, 7.25, 4.75, 7.5], "texture": "#0" },"down": { "uv": [4.5, 7.25, 4.75, 7.5], "texture": "#0" }}},{"from": [5.61194, 8.29134, 3.75],"to": [5.86194, 8.54134, 3.75],"rotation": {"angle": 22.5,"axis": "z","origin": [6.8, 8.5, 3.8]},"faces": {"north": { "uv": [5, 7.25, 5.25, 7.5], "texture": "#0" },"east": { "uv": [5, 7.25, 5.25, 7.5], "texture": "#0" },"south": { "uv": [5, 7.25, 5.25, 7.5], "texture": "#0" },"west": { "uv": [5, 7.25, 5.25, 7.5], "texture": "#0" },"up": { "uv": [5, 7.25, 5.25, 7.5], "texture": "#0" },"down": { "uv": [5, 7.25, 5.25, 7.5], "texture": "#0" }}},{"from": [5.61194, 8.54134, 3.75],"to": [5.86194, 8.79134, 3.75],"rotation": {"angle": 22.5,"axis": "z","origin": [6.8, 8.5, 3.8]},"faces": {"north": { "uv": [5.5, 7.25, 5.75, 7.5], "texture": "#0" },"east": { "uv": [5.5, 7.25, 5.75, 7.5], "texture": "#0" },"south": { "uv": [5.5, 7.25, 5.75, 7.5], "texture": "#0" },"west": { "uv": [5.5, 7.25, 5.75, 7.5], "texture": "#0" },"up": { "uv": [5.5, 7.25, 5.75, 7.5], "texture": "#0" },"down": { "uv": [5.5, 7.25, 5.75, 7.5], "texture": "#0" }}},{"from": [5.36194, 8.54134, 3.75],"to": [5.61194, 8.79134, 3.75],"rotation": {"angle": 22.5,"axis": "z","origin": [6.8, 8.5, 3.8]},"faces": {"north": { "uv": [6, 7.25, 6.25, 7.5], "texture": "#0" },"east": { "uv": [6, 7.25, 6.25, 7.5], "texture": "#0" },"south": { "uv": [6, 7.25, 6.25, 7.5], "texture": "#0" },"west": { "uv": [6, 7.25, 6.25, 7.5], "texture": "#0" },"up": { "uv": [6, 7.25, 6.25, 7.5], "texture": "#0" },"down": { "uv": [6, 7.25, 6.25, 7.5], "texture": "#0" }}},{"from": [5.11194, 8.54134, 3.75],"to": [5.36194, 8.79134, 3.75],"rotation": {"angle": 22.5,"axis": "z","origin": [6.8, 8.5, 3.8]},"faces": {"north": { "uv": [6.5, 7.25, 6.75, 7.5], "texture": "#0" },"east": { "uv": [6.5, 7.25, 6.75, 7.5], "texture": "#0" },"south": { "uv": [6.5, 7.25, 6.75, 7.5], "texture": "#0" },"west": { "uv": [6.5, 7.25, 6.75, 7.5], "texture": "#0" },"up": { "uv": [6.5, 7.25, 6.75, 7.5], "texture": "#0" },"down": { "uv": [6.5, 7.25, 6.75, 7.5], "texture": "#0" }}},{"from": [4.86194, 8.54134, 3.75],"to": [5.11194, 8.79134, 3.75],"rotation": {"angle": 22.5,"axis": "z","origin": [6.8, 8.5, 3.8]},"faces": {"north": { "uv": [6.75, 7.25, 7, 7.5], "texture": "#0" },"east": { "uv": [6.75, 7.25, 7, 7.5], "texture": "#0" },"south": { "uv": [6.75, 7.25, 7, 7.5], "texture": "#0" },"west": { "uv": [6.75, 7.25, 7, 7.5], "texture": "#0" },"up": { "uv": [6.75, 7.25, 7, 7.5], "texture": "#0" },"down": { "uv": [6.75, 7.25, 7, 7.5], "texture": "#0" }}},{"from": [4.61194, 8.54134, 3.75],"to": [4.86194, 8.79134, 3.75],"rotation": {"angle": 22.5,"axis": "z","origin": [6.8, 8.5, 3.8]},"faces": {"north": { "uv": [7, 7.25, 7.25, 7.5], "texture": "#0" },"east": { "uv": [7, 7.25, 7.25, 7.5], "texture": "#0" },"south": { "uv": [7, 7.25, 7.25, 7.5], "texture": "#0" },"west": { "uv": [7, 7.25, 7.25, 7.5], "texture": "#0" },"up": { "uv": [7, 7.25, 7.25, 7.5], "texture": "#0" },"down": { "uv": [7, 7.25, 7.25, 7.5], "texture": "#0" }}},{"from": [4.36194, 8.54134, 3.75],"to": [4.61194, 8.79134, 3.75],"rotation": {"angle": 22.5,"axis": "z","origin": [6.8, 8.5, 3.8]},"faces": {"north": { "uv": [7.25, 7.25, 7.5, 7.5], "texture": "#0" },"east": { "uv": [7.25, 7.25, 7.5, 7.5], "texture": "#0" },"south": { "uv": [7.25, 7.25, 7.5, 7.5], "texture": "#0" },"west": { "uv": [7.25, 7.25, 7.5, 7.5], "texture": "#0" },"up": { "uv": [7.25, 7.25, 7.5, 7.5], "texture": "#0" },"down": { "uv": [7.25, 7.25, 7.5, 7.5], "texture": "#0" }}},{"from": [5.61194, 8.79134, 3.75],"to": [5.86194, 9.04134, 3.75],"rotation": {"angle": 22.5,"axis": "z","origin": [6.8, 8.5, 3.8]},"faces": {"north": { "uv": [0.5, 7.5, 0.75, 7.75], "texture": "#0" },"east": { "uv": [0.5, 7.5, 0.75, 7.75], "texture": "#0" },"south": { "uv": [0.5, 7.5, 0.75, 7.75], "texture": "#0" },"west": { "uv": [0.5, 7.5, 0.75, 7.75], "texture": "#0" },"up": { "uv": [0.5, 7.5, 0.75, 7.75], "texture": "#0" },"down": { "uv": [0.5, 7.5, 0.75, 7.75], "texture": "#0" }}},{"from": [5.36194, 8.79134, 3.75],"to": [5.61194, 9.04134, 3.75],"rotation": {"angle": 22.5,"axis": "z","origin": [6.8, 8.5, 3.8]},"faces": {"north": { "uv": [1, 7.5, 1.25, 7.75], "texture": "#0" },"east": { "uv": [1, 7.5, 1.25, 7.75], "texture": "#0" },"south": { "uv": [1, 7.5, 1.25, 7.75], "texture": "#0" },"west": { "uv": [1, 7.5, 1.25, 7.75], "texture": "#0" },"up": { "uv": [1, 7.5, 1.25, 7.75], "texture": "#0" },"down": { "uv": [1, 7.5, 1.25, 7.75], "texture": "#0" }}},{"from": [5.11194, 8.79134, 3.75],"to": [5.36194, 9.04134, 3.75],"rotation": {"angle": 22.5,"axis": "z","origin": [6.8, 8.5, 3.8]},"faces": {"north": { "uv": [7.5, 1.25, 7.75, 1.5], "texture": "#0" },"east": { "uv": [7.5, 1.25, 7.75, 1.5], "texture": "#0" },"south": { "uv": [7.5, 1.25, 7.75, 1.5], "texture": "#0" },"west": { "uv": [7.5, 1.25, 7.75, 1.5], "texture": "#0" },"up": { "uv": [7.5, 1.25, 7.75, 1.5], "texture": "#0" },"down": { "uv": [7.5, 1.25, 7.75, 1.5], "texture": "#0" }}},{"from": [4.86194, 8.79134, 3.75],"to": [5.11194, 9.04134, 3.75],"rotation": {"angle": 22.5,"axis": "z","origin": [6.8, 8.5, 3.8]},"faces": {"north": { "uv": [7.5, 1.5, 7.75, 1.75], "texture": "#0" },"east": { "uv": [7.5, 1.5, 7.75, 1.75], "texture": "#0" },"south": { "uv": [7.5, 1.5, 7.75, 1.75], "texture": "#0" },"west": { "uv": [7.5, 1.5, 7.75, 1.75], "texture": "#0" },"up": { "uv": [7.5, 1.5, 7.75, 1.75], "texture": "#0" },"down": { "uv": [7.5, 1.5, 7.75, 1.75], "texture": "#0" }}},{"from": [4.61194, 8.79134, 3.75],"to": [4.86194, 9.04134, 3.75],"rotation": {"angle": 22.5,"axis": "z","origin": [6.8, 8.5, 3.8]},"faces": {"north": { "uv": [7.5, 1.75, 7.75, 2], "texture": "#0" },"east": { "uv": [7.5, 1.75, 7.75, 2], "texture": "#0" },"south": { "uv": [7.5, 1.75, 7.75, 2], "texture": "#0" },"west": { "uv": [7.5, 1.75, 7.75, 2], "texture": "#0" },"up": { "uv": [7.5, 1.75, 7.75, 2], "texture": "#0" },"down": { "uv": [7.5, 1.75, 7.75, 2], "texture": "#0" }}},{"from": [4.36194, 8.79134, 3.75],"to": [4.61194, 9.04134, 3.75],"rotation": {"angle": 22.5,"axis": "z","origin": [6.8, 8.5, 3.8]},"faces": {"north": { "uv": [7.5, 2, 7.75, 2.25], "texture": "#0" },"east": { "uv": [7.5, 2, 7.75, 2.25], "texture": "#0" },"south": { "uv": [7.5, 2, 7.75, 2.25], "texture": "#0" },"west": { "uv": [7.5, 2, 7.75, 2.25], "texture": "#0" },"up": { "uv": [7.5, 2, 7.75, 2.25], "texture": "#0" },"down": { "uv": [7.5, 2, 7.75, 2.25], "texture": "#0" }}},{"from": [4.36194, 9.04134, 3.75],"to": [4.61194, 9.29134, 3.75],"rotation": {"angle": 22.5,"axis": "z","origin": [6.8, 8.5, 3.8]},"faces": {"north": { "uv": [7.5, 2.25, 7.75, 2.5], "texture": "#0" },"east": { "uv": [7.5, 2.25, 7.75, 2.5], "texture": "#0" },"south": { "uv": [7.5, 2.25, 7.75, 2.5], "texture": "#0" },"west": { "uv": [7.5, 2.25, 7.75, 2.5], "texture": "#0" },"up": { "uv": [7.5, 2.25, 7.75, 2.5], "texture": "#0" },"down": { "uv": [7.5, 2.25, 7.75, 2.5], "texture": "#0" }}},{"from": [4.61194, 9.04134, 3.75],"to": [4.86194, 9.29134, 3.75],"rotation": {"angle": 22.5,"axis": "z","origin": [6.8, 8.5, 3.8]},"faces": {"north": { "uv": [7.5, 2.5, 7.75, 2.75], "texture": "#0" },"east": { "uv": [7.5, 2.5, 7.75, 2.75], "texture": "#0" },"south": { "uv": [7.5, 2.5, 7.75, 2.75], "texture": "#0" },"west": { "uv": [7.5, 2.5, 7.75, 2.75], "texture": "#0" },"up": { "uv": [7.5, 2.5, 7.75, 2.75], "texture": "#0" },"down": { "uv": [7.5, 2.5, 7.75, 2.75], "texture": "#0" }}},{"from": [4.86194, 9.04134, 3.75],"to": [5.11194, 9.29134, 3.75],"rotation": {"angle": 22.5,"axis": "z","origin": [6.8, 8.5, 3.8]},"faces": {"north": { "uv": [7.5, 2.75, 7.75, 3], "texture": "#0" },"east": { "uv": [7.5, 2.75, 7.75, 3], "texture": "#0" },"south": { "uv": [7.5, 2.75, 7.75, 3], "texture": "#0" },"west": { "uv": [7.5, 2.75, 7.75, 3], "texture": "#0" },"up": { "uv": [7.5, 2.75, 7.75, 3], "texture": "#0" },"down": { "uv": [7.5, 2.75, 7.75, 3], "texture": "#0" }}},{"from": [5.11194, 9.04134, 3.75],"to": [5.36194, 9.29134, 3.75],"rotation": {"angle": 22.5,"axis": "z","origin": [6.8, 8.5, 3.8]},"faces": {"north": { "uv": [7.5, 3, 7.75, 3.25], "texture": "#0" },"east": { "uv": [7.5, 3, 7.75, 3.25], "texture": "#0" },"south": { "uv": [7.5, 3, 7.75, 3.25], "texture": "#0" },"west": { "uv": [7.5, 3, 7.75, 3.25], "texture": "#0" },"up": { "uv": [7.5, 3, 7.75, 3.25], "texture": "#0" },"down": { "uv": [7.5, 3, 7.75, 3.25], "texture": "#0" }}},{"from": [5.36194, 9.04134, 3.75],"to": [5.61194, 9.29134, 3.75],"rotation": {"angle": 22.5,"axis": "z","origin": [6.8, 8.5, 3.8]},"faces": {"north": { "uv": [7.5, 3.25, 7.75, 3.5], "texture": "#0" },"east": { "uv": [7.5, 3.25, 7.75, 3.5], "texture": "#0" },"south": { "uv": [7.5, 3.25, 7.75, 3.5], "texture": "#0" },"west": { "uv": [7.5, 3.25, 7.75, 3.5], "texture": "#0" },"up": { "uv": [7.5, 3.25, 7.75, 3.5], "texture": "#0" },"down": { "uv": [7.5, 3.25, 7.75, 3.5], "texture": "#0" }}},{"from": [5.61194, 9.04134, 3.75],"to": [5.86194, 9.29134, 3.75],"rotation": {"angle": 22.5,"axis": "z","origin": [6.8, 8.5, 3.8]},"faces": {"north": { "uv": [7.5, 3.5, 7.75, 3.75], "texture": "#0" },"east": { "uv": [7.5, 3.5, 7.75, 3.75], "texture": "#0" },"south": { "uv": [7.5, 3.5, 7.75, 3.75], "texture": "#0" },"west": { "uv": [7.5, 3.5, 7.75, 3.75], "texture": "#0" },"up": { "uv": [7.5, 3.5, 7.75, 3.75], "texture": "#0" },"down": { "uv": [7.5, 3.5, 7.75, 3.75], "texture": "#0" }}},{"from": [5.61194, 9.29134, 3.75],"to": [5.86194, 9.54134, 3.75],"rotation": {"angle": 22.5,"axis": "z","origin": [6.8, 8.5, 3.8]},"faces": {"north": { "uv": [7.5, 4, 7.75, 4.25], "texture": "#0" },"east": { "uv": [7.5, 4, 7.75, 4.25], "texture": "#0" },"south": { "uv": [7.5, 4, 7.75, 4.25], "texture": "#0" },"west": { "uv": [7.5, 4, 7.75, 4.25], "texture": "#0" },"up": { "uv": [7.5, 4, 7.75, 4.25], "texture": "#0" },"down": { "uv": [7.5, 4, 7.75, 4.25], "texture": "#0" }}},{"from": [5.36194, 9.29134, 3.75],"to": [5.61194, 9.54134, 3.75],"rotation": {"angle": 22.5,"axis": "z","origin": [6.8, 8.5, 3.8]},"faces": {"north": { "uv": [4.5, 7.5, 4.75, 7.75], "texture": "#0" },"east": { "uv": [4.5, 7.5, 4.75, 7.75], "texture": "#0" },"south": { "uv": [4.5, 7.5, 4.75, 7.75], "texture": "#0" },"west": { "uv": [4.5, 7.5, 4.75, 7.75], "texture": "#0" },"up": { "uv": [4.5, 7.5, 4.75, 7.75], "texture": "#0" },"down": { "uv": [4.5, 7.5, 4.75, 7.75], "texture": "#0" }}},{"from": [5.11194, 9.29134, 3.75],"to": [5.36194, 9.54134, 3.75],"rotation": {"angle": 22.5,"axis": "z","origin": [6.8, 8.5, 3.8]},"faces": {"north": { "uv": [4.75, 7.5, 5, 7.75], "texture": "#0" },"east": { "uv": [4.75, 7.5, 5, 7.75], "texture": "#0" },"south": { "uv": [4.75, 7.5, 5, 7.75], "texture": "#0" },"west": { "uv": [4.75, 7.5, 5, 7.75], "texture": "#0" },"up": { "uv": [4.75, 7.5, 5, 7.75], "texture": "#0" },"down": { "uv": [4.75, 7.5, 5, 7.75], "texture": "#0" }}},{"from": [4.86194, 9.29134, 3.75],"to": [5.11194, 9.54134, 3.75],"rotation": {"angle": 22.5,"axis": "z","origin": [6.8, 8.5, 3.8]},"faces": {"north": { "uv": [5, 7.5, 5.25, 7.75], "texture": "#0" },"east": { "uv": [5, 7.5, 5.25, 7.75], "texture": "#0" },"south": { "uv": [5, 7.5, 5.25, 7.75], "texture": "#0" },"west": { "uv": [5, 7.5, 5.25, 7.75], "texture": "#0" },"up": { "uv": [5, 7.5, 5.25, 7.75], "texture": "#0" },"down": { "uv": [5, 7.5, 5.25, 7.75], "texture": "#0" }}},{"from": [4.61194, 9.29134, 3.75],"to": [4.86194, 9.54134, 3.75],"rotation": {"angle": 22.5,"axis": "z","origin": [6.8, 8.5, 3.8]},"faces": {"north": { "uv": [5.5, 7.5, 5.75, 7.75], "texture": "#0" },"east": { "uv": [5.5, 7.5, 5.75, 7.75], "texture": "#0" },"south": { "uv": [5.5, 7.5, 5.75, 7.75], "texture": "#0" },"west": { "uv": [5.5, 7.5, 5.75, 7.75], "texture": "#0" },"up": { "uv": [5.5, 7.5, 5.75, 7.75], "texture": "#0" },"down": { "uv": [5.5, 7.5, 5.75, 7.75], "texture": "#0" }}},{"from": [4.36194, 9.29134, 3.75],"to": [4.61194, 9.54134, 3.75],"rotation": {"angle": 22.5,"axis": "z","origin": [6.8, 8.5, 3.8]},"faces": {"north": { "uv": [6, 7.5, 6.25, 7.75], "texture": "#0" },"east": { "uv": [6, 7.5, 6.25, 7.75], "texture": "#0" },"south": { "uv": [6, 7.5, 6.25, 7.75], "texture": "#0" },"west": { "uv": [6, 7.5, 6.25, 7.75], "texture": "#0" },"up": { "uv": [6, 7.5, 6.25, 7.75], "texture": "#0" },"down": { "uv": [6, 7.5, 6.25, 7.75], "texture": "#0" }}},{"from": [5.61194, 9.54134, 3.75],"to": [5.86194, 9.79134, 3.75],"rotation": {"angle": 22.5,"axis": "z","origin": [6.8, 8.5, 3.8]},"faces": {"north": { "uv": [6.5, 7.5, 6.75, 7.75], "texture": "#0" },"east": { "uv": [6.5, 7.5, 6.75, 7.75], "texture": "#0" },"south": { "uv": [6.5, 7.5, 6.75, 7.75], "texture": "#0" },"west": { "uv": [6.5, 7.5, 6.75, 7.75], "texture": "#0" },"up": { "uv": [6.5, 7.5, 6.75, 7.75], "texture": "#0" },"down": { "uv": [6.5, 7.5, 6.75, 7.75], "texture": "#0" }}},{"from": [5.36194, 9.54134, 3.75],"to": [5.61194, 9.79134, 3.75],"rotation": {"angle": 22.5,"axis": "z","origin": [6.8, 8.5, 3.8]},"faces": {"north": { "uv": [6.75, 7.5, 7, 7.75], "texture": "#0" },"east": { "uv": [6.75, 7.5, 7, 7.75], "texture": "#0" },"south": { "uv": [6.75, 7.5, 7, 7.75], "texture": "#0" },"west": { "uv": [6.75, 7.5, 7, 7.75], "texture": "#0" },"up": { "uv": [6.75, 7.5, 7, 7.75], "texture": "#0" },"down": { "uv": [6.75, 7.5, 7, 7.75], "texture": "#0" }}},{"from": [5.11194, 9.54134, 3.75],"to": [5.36194, 9.79134, 3.75],"rotation": {"angle": 22.5,"axis": "z","origin": [6.8, 8.5, 3.8]},"faces": {"north": { "uv": [7, 7.5, 7.25, 7.75], "texture": "#0" },"east": { "uv": [7, 7.5, 7.25, 7.75], "texture": "#0" },"south": { "uv": [7, 7.5, 7.25, 7.75], "texture": "#0" },"west": { "uv": [7, 7.5, 7.25, 7.75], "texture": "#0" },"up": { "uv": [7, 7.5, 7.25, 7.75], "texture": "#0" },"down": { "uv": [7, 7.5, 7.25, 7.75], "texture": "#0" }}},{"from": [4.86194, 9.54134, 3.75],"to": [5.11194, 9.79134, 3.75],"rotation": {"angle": 22.5,"axis": "z","origin": [6.8, 8.5, 3.8]},"faces": {"north": { "uv": [7.25, 7.5, 7.5, 7.75], "texture": "#0" },"east": { "uv": [7.25, 7.5, 7.5, 7.75], "texture": "#0" },"south": { "uv": [7.25, 7.5, 7.5, 7.75], "texture": "#0" },"west": { "uv": [7.25, 7.5, 7.5, 7.75], "texture": "#0" },"up": { "uv": [7.25, 7.5, 7.5, 7.75], "texture": "#0" },"down": { "uv": [7.25, 7.5, 7.5, 7.75], "texture": "#0" }}},{"from": [4.61194, 9.54134, 3.75],"to": [4.86194, 9.79134, 3.75],"rotation": {"angle": 22.5,"axis": "z","origin": [6.8, 8.5, 3.8]},"faces": {"north": { "uv": [7.5, 7.5, 7.75, 7.75], "texture": "#0" },"east": { "uv": [7.5, 7.5, 7.75, 7.75], "texture": "#0" },"south": { "uv": [7.5, 7.5, 7.75, 7.75], "texture": "#0" },"west": { "uv": [7.5, 7.5, 7.75, 7.75], "texture": "#0" },"up": { "uv": [7.5, 7.5, 7.75, 7.75], "texture": "#0" },"down": { "uv": [7.5, 7.5, 7.75, 7.75], "texture": "#0" }}},{"from": [4.36194, 9.79134, 3.75],"to": [4.61194, 10.04134, 3.75],"rotation": {"angle": 22.5,"axis": "z","origin": [6.8, 8.5, 3.8]},"faces": {"north": { "uv": [0.5, 7.75, 0.75, 8], "texture": "#0" },"east": { "uv": [0.5, 7.75, 0.75, 8], "texture": "#0" },"south": { "uv": [0.5, 7.75, 0.75, 8], "texture": "#0" },"west": { "uv": [0.5, 7.75, 0.75, 8], "texture": "#0" },"up": { "uv": [0.5, 7.75, 0.75, 8], "texture": "#0" },"down": { "uv": [0.5, 7.75, 0.75, 8], "texture": "#0" }}},{"from": [4.61194, 9.79134, 3.75],"to": [4.86194, 10.04134, 3.75],"rotation": {"angle": 22.5,"axis": "z","origin": [6.8, 8.5, 3.8]},"faces": {"north": { "uv": [1, 7.75, 1.25, 8], "texture": "#0" },"east": { "uv": [1, 7.75, 1.25, 8], "texture": "#0" },"south": { "uv": [1, 7.75, 1.25, 8], "texture": "#0" },"west": { "uv": [1, 7.75, 1.25, 8], "texture": "#0" },"up": { "uv": [1, 7.75, 1.25, 8], "texture": "#0" },"down": { "uv": [1, 7.75, 1.25, 8], "texture": "#0" }}},{"from": [4.86194, 9.79134, 3.75],"to": [5.11194, 10.04134, 3.75],"rotation": {"angle": 22.5,"axis": "z","origin": [6.8, 8.5, 3.8]},"faces": {"north": { "uv": [7.75, 1.25, 8, 1.5], "texture": "#0" },"east": { "uv": [7.75, 1.25, 8, 1.5], "texture": "#0" },"south": { "uv": [7.75, 1.25, 8, 1.5], "texture": "#0" },"west": { "uv": [7.75, 1.25, 8, 1.5], "texture": "#0" },"up": { "uv": [7.75, 1.25, 8, 1.5], "texture": "#0" },"down": { "uv": [7.75, 1.25, 8, 1.5], "texture": "#0" }}},{"from": [5.11194, 9.79134, 3.75],"to": [5.36194, 10.04134, 3.75],"rotation": {"angle": 22.5,"axis": "z","origin": [6.8, 8.5, 3.8]},"faces": {"north": { "uv": [7.75, 1.5, 8, 1.75], "texture": "#0" },"east": { "uv": [7.75, 1.5, 8, 1.75], "texture": "#0" },"south": { "uv": [7.75, 1.5, 8, 1.75], "texture": "#0" },"west": { "uv": [7.75, 1.5, 8, 1.75], "texture": "#0" },"up": { "uv": [7.75, 1.5, 8, 1.75], "texture": "#0" },"down": { "uv": [7.75, 1.5, 8, 1.75], "texture": "#0" }}},{"from": [5.36194, 9.79134, 3.75],"to": [5.61194, 10.04134, 3.75],"rotation": {"angle": 22.5,"axis": "z","origin": [6.8, 8.5, 3.8]},"faces": {"north": { "uv": [7.75, 1.75, 8, 2], "texture": "#0" },"east": { "uv": [7.75, 1.75, 8, 2], "texture": "#0" },"south": { "uv": [7.75, 1.75, 8, 2], "texture": "#0" },"west": { "uv": [7.75, 1.75, 8, 2], "texture": "#0" },"up": { "uv": [7.75, 1.75, 8, 2], "texture": "#0" },"down": { "uv": [7.75, 1.75, 8, 2], "texture": "#0" }}},{"from": [5.61194, 9.79134, 3.75],"to": [5.86194, 10.04134, 3.75],"rotation": {"angle": 22.5,"axis": "z","origin": [6.8, 8.5, 3.8]},"faces": {"north": { "uv": [7.75, 2, 8, 2.25], "texture": "#0" },"east": { "uv": [7.75, 2, 8, 2.25], "texture": "#0" },"south": { "uv": [7.75, 2, 8, 2.25], "texture": "#0" },"west": { "uv": [7.75, 2, 8, 2.25], "texture": "#0" },"up": { "uv": [7.75, 2, 8, 2.25], "texture": "#0" },"down": { "uv": [7.75, 2, 8, 2.25], "texture": "#0" }}},{"from": [5.61194, 10.04134, 3.75],"to": [5.86194, 10.29134, 3.75],"rotation": {"angle": 22.5,"axis": "z","origin": [6.8, 8.5, 3.8]},"faces": {"north": { "uv": [7.75, 2.25, 8, 2.5], "texture": "#0" },"east": { "uv": [7.75, 2.25, 8, 2.5], "texture": "#0" },"south": { "uv": [7.75, 2.25, 8, 2.5], "texture": "#0" },"west": { "uv": [7.75, 2.25, 8, 2.5], "texture": "#0" },"up": { "uv": [7.75, 2.25, 8, 2.5], "texture": "#0" },"down": { "uv": [7.75, 2.25, 8, 2.5], "texture": "#0" }}},{"from": [5.36194, 10.04134, 3.75],"to": [5.61194, 10.29134, 3.75],"rotation": {"angle": 22.5,"axis": "z","origin": [6.8, 8.5, 3.8]},"faces": {"north": { "uv": [7.75, 2.5, 8, 2.75], "texture": "#0" },"east": { "uv": [7.75, 2.5, 8, 2.75], "texture": "#0" },"south": { "uv": [7.75, 2.5, 8, 2.75], "texture": "#0" },"west": { "uv": [7.75, 2.5, 8, 2.75], "texture": "#0" },"up": { "uv": [7.75, 2.5, 8, 2.75], "texture": "#0" },"down": { "uv": [7.75, 2.5, 8, 2.75], "texture": "#0" }}},{"from": [5.11194, 10.04134, 3.75],"to": [5.36194, 10.29134, 3.75],"rotation": {"angle": 22.5,"axis": "z","origin": [6.8, 8.5, 3.8]},"faces": {"north": { "uv": [7.75, 2.75, 8, 3], "texture": "#0" },"east": { "uv": [7.75, 2.75, 8, 3], "texture": "#0" },"south": { "uv": [7.75, 2.75, 8, 3], "texture": "#0" },"west": { "uv": [7.75, 2.75, 8, 3], "texture": "#0" },"up": { "uv": [7.75, 2.75, 8, 3], "texture": "#0" },"down": { "uv": [7.75, 2.75, 8, 3], "texture": "#0" }}},{"from": [4.86194, 10.04134, 3.75],"to": [5.11194, 10.29134, 3.75],"rotation": {"angle": 22.5,"axis": "z","origin": [6.8, 8.5, 3.8]},"faces": {"north": { "uv": [7.75, 3, 8, 3.25], "texture": "#0" },"east": { "uv": [7.75, 3, 8, 3.25], "texture": "#0" },"south": { "uv": [7.75, 3, 8, 3.25], "texture": "#0" },"west": { "uv": [7.75, 3, 8, 3.25], "texture": "#0" },"up": { "uv": [7.75, 3, 8, 3.25], "texture": "#0" },"down": { "uv": [7.75, 3, 8, 3.25], "texture": "#0" }}},{"from": [4.61194, 10.04134, 3.75],"to": [4.86194, 10.29134, 3.75],"rotation": {"angle": 22.5,"axis": "z","origin": [6.8, 8.5, 3.8]},"faces": {"north": { "uv": [7.75, 3.25, 8, 3.5], "texture": "#0" },"east": { "uv": [7.75, 3.25, 8, 3.5], "texture": "#0" },"south": { "uv": [7.75, 3.25, 8, 3.5], "texture": "#0" },"west": { "uv": [7.75, 3.25, 8, 3.5], "texture": "#0" },"up": { "uv": [7.75, 3.25, 8, 3.5], "texture": "#0" },"down": { "uv": [7.75, 3.25, 8, 3.5], "texture": "#0" }}},{"from": [4.36194, 10.04134, 3.75],"to": [4.61194, 10.29134, 3.75],"rotation": {"angle": 22.5,"axis": "z","origin": [6.8, 8.5, 3.8]},"faces": {"north": { "uv": [7.75, 3.5, 8, 3.75], "texture": "#0" },"east": { "uv": [7.75, 3.5, 8, 3.75], "texture": "#0" },"south": { "uv": [7.75, 3.5, 8, 3.75], "texture": "#0" },"west": { "uv": [7.75, 3.5, 8, 3.75], "texture": "#0" },"up": { "uv": [7.75, 3.5, 8, 3.75], "texture": "#0" },"down": { "uv": [7.75, 3.5, 8, 3.75], "texture": "#0" }}},{"from": [5.61194, 11.29134, 3.75],"to": [5.86194, 11.54134, 3.75],"rotation": {"angle": 22.5,"axis": "z","origin": [6.8, 8.5, 3.8]},"faces": {"north": { "uv": [7.75, 4, 8, 4.25], "texture": "#0" },"east": { "uv": [7.75, 4, 8, 4.25], "texture": "#0" },"south": { "uv": [7.75, 4, 8, 4.25], "texture": "#0" },"west": { "uv": [7.75, 4, 8, 4.25], "texture": "#0" },"up": { "uv": [7.75, 4, 8, 4.25], "texture": "#0" },"down": { "uv": [7.75, 4, 8, 4.25], "texture": "#0" }}},{"from": [5.11194, 11.29134, 3.75],"to": [5.36194, 11.54134, 3.75],"rotation": {"angle": 22.5,"axis": "z","origin": [6.8, 8.5, 3.8]},"faces": {"north": { "uv": [4.5, 7.75, 4.75, 8], "texture": "#0" },"east": { "uv": [4.5, 7.75, 4.75, 8], "texture": "#0" },"south": { "uv": [4.5, 7.75, 4.75, 8], "texture": "#0" },"west": { "uv": [4.5, 7.75, 4.75, 8], "texture": "#0" },"up": { "uv": [4.5, 7.75, 4.75, 8], "texture": "#0" },"down": { "uv": [4.5, 7.75, 4.75, 8], "texture": "#0" }}},{"from": [4.36194, 11.29134, 3.75],"to": [4.61194, 11.54134, 3.75],"rotation": {"angle": 22.5,"axis": "z","origin": [6.8, 8.5, 3.8]},"faces": {"north": { "uv": [4.75, 7.75, 5, 8], "texture": "#0" },"east": { "uv": [4.75, 7.75, 5, 8], "texture": "#0" },"south": { "uv": [4.75, 7.75, 5, 8], "texture": "#0" },"west": { "uv": [4.75, 7.75, 5, 8], "texture": "#0" },"up": { "uv": [4.75, 7.75, 5, 8], "texture": "#0" },"down": { "uv": [4.75, 7.75, 5, 8], "texture": "#0" }}},{"from": [4.61194, 11.04134, 3.75],"to": [4.86194, 11.29134, 3.75],"rotation": {"angle": 22.5,"axis": "z","origin": [6.8, 8.5, 3.8]},"faces": {"north": { "uv": [5, 7.75, 5.25, 8], "texture": "#0" },"east": { "uv": [5, 7.75, 5.25, 8], "texture": "#0" },"south": { "uv": [5, 7.75, 5.25, 8], "texture": "#0" },"west": { "uv": [5, 7.75, 5.25, 8], "texture": "#0" },"up": { "uv": [5, 7.75, 5.25, 8], "texture": "#0" },"down": { "uv": [5, 7.75, 5.25, 8], "texture": "#0" }}},{"from": [4.86194, 11.04134, 3.75],"to": [5.11194, 11.29134, 3.75],"rotation": {"angle": 22.5,"axis": "z","origin": [6.8, 8.5, 3.8]},"faces": {"north": { "uv": [5.5, 7.75, 5.75, 8], "texture": "#0" },"east": { "uv": [5.5, 7.75, 5.75, 8], "texture": "#0" },"south": { "uv": [5.5, 7.75, 5.75, 8], "texture": "#0" },"west": { "uv": [5.5, 7.75, 5.75, 8], "texture": "#0" },"up": { "uv": [5.5, 7.75, 5.75, 8], "texture": "#0" },"down": { "uv": [5.5, 7.75, 5.75, 8], "texture": "#0" }}},{"from": [5.11194, 11.04134, 3.75],"to": [5.36194, 11.29134, 3.75],"rotation": {"angle": 22.5,"axis": "z","origin": [6.8, 8.5, 3.8]},"faces": {"north": { "uv": [6, 7.75, 6.25, 8], "texture": "#0" },"east": { "uv": [6, 7.75, 6.25, 8], "texture": "#0" },"south": { "uv": [6, 7.75, 6.25, 8], "texture": "#0" },"west": { "uv": [6, 7.75, 6.25, 8], "texture": "#0" },"up": { "uv": [6, 7.75, 6.25, 8], "texture": "#0" },"down": { "uv": [6, 7.75, 6.25, 8], "texture": "#0" }}},{"from": [5.36194, 11.04134, 3.75],"to": [5.61194, 11.29134, 3.75],"rotation": {"angle": 22.5,"axis": "z","origin": [6.8, 8.5, 3.8]},"faces": {"north": { "uv": [6.25, 7.75, 6.5, 8], "texture": "#0" },"east": { "uv": [6.25, 7.75, 6.5, 8], "texture": "#0" },"south": { "uv": [6.25, 7.75, 6.5, 8], "texture": "#0" },"west": { "uv": [6.25, 7.75, 6.5, 8], "texture": "#0" },"up": { "uv": [6.25, 7.75, 6.5, 8], "texture": "#0" },"down": { "uv": [6.25, 7.75, 6.5, 8], "texture": "#0" }}},{"from": [5.61194, 11.04134, 3.75],"to": [5.86194, 11.29134, 3.75],"rotation": {"angle": 22.5,"axis": "z","origin": [6.8, 8.5, 3.8]},"faces": {"north": { "uv": [6.5, 7.75, 6.75, 8], "texture": "#0" },"east": { "uv": [6.5, 7.75, 6.75, 8], "texture": "#0" },"south": { "uv": [6.5, 7.75, 6.75, 8], "texture": "#0" },"west": { "uv": [6.5, 7.75, 6.75, 8], "texture": "#0" },"up": { "uv": [6.5, 7.75, 6.75, 8], "texture": "#0" },"down": { "uv": [6.5, 7.75, 6.75, 8], "texture": "#0" }}},{"from": [5.61194, 10.79134, 3.75],"to": [5.86194, 11.04134, 3.75],"rotation": {"angle": 22.5,"axis": "z","origin": [6.8, 8.5, 3.8]},"faces": {"north": { "uv": [6.75, 7.75, 7, 8], "texture": "#0" },"east": { "uv": [6.75, 7.75, 7, 8], "texture": "#0" },"south": { "uv": [6.75, 7.75, 7, 8], "texture": "#0" },"west": { "uv": [6.75, 7.75, 7, 8], "texture": "#0" },"up": { "uv": [6.75, 7.75, 7, 8], "texture": "#0" },"down": { "uv": [6.75, 7.75, 7, 8], "texture": "#0" }}},{"from": [5.36194, 10.79134, 3.75],"to": [5.61194, 11.04134, 3.75],"rotation": {"angle": 22.5,"axis": "z","origin": [6.8, 8.5, 3.8]},"faces": {"north": { "uv": [7, 7.75, 7.25, 8], "texture": "#0" },"east": { "uv": [7, 7.75, 7.25, 8], "texture": "#0" },"south": { "uv": [7, 7.75, 7.25, 8], "texture": "#0" },"west": { "uv": [7, 7.75, 7.25, 8], "texture": "#0" },"up": { "uv": [7, 7.75, 7.25, 8], "texture": "#0" },"down": { "uv": [7, 7.75, 7.25, 8], "texture": "#0" }}},{"from": [5.11194, 10.79134, 3.75],"to": [5.36194, 11.04134, 3.75],"rotation": {"angle": 22.5,"axis": "z","origin": [6.8, 8.5, 3.8]},"faces": {"north": { "uv": [7.25, 7.75, 7.5, 8], "texture": "#0" },"east": { "uv": [7.25, 7.75, 7.5, 8], "texture": "#0" },"south": { "uv": [7.25, 7.75, 7.5, 8], "texture": "#0" },"west": { "uv": [7.25, 7.75, 7.5, 8], "texture": "#0" },"up": { "uv": [7.25, 7.75, 7.5, 8], "texture": "#0" },"down": { "uv": [7.25, 7.75, 7.5, 8], "texture": "#0" }}},{"from": [4.86194, 10.79134, 3.75],"to": [5.11194, 11.04134, 3.75],"rotation": {"angle": 22.5,"axis": "z","origin": [6.8, 8.5, 3.8]},"faces": {"north": { "uv": [7.5, 7.75, 7.75, 8], "texture": "#0" },"east": { "uv": [7.5, 7.75, 7.75, 8], "texture": "#0" },"south": { "uv": [7.5, 7.75, 7.75, 8], "texture": "#0" },"west": { "uv": [7.5, 7.75, 7.75, 8], "texture": "#0" },"up": { "uv": [7.5, 7.75, 7.75, 8], "texture": "#0" },"down": { "uv": [7.5, 7.75, 7.75, 8], "texture": "#0" }}},{"from": [4.61194, 10.79134, 3.75],"to": [4.86194, 11.04134, 3.75],"rotation": {"angle": 22.5,"axis": "z","origin": [6.8, 8.5, 3.8]},"faces": {"north": { "uv": [7.75, 7.75, 8, 8], "texture": "#0" },"east": { "uv": [7.75, 7.75, 8, 8], "texture": "#0" },"south": { "uv": [7.75, 7.75, 8, 8], "texture": "#0" },"west": { "uv": [7.75, 7.75, 8, 8], "texture": "#0" },"up": { "uv": [7.75, 7.75, 8, 8], "texture": "#0" },"down": { "uv": [7.75, 7.75, 8, 8], "texture": "#0" }}},{"from": [4.36194, 10.79134, 3.75],"to": [4.61194, 11.04134, 3.75],"rotation": {"angle": 22.5,"axis": "z","origin": [6.8, 8.5, 3.8]},"faces": {"north": { "uv": [0.5, 8, 0.75, 8.25], "texture": "#0" },"east": { "uv": [0.5, 8, 0.75, 8.25], "texture": "#0" },"south": { "uv": [0.5, 8, 0.75, 8.25], "texture": "#0" },"west": { "uv": [0.5, 8, 0.75, 8.25], "texture": "#0" },"up": { "uv": [0.5, 8, 0.75, 8.25], "texture": "#0" },"down": { "uv": [0.5, 8, 0.75, 8.25], "texture": "#0" }}},{"from": [4.36194, 10.54134, 3.75],"to": [4.61194, 10.79134, 3.75],"rotation": {"angle": 22.5,"axis": "z","origin": [6.8, 8.5, 3.8]},"faces": {"north": { "uv": [1, 8, 1.25, 8.25], "texture": "#0" },"east": { "uv": [1, 8, 1.25, 8.25], "texture": "#0" },"south": { "uv": [1, 8, 1.25, 8.25], "texture": "#0" },"west": { "uv": [1, 8, 1.25, 8.25], "texture": "#0" },"up": { "uv": [1, 8, 1.25, 8.25], "texture": "#0" },"down": { "uv": [1, 8, 1.25, 8.25], "texture": "#0" }}},{"from": [4.61194, 10.54134, 3.75],"to": [4.86194, 10.79134, 3.75],"rotation": {"angle": 22.5,"axis": "z","origin": [6.8, 8.5, 3.8]},"faces": {"north": { "uv": [8, 1.25, 8.25, 1.5], "texture": "#0" },"east": { "uv": [8, 1.25, 8.25, 1.5], "texture": "#0" },"south": { "uv": [8, 1.25, 8.25, 1.5], "texture": "#0" },"west": { "uv": [8, 1.25, 8.25, 1.5], "texture": "#0" },"up": { "uv": [8, 1.25, 8.25, 1.5], "texture": "#0" },"down": { "uv": [8, 1.25, 8.25, 1.5], "texture": "#0" }}},{"from": [4.86194, 10.54134, 3.75],"to": [5.11194, 10.79134, 3.75],"rotation": {"angle": 22.5,"axis": "z","origin": [6.8, 8.5, 3.8]},"faces": {"north": { "uv": [8, 1.5, 8.25, 1.75], "texture": "#0" },"east": { "uv": [8, 1.5, 8.25, 1.75], "texture": "#0" },"south": { "uv": [8, 1.5, 8.25, 1.75], "texture": "#0" },"west": { "uv": [8, 1.5, 8.25, 1.75], "texture": "#0" },"up": { "uv": [8, 1.5, 8.25, 1.75], "texture": "#0" },"down": { "uv": [8, 1.5, 8.25, 1.75], "texture": "#0" }}},{"from": [5.11194, 10.54134, 3.75],"to": [5.36194, 10.79134, 3.75],"rotation": {"angle": 22.5,"axis": "z","origin": [6.8, 8.5, 3.8]},"faces": {"north": { "uv": [8, 1.75, 8.25, 2], "texture": "#0" },"east": { "uv": [8, 1.75, 8.25, 2], "texture": "#0" },"south": { "uv": [8, 1.75, 8.25, 2], "texture": "#0" },"west": { "uv": [8, 1.75, 8.25, 2], "texture": "#0" },"up": { "uv": [8, 1.75, 8.25, 2], "texture": "#0" },"down": { "uv": [8, 1.75, 8.25, 2], "texture": "#0" }}},{"from": [5.36194, 10.54134, 3.75],"to": [5.61194, 10.79134, 3.75],"rotation": {"angle": 22.5,"axis": "z","origin": [6.8, 8.5, 3.8]},"faces": {"north": { "uv": [8, 2, 8.25, 2.25], "texture": "#0" },"east": { "uv": [8, 2, 8.25, 2.25], "texture": "#0" },"south": { "uv": [8, 2, 8.25, 2.25], "texture": "#0" },"west": { "uv": [8, 2, 8.25, 2.25], "texture": "#0" },"up": { "uv": [8, 2, 8.25, 2.25], "texture": "#0" },"down": { "uv": [8, 2, 8.25, 2.25], "texture": "#0" }}},{"from": [5.61194, 10.54134, 3.75],"to": [5.86194, 10.79134, 3.75],"rotation": {"angle": 22.5,"axis": "z","origin": [6.8, 8.5, 3.8]},"faces": {"north": { "uv": [8, 2.25, 8.25, 2.5], "texture": "#0" },"east": { "uv": [8, 2.25, 8.25, 2.5], "texture": "#0" },"south": { "uv": [8, 2.25, 8.25, 2.5], "texture": "#0" },"west": { "uv": [8, 2.25, 8.25, 2.5], "texture": "#0" },"up": { "uv": [8, 2.25, 8.25, 2.5], "texture": "#0" },"down": { "uv": [8, 2.25, 8.25, 2.5], "texture": "#0" }}},{"from": [5.61194, 10.29134, 3.75],"to": [5.86194, 10.54134, 3.75],"rotation": {"angle": 22.5,"axis": "z","origin": [6.8, 8.5, 3.8]},"faces": {"north": { "uv": [8, 2.5, 8.25, 2.75], "texture": "#0" },"east": { "uv": [8, 2.5, 8.25, 2.75], "texture": "#0" },"south": { "uv": [8, 2.5, 8.25, 2.75], "texture": "#0" },"west": { "uv": [8, 2.5, 8.25, 2.75], "texture": "#0" },"up": { "uv": [8, 2.5, 8.25, 2.75], "texture": "#0" },"down": { "uv": [8, 2.5, 8.25, 2.75], "texture": "#0" }}},{"from": [5.36194, 10.29134, 3.75],"to": [5.61194, 10.54134, 3.75],"rotation": {"angle": 22.5,"axis": "z","origin": [6.8, 8.5, 3.8]},"faces": {"north": { "uv": [8, 2.75, 8.25, 3], "texture": "#0" },"east": { "uv": [8, 2.75, 8.25, 3], "texture": "#0" },"south": { "uv": [8, 2.75, 8.25, 3], "texture": "#0" },"west": { "uv": [8, 2.75, 8.25, 3], "texture": "#0" },"up": { "uv": [8, 2.75, 8.25, 3], "texture": "#0" },"down": { "uv": [8, 2.75, 8.25, 3], "texture": "#0" }}},{"from": [5.11194, 10.29134, 3.75],"to": [5.36194, 10.54134, 3.75],"rotation": {"angle": 22.5,"axis": "z","origin": [6.8, 8.5, 3.8]},"faces": {"north": { "uv": [8, 3, 8.25, 3.25], "texture": "#0" },"east": { "uv": [8, 3, 8.25, 3.25], "texture": "#0" },"south": { "uv": [8, 3, 8.25, 3.25], "texture": "#0" },"west": { "uv": [8, 3, 8.25, 3.25], "texture": "#0" },"up": { "uv": [8, 3, 8.25, 3.25], "texture": "#0" },"down": { "uv": [8, 3, 8.25, 3.25], "texture": "#0" }}},{"from": [4.86194, 10.29134, 3.75],"to": [5.11194, 10.54134, 3.75],"rotation": {"angle": 22.5,"axis": "z","origin": [6.8, 8.5, 3.8]},"faces": {"north": { "uv": [8, 3.25, 8.25, 3.5], "texture": "#0" },"east": { "uv": [8, 3.25, 8.25, 3.5], "texture": "#0" },"south": { "uv": [8, 3.25, 8.25, 3.5], "texture": "#0" },"west": { "uv": [8, 3.25, 8.25, 3.5], "texture": "#0" },"up": { "uv": [8, 3.25, 8.25, 3.5], "texture": "#0" },"down": { "uv": [8, 3.25, 8.25, 3.5], "texture": "#0" }}},{"from": [4.36194, 10.29134, 3.75],"to": [4.61194, 10.54134, 3.75],"rotation": {"angle": 22.5,"axis": "z","origin": [6.8, 8.5, 3.8]},"faces": {"north": { "uv": [8, 3.5, 8.25, 3.75], "texture": "#0" },"east": { "uv": [8, 3.5, 8.25, 3.75], "texture": "#0" },"south": { "uv": [8, 3.5, 8.25, 3.75], "texture": "#0" },"west": { "uv": [8, 3.5, 8.25, 3.75], "texture": "#0" },"up": { "uv": [8, 3.5, 8.25, 3.75], "texture": "#0" },"down": { "uv": [8, 3.5, 8.25, 3.75], "texture": "#0" }}},{"from": [3.75, 7, 13.25],"to": [13.25, 8, 13.25],"faces": {"north": { "uv": [6.75, 1, 9.25, 1.25], "texture": "#0" },"east": { "uv": [6.75, 1, 9.25, 1.25], "texture": "#0" },"south": { "uv": [6.75, 1, 9.25, 1.25], "texture": "#0" },"west": { "uv": [6.75, 1, 9.25, 1.25], "texture": "#0" },"up": { "uv": [6.75, 1, 9.25, 1.25], "texture": "#0" },"down": { "uv": [6.75, 1, 9.25, 1.25], "texture": "#0" }}},{"from": [4, 11, 4],"to": [13, 11, 13],"faces": {"north": { "uv": [2, 2.25, 0, 0], "texture": "#0" },"east": { "uv": [2, 2.25, 0, 0], "texture": "#0" },"south": { "uv": [2, 2.25, 0, 0], "texture": "#0" },"west": { "uv": [2, 2.25, 0, 0], "texture": "#0" },"up": { "uv": [2, 2.25, 0, 0], "texture": "#0" },"down": { "uv": [2, 2.25, 0, 0], "texture": "#0" }}},{"from": [13, 7, 4],"to": [16, 7, 13],"faces": {"north": { "uv": [5.25, 4.25, 4.5, 2], "texture": "#0" },"east": { "uv": [5.25, 4.25, 4.5, 2], "texture": "#0" },"south": { "uv": [5.25, 4.25, 4.5, 2], "texture": "#0" },"west": { "uv": [5.25, 4.25, 4.5, 2], "texture": "#0" },"up": { "uv": [5.25, 4.25, 4.5, 2], "texture": "#0" },"down": { "uv": [5.25, 4.25, 4.5, 2], "texture": "#0" }}},{"from": [1, 7, 4],"to": [4, 7, 13],"faces": {"north": { "uv": [3, 7.25, 2.25, 5], "texture": "#0" },"east": { "uv": [3, 7.25, 2.25, 5], "texture": "#0" },"south": { "uv": [3, 7.25, 2.25, 5], "texture": "#0" },"west": { "uv": [3, 7.25, 2.25, 5], "texture": "#0" },"up": { "uv": [3, 7.25, 2.25, 5], "texture": "#0" },"down": { "uv": [3, 7.25, 2.25, 5], "texture": "#0" }}},{"from": [4, 7, 1],"to": [13, 7, 4],"faces": {"north": { "uv": [7.5, 2.75, 5.25, 2], "texture": "#0" },"east": { "uv": [7.5, 2.75, 5.25, 2], "texture": "#0" },"south": { "uv": [7.5, 2.75, 5.25, 2], "texture": "#0" },"west": { "uv": [7.5, 2.75, 5.25, 2], "texture": "#0" },"up": { "uv": [7.5, 2.75, 5.25, 2], "texture": "#0" },"down": { "uv": [7.5, 2.75, 5.25, 2], "texture": "#0" }}},{"from": [4, 7, 13],"to": [13, 7, 16],"faces": {"north": { "uv": [7.5, 4.25, 5.25, 3.5], "texture": "#0" },"east": { "uv": [7.5, 4.25, 5.25, 3.5], "texture": "#0" },"south": { "uv": [7.5, 4.25, 5.25, 3.5], "texture": "#0" },"west": { "uv": [7.5, 4.25, 5.25, 3.5], "texture": "#0" },"up": { "uv": [7.5, 4.25, 5.25, 3.5], "texture": "#0" },"down": { "uv": [7.5, 4.25, 5.25, 3.5], "texture": "#0" }}},{"from": [13, 7, 2],"to": [15, 7, 4],"faces": {"north": { "uv": [0.75, 6, 0.25, 5.5], "texture": "#0" },"east": { "uv": [0.75, 6, 0.25, 5.5], "texture": "#0" },"south": { "uv": [0.75, 6, 0.25, 5.5], "texture": "#0" },"west": { "uv": [0.75, 6, 0.25, 5.5], "texture": "#0" },"up": { "uv": [0.75, 6, 0.25, 5.5], "texture": "#0" },"down": { "uv": [0.75, 6, 0.25, 5.5], "texture": "#0" }}},{"from": [13, 7, 13],"to": [15, 7, 15],"faces": {"north": { "uv": [1.75, 6, 1.25, 5.5], "texture": "#0" },"east": { "uv": [1.75, 6, 1.25, 5.5], "texture": "#0" },"south": { "uv": [1.75, 6, 1.25, 5.5], "texture": "#0" },"west": { "uv": [1.75, 6, 1.25, 5.5], "texture": "#0" },"up": { "uv": [1.75, 6, 1.25, 5.5], "texture": "#0" },"down": { "uv": [1.75, 6, 1.25, 5.5], "texture": "#0" }}},{"from": [2, 7, 13],"to": [4, 7, 15],"faces": {"north": { "uv": [0.75, 6.5, 0.25, 6], "texture": "#0" },"east": { "uv": [0.75, 6.5, 0.25, 6], "texture": "#0" },"south": { "uv": [0.75, 6.5, 0.25, 6], "texture": "#0" },"west": { "uv": [0.75, 6.5, 0.25, 6], "texture": "#0" },"up": { "uv": [0.75, 6.5, 0.25, 6], "texture": "#0" },"down": { "uv": [0.75, 6.5, 0.25, 6], "texture": "#0" }}},{"from": [2, 7, 2],"to": [4, 7, 4],"faces": {"north": { "uv": [1.75, 6.5, 1.25, 6], "texture": "#0" },"east": { "uv": [1.75, 6.5, 1.25, 6], "texture": "#0" },"south": { "uv": [1.75, 6.5, 1.25, 6], "texture": "#0" },"west": { "uv": [1.75, 6.5, 1.25, 6], "texture": "#0" },"up": { "uv": [1.75, 6.5, 1.25, 6], "texture": "#0" },"down": { "uv": [1.75, 6.5, 1.25, 6], "texture": "#0" }}},{"from": [1, 7, 1],"to": [4, 7, 2],"faces": {"north": { "uv": [1, 6.75, 0.25, 6.5], "texture": "#0" },"east": { "uv": [1, 6.75, 0.25, 6.5], "texture": "#0" },"south": { "uv": [1, 6.75, 0.25, 6.5], "texture": "#0" },"west": { "uv": [1, 6.75, 0.25, 6.5], "texture": "#0" },"up": { "uv": [1, 6.75, 0.25, 6.5], "texture": "#0" },"down": { "uv": [1, 6.75, 0.25, 6.5], "texture": "#0" }}},{"from": [1, 7, 2],"to": [2, 7, 4],"faces": {"north": { "uv": [4.75, 7.25, 4.5, 6.75], "texture": "#0" },"east": { "uv": [4.75, 7.25, 4.5, 6.75], "texture": "#0" },"south": { "uv": [4.75, 7.25, 4.5, 6.75], "texture": "#0" },"west": { "uv": [4.75, 7.25, 4.5, 6.75], "texture": "#0" },"up": { "uv": [4.75, 7.25, 4.5, 6.75], "texture": "#0" },"down": { "uv": [4.75, 7.25, 4.5, 6.75], "texture": "#0" }}},{"from": [1, 7, 13],"to": [2, 7, 16],"faces": {"north": { "uv": [2, 7.25, 1.75, 6.5], "texture": "#0" },"east": { "uv": [2, 7.25, 1.75, 6.5], "texture": "#0" },"south": { "uv": [2, 7.25, 1.75, 6.5], "texture": "#0" },"west": { "uv": [2, 7.25, 1.75, 6.5], "texture": "#0" },"up": { "uv": [2, 7.25, 1.75, 6.5], "texture": "#0" },"down": { "uv": [2, 7.25, 1.75, 6.5], "texture": "#0" }}},{"from": [2, 7, 15],"to": [4, 7, 16],"faces": {"north": { "uv": [7.25, 2, 6.75, 1.75], "texture": "#0" },"east": { "uv": [7.25, 2, 6.75, 1.75], "texture": "#0" },"south": { "uv": [7.25, 2, 6.75, 1.75], "texture": "#0" },"west": { "uv": [7.25, 2, 6.75, 1.75], "texture": "#0" },"up": { "uv": [7.25, 2, 6.75, 1.75], "texture": "#0" },"down": { "uv": [7.25, 2, 6.75, 1.75], "texture": "#0" }}},{"from": [13, 7, 15],"to": [16, 7, 16],"faces": {"north": { "uv": [1, 7, 0.25, 6.75], "texture": "#0" },"east": { "uv": [1, 7, 0.25, 6.75], "texture": "#0" },"south": { "uv": [1, 7, 0.25, 6.75], "texture": "#0" },"west": { "uv": [1, 7, 0.25, 6.75], "texture": "#0" },"up": { "uv": [1, 7, 0.25, 6.75], "texture": "#0" },"down": { "uv": [1, 7, 0.25, 6.75], "texture": "#0" }}},{"from": [15, 7, 13],"to": [16, 7, 15],"faces": {"north": { "uv": [5.75, 7.25, 5.5, 6.75], "texture": "#0" },"east": { "uv": [5.75, 7.25, 5.5, 6.75], "texture": "#0" },"south": { "uv": [5.75, 7.25, 5.5, 6.75], "texture": "#0" },"west": { "uv": [5.75, 7.25, 5.5, 6.75], "texture": "#0" },"up": { "uv": [5.75, 7.25, 5.5, 6.75], "texture": "#0" },"down": { "uv": [5.75, 7.25, 5.5, 6.75], "texture": "#0" }}},{"from": [15, 7, 2],"to": [16, 7, 4],"faces": {"north": { "uv": [6.25, 7.25, 6, 6.75], "texture": "#0" },"east": { "uv": [6.25, 7.25, 6, 6.75], "texture": "#0" },"south": { "uv": [6.25, 7.25, 6, 6.75], "texture": "#0" },"west": { "uv": [6.25, 7.25, 6, 6.75], "texture": "#0" },"up": { "uv": [6.25, 7.25, 6, 6.75], "texture": "#0" },"down": { "uv": [6.25, 7.25, 6, 6.75], "texture": "#0" }}},{"from": [13, 7, 1],"to": [16, 7, 2],"faces": {"north": { "uv": [7.5, 1.5, 6.75, 1.25], "texture": "#0" },"east": { "uv": [7.5, 1.5, 6.75, 1.25], "texture": "#0" },"south": { "uv": [7.5, 1.5, 6.75, 1.25], "texture": "#0" },"west": { "uv": [7.5, 1.5, 6.75, 1.25], "texture": "#0" },"up": { "uv": [7.5, 1.5, 6.75, 1.25], "texture": "#0" },"down": { "uv": [7.5, 1.5, 6.75, 1.25], "texture": "#0" }}},{"from": [15.8, 5.401, 2],"to": [16, 5.601, 2],"rotation": {"angle": 0,"axis": "y","origin": [16.95, 7.151, 2]},"faces": {"north": { "uv": [8, 4, 8.25, 4.25], "texture": "#0" },"east": { "uv": [0, 0, 0, 0.25], "texture": "#0" },"south": { "uv": [8, 4.25, 8.25, 4.5], "texture": "#0" },"west": { "uv": [0, 0, 0, 0.25], "texture": "#0" },"up": { "uv": [0.25, 0, 0, 0], "texture": "#0" },"down": { "uv": [0.25, 0, 0, 0], "texture": "#0" }}},{"from": [16, 5.401, 2],"to": [16.2, 5.601, 2],"rotation": {"angle": 0,"axis": "y","origin": [16.95, 7.151, 2]},"faces": {"north": { "uv": [4.5, 8, 4.75, 8.25], "texture": "#0" },"east": { "uv": [0, 0, 0, 0.25], "texture": "#0" },"south": { "uv": [8, 4.5, 8.25, 4.75], "texture": "#0" },"west": { "uv": [0, 0, 0, 0.25], "texture": "#0" },"up": { "uv": [0.25, 0, 0, 0], "texture": "#0" },"down": { "uv": [0.25, 0, 0, 0], "texture": "#0" }}},{"from": [16.2, 5.401, 2],"to": [16.4, 5.601, 2],"rotation": {"angle": 0,"axis": "y","origin": [16.95, 7.151, 2]},"faces": {"north": { "uv": [4.75, 8, 5, 8.25], "texture": "#0" },"east": { "uv": [0, 0, 0, 0.25], "texture": "#0" },"south": { "uv": [8, 4.75, 8.25, 5], "texture": "#0" },"west": { "uv": [0, 0, 0, 0.25], "texture": "#0" },"up": { "uv": [0.25, 0, 0, 0], "texture": "#0" },"down": { "uv": [0.25, 0, 0, 0], "texture": "#0" }}},{"from": [15.6, 4.801, 2],"to": [15.8, 5.001, 2],"rotation": {"angle": 0,"axis": "y","origin": [16.95, 7.151, 2]},"faces": {"north": { "uv": [5, 8, 5.25, 8.25], "texture": "#0" },"east": { "uv": [0, 0, 0, 0.25], "texture": "#0" },"south": { "uv": [5.25, 8, 5.5, 8.25], "texture": "#0" },"west": { "uv": [0, 0, 0, 0.25], "texture": "#0" },"up": { "uv": [0.25, 0, 0, 0], "texture": "#0" },"down": { "uv": [0.25, 0, 0, 0], "texture": "#0" }}},{"from": [15.8, 4.601, 2],"to": [16, 4.801, 2],"rotation": {"angle": 0,"axis": "y","origin": [16.95, 7.151, 2]},"faces": {"north": { "uv": [5.5, 8, 5.75, 8.25], "texture": "#0" },"east": { "uv": [0, 0, 0, 0.25], "texture": "#0" },"south": { "uv": [5.75, 8, 6, 8.25], "texture": "#0" },"west": { "uv": [0, 0, 0, 0.25], "texture": "#0" },"up": { "uv": [0.25, 0, 0, 0], "texture": "#0" },"down": { "uv": [0.25, 0, 0, 0], "texture": "#0" }}},{"from": [15.8, 4.801, 2],"to": [16, 5.001, 2],"rotation": {"angle": 0,"axis": "y","origin": [16.95, 7.151, 2]},"faces": {"north": { "uv": [6, 8, 6.25, 8.25], "texture": "#0" },"east": { "uv": [0, 0, 0, 0.25], "texture": "#0" },"south": { "uv": [8, 6, 8.25, 6.25], "texture": "#0" },"west": { "uv": [0, 0, 0, 0.25], "texture": "#0" },"up": { "uv": [0.25, 0, 0, 0], "texture": "#0" },"down": { "uv": [0.25, 0, 0, 0], "texture": "#0" }}},{"from": [16.2, 4.601, 2],"to": [16.4, 4.801, 2],"rotation": {"angle": 0,"axis": "y","origin": [16.95, 7.151, 2]},"faces": {"north": { "uv": [6.25, 8, 6.5, 8.25], "texture": "#0" },"east": { "uv": [0, 0, 0, 0.25], "texture": "#0" },"south": { "uv": [8, 6.25, 8.25, 6.5], "texture": "#0" },"west": { "uv": [0, 0, 0, 0.25], "texture": "#0" },"up": { "uv": [0.25, 0, 0, 0], "texture": "#0" },"down": { "uv": [0.25, 0, 0, 0], "texture": "#0" }}},{"from": [16.2, 4.801, 2],"to": [16.4, 5.001, 2],"rotation": {"angle": 0,"axis": "y","origin": [16.95, 7.151, 2]},"faces": {"north": { "uv": [6.5, 8, 6.75, 8.25], "texture": "#0" },"east": { "uv": [0, 0, 0, 0.25], "texture": "#0" },"south": { "uv": [8, 6.5, 8.25, 6.75], "texture": "#0" },"west": { "uv": [0, 0, 0, 0.25], "texture": "#0" },"up": { "uv": [0.25, 0, 0, 0], "texture": "#0" },"down": { "uv": [0.25, 0, 0, 0], "texture": "#0" }}},{"from": [16, 4.401, 2],"to": [16.2, 4.601, 2],"rotation": {"angle": 0,"axis": "y","origin": [16.95, 7.151, 2]},"faces": {"north": { "uv": [6.75, 8, 7, 8.25], "texture": "#0" },"east": { "uv": [0, 0, 0, 0.25], "texture": "#0" },"south": { "uv": [8, 6.75, 8.25, 7], "texture": "#0" },"west": { "uv": [0, 0, 0, 0.25], "texture": "#0" },"up": { "uv": [0.25, 0, 0, 0], "texture": "#0" },"down": { "uv": [0.25, 0, 0, 0], "texture": "#0" }}},{"from": [16, 4.601, 2],"to": [16.2, 4.801, 2],"rotation": {"angle": 0,"axis": "y","origin": [16.95, 7.151, 2]},"faces": {"north": { "uv": [7, 8, 7.25, 8.25], "texture": "#0" },"east": { "uv": [0, 0, 0, 0.25], "texture": "#0" },"south": { "uv": [8, 7, 8.25, 7.25], "texture": "#0" },"west": { "uv": [0, 0, 0, 0.25], "texture": "#0" },"up": { "uv": [0.25, 0, 0, 0], "texture": "#0" },"down": { "uv": [0.25, 0, 0, 0], "texture": "#0" }}},{"from": [16, 4.801, 2],"to": [16.2, 5.001, 2],"rotation": {"angle": 0,"axis": "y","origin": [16.95, 7.151, 2]},"faces": {"north": { "uv": [7.25, 8, 7.5, 8.25], "texture": "#0" },"east": { "uv": [0, 0, 0, 0.25], "texture": "#0" },"south": { "uv": [8, 7.25, 8.25, 7.5], "texture": "#0" },"west": { "uv": [0, 0, 0, 0.25], "texture": "#0" },"up": { "uv": [0.25, 0, 0, 0], "texture": "#0" },"down": { "uv": [0.25, 0, 0, 0], "texture": "#0" }}},{"from": [16.4, 4.801, 2],"to": [16.6, 5.001, 2],"rotation": {"angle": 0,"axis": "y","origin": [16.95, 7.151, 2]},"faces": {"north": { "uv": [7.5, 8, 7.75, 8.25], "texture": "#0" },"east": { "uv": [0, 0, 0, 0.25], "texture": "#0" },"south": { "uv": [8, 7.5, 8.25, 7.75], "texture": "#0" },"west": { "uv": [0, 0, 0, 0.25], "texture": "#0" },"up": { "uv": [0.25, 0, 0, 0], "texture": "#0" },"down": { "uv": [0.25, 0, 0, 0], "texture": "#0" }}},{"from": [15.6, 5.001, 2],"to": [15.8, 5.201, 2],"rotation": {"angle": 0,"axis": "y","origin": [16.95, 7.151, 2]},"faces": {"north": { "uv": [7.75, 8, 8, 8.25], "texture": "#0" },"east": { "uv": [0, 0, 0, 0.25], "texture": "#0" },"south": { "uv": [8, 7.75, 8.25, 8], "texture": "#0" },"west": { "uv": [0, 0, 0, 0.25], "texture": "#0" },"up": { "uv": [0.25, 0, 0, 0], "texture": "#0" },"down": { "uv": [0.25, 0, 0, 0], "texture": "#0" }}},{"from": [15.8, 5.001, 2],"to": [16, 5.201, 2],"rotation": {"angle": 0,"axis": "y","origin": [16.95, 7.151, 2]},"faces": {"north": { "uv": [8, 8, 8.25, 8.25], "texture": "#0" },"east": { "uv": [0, 0, 0, 0.25], "texture": "#0" },"south": { "uv": [0.25, 8.25, 0.5, 8.5], "texture": "#0" },"west": { "uv": [0, 0, 0, 0.25], "texture": "#0" },"up": { "uv": [0.25, 0, 0, 0], "texture": "#0" },"down": { "uv": [0.25, 0, 0, 0], "texture": "#0" }}},{"from": [16, 5.001, 2],"to": [16.2, 5.201, 2],"rotation": {"angle": 0,"axis": "y","origin": [16.95, 7.151, 2]},"faces": {"north": { "uv": [0.5, 8.25, 0.75, 8.5], "texture": "#0" },"east": { "uv": [0, 0, 0, 0.25], "texture": "#0" },"south": { "uv": [0.75, 8.25, 1, 8.5], "texture": "#0" },"west": { "uv": [0, 0, 0, 0.25], "texture": "#0" },"up": { "uv": [0.25, 0, 0, 0], "texture": "#0" },"down": { "uv": [0.25, 0, 0, 0], "texture": "#0" }}},{"from": [16.4, 5.001, 2],"to": [16.6, 5.201, 2],"rotation": {"angle": 0,"axis": "y","origin": [16.95, 7.151, 2]},"faces": {"north": { "uv": [1, 8.25, 1.25, 8.5], "texture": "#0" },"east": { "uv": [0, 0, 0, 0.25], "texture": "#0" },"south": { "uv": [1.25, 8.25, 1.5, 8.5], "texture": "#0" },"west": { "uv": [0, 0, 0, 0.25], "texture": "#0" },"up": { "uv": [0.25, 0, 0, 0], "texture": "#0" },"down": { "uv": [0.25, 0, 0, 0], "texture": "#0" }}},{"from": [16.2, 5.001, 2],"to": [16.4, 5.201, 2],"rotation": {"angle": 0,"axis": "y","origin": [16.95, 7.151, 2]},"faces": {"north": { "uv": [8.25, 1.25, 8.5, 1.5], "texture": "#0" },"east": { "uv": [0, 0, 0, 0.25], "texture": "#0" },"south": { "uv": [1.5, 8.25, 1.75, 8.5], "texture": "#0" },"west": { "uv": [0, 0, 0, 0.25], "texture": "#0" },"up": { "uv": [0.25, 0, 0, 0], "texture": "#0" },"down": { "uv": [0.25, 0, 0, 0], "texture": "#0" }}},{"from": [15.8, 5.201, 2],"to": [16, 5.401, 2],"rotation": {"angle": 0,"axis": "y","origin": [16.95, 7.151, 2]},"faces": {"north": { "uv": [8.25, 1.5, 8.5, 1.75], "texture": "#0" },"east": { "uv": [0, 0, 0, 0.25], "texture": "#0" },"south": { "uv": [1.75, 8.25, 2, 8.5], "texture": "#0" },"west": { "uv": [0, 0, 0, 0.25], "texture": "#0" },"up": { "uv": [0.25, 0, 0, 0], "texture": "#0" },"down": { "uv": [0.25, 0, 0, 0], "texture": "#0" }}},{"from": [16, 5.201, 2],"to": [16.2, 5.401, 2],"rotation": {"angle": 0,"axis": "y","origin": [16.95, 7.151, 2]},"faces": {"north": { "uv": [8.25, 1.75, 8.5, 2], "texture": "#0" },"east": { "uv": [0, 0, 0, 0.25], "texture": "#0" },"south": { "uv": [2, 8.25, 2.25, 8.5], "texture": "#0" },"west": { "uv": [0, 0, 0, 0.25], "texture": "#0" },"up": { "uv": [0.25, 0, 0, 0], "texture": "#0" },"down": { "uv": [0.25, 0, 0, 0], "texture": "#0" }}},{"from": [16.2, 5.201, 2],"to": [16.4, 5.401, 2],"rotation": {"angle": 0,"axis": "y","origin": [16.95, 7.151, 2]},"faces": {"north": { "uv": [8.25, 2, 8.5, 2.25], "texture": "#0" },"east": { "uv": [0, 0, 0, 0.25], "texture": "#0" },"south": { "uv": [2.25, 8.25, 2.5, 8.5], "texture": "#0" },"west": { "uv": [0, 0, 0, 0.25], "texture": "#0" },"up": { "uv": [0.25, 0, 0, 0], "texture": "#0" },"down": { "uv": [0.25, 0, 0, 0], "texture": "#0" }}},{"from": [15.8, 5.801, 2],"to": [16, 6.001, 2],"rotation": {"angle": 0,"axis": "y","origin": [16.95, 7.151, 2]},"faces": {"north": { "uv": [8.25, 2.25, 8.5, 2.5], "texture": "#0" },"east": { "uv": [0, 0, 0, 0.25], "texture": "#0" },"south": { "uv": [2.5, 8.25, 2.75, 8.5], "texture": "#0" },"west": { "uv": [0, 0, 0, 0.25], "texture": "#0" },"up": { "uv": [0.25, 0, 0, 0], "texture": "#0" },"down": { "uv": [0.25, 0, 0, 0], "texture": "#0" }}},{"from": [16, 5.801, 2],"to": [16.2, 6.001, 2],"rotation": {"angle": 0,"axis": "y","origin": [16.95, 7.151, 2]},"faces": {"north": { "uv": [8.25, 2.5, 8.5, 2.75], "texture": "#0" },"east": { "uv": [0, 0, 0, 0.25], "texture": "#0" },"south": { "uv": [2.75, 8.25, 3, 8.5], "texture": "#0" },"west": { "uv": [0, 0, 0, 0.25], "texture": "#0" },"up": { "uv": [0.25, 0, 0, 0], "texture": "#0" },"down": { "uv": [0.25, 0, 0, 0], "texture": "#0" }}},{"from": [16.2, 5.801, 2],"to": [16.4, 6.001, 2],"rotation": {"angle": 0,"axis": "y","origin": [16.95, 7.151, 2]},"faces": {"north": { "uv": [8.25, 2.75, 8.5, 3], "texture": "#0" },"east": { "uv": [0, 0, 0, 0.25], "texture": "#0" },"south": { "uv": [3, 8.25, 3.25, 8.5], "texture": "#0" },"west": { "uv": [0, 0, 0, 0.25], "texture": "#0" },"up": { "uv": [0.25, 0, 0, 0], "texture": "#0" },"down": { "uv": [0.25, 0, 0, 0], "texture": "#0" }}},{"from": [15.8, 5.601, 2],"to": [16, 5.801, 2],"rotation": {"angle": 0,"axis": "y","origin": [16.95, 7.151, 2]},"faces": {"north": { "uv": [8.25, 3, 8.5, 3.25], "texture": "#0" },"east": { "uv": [0, 0, 0, 0.25], "texture": "#0" },"south": { "uv": [3.25, 8.25, 3.5, 8.5], "texture": "#0" },"west": { "uv": [0, 0, 0, 0.25], "texture": "#0" },"up": { "uv": [0.25, 0, 0, 0], "texture": "#0" },"down": { "uv": [0.25, 0, 0, 0], "texture": "#0" }}},{"from": [16, 5.601, 2],"to": [16.2, 5.801, 2],"rotation": {"angle": 0,"axis": "y","origin": [16.95, 7.151, 2]},"faces": {"north": { "uv": [8.25, 3.25, 8.5, 3.5], "texture": "#0" },"east": { "uv": [0, 0, 0, 0.25], "texture": "#0" },"south": { "uv": [3.5, 8.25, 3.75, 8.5], "texture": "#0" },"west": { "uv": [0, 0, 0, 0.25], "texture": "#0" },"up": { "uv": [0.25, 0, 0, 0], "texture": "#0" },"down": { "uv": [0.25, 0, 0, 0], "texture": "#0" }}},{"from": [16.2, 5.601, 2],"to": [16.4, 5.801, 2],"rotation": {"angle": 0,"axis": "y","origin": [16.95, 7.151, 2]},"faces": {"north": { "uv": [8.25, 3.5, 8.5, 3.75], "texture": "#0" },"east": { "uv": [0, 0, 0, 0.25], "texture": "#0" },"south": { "uv": [3.75, 8.25, 4, 8.5], "texture": "#0" },"west": { "uv": [0, 0, 0, 0.25], "texture": "#0" },"up": { "uv": [0.25, 0, 0, 0], "texture": "#0" },"down": { "uv": [0.25, 0, 0, 0], "texture": "#0" }}},{"from": [15.8, 6.201, 2],"to": [16, 6.401, 2],"rotation": {"angle": 0,"axis": "y","origin": [16.95, 7.151, 2]},"faces": {"north": { "uv": [8.25, 3.75, 8.5, 4], "texture": "#0" },"east": { "uv": [0, 0, 0, 0.25], "texture": "#0" },"south": { "uv": [4, 8.25, 4.25, 8.5], "texture": "#0" },"west": { "uv": [0, 0, 0, 0.25], "texture": "#0" },"up": { "uv": [0.25, 0, 0, 0], "texture": "#0" },"down": { "uv": [0.25, 0, 0, 0], "texture": "#0" }}},{"from": [16, 6.201, 2],"to": [16.2, 6.401, 2],"rotation": {"angle": 0,"axis": "y","origin": [16.95, 7.151, 2]},"faces": {"north": { "uv": [8.25, 4, 8.5, 4.25], "texture": "#0" },"east": { "uv": [0, 0, 0, 0.25], "texture": "#0" },"south": { "uv": [4.25, 8.25, 4.5, 8.5], "texture": "#0" },"west": { "uv": [0, 0, 0, 0.25], "texture": "#0" },"up": { "uv": [0.25, 0, 0, 0], "texture": "#0" },"down": { "uv": [0.25, 0, 0, 0], "texture": "#0" }}},{"from": [16.2, 6.201, 2],"to": [16.4, 6.401, 2],"rotation": {"angle": 0,"axis": "y","origin": [16.95, 7.151, 2]},"faces": {"north": { "uv": [8.25, 4.25, 8.5, 4.5], "texture": "#0" },"east": { "uv": [0, 0, 0, 0.25], "texture": "#0" },"south": { "uv": [4.5, 8.25, 4.75, 8.5], "texture": "#0" },"west": { "uv": [0, 0, 0, 0.25], "texture": "#0" },"up": { "uv": [0.25, 0, 0, 0], "texture": "#0" },"down": { "uv": [0.25, 0, 0, 0], "texture": "#0" }}},{"from": [15.8, 6.001, 2],"to": [16, 6.201, 2],"rotation": {"angle": 0,"axis": "y","origin": [16.95, 7.151, 2]},"faces": {"north": { "uv": [8.25, 4.5, 8.5, 4.75], "texture": "#0" },"east": { "uv": [0, 0, 0, 0.25], "texture": "#0" },"south": { "uv": [4.75, 8.25, 5, 8.5], "texture": "#0" },"west": { "uv": [0, 0, 0, 0.25], "texture": "#0" },"up": { "uv": [0.25, 0, 0, 0], "texture": "#0" },"down": { "uv": [0.25, 0, 0, 0], "texture": "#0" }}},{"from": [16, 6.001, 2],"to": [16.2, 6.201, 2],"rotation": {"angle": 0,"axis": "y","origin": [16.95, 7.151, 2]},"faces": {"north": { "uv": [8.25, 4.75, 8.5, 5], "texture": "#0" },"east": { "uv": [0, 0, 0, 0.25], "texture": "#0" },"south": { "uv": [5, 8.25, 5.25, 8.5], "texture": "#0" },"west": { "uv": [0, 0, 0, 0.25], "texture": "#0" },"up": { "uv": [0.25, 0, 0, 0], "texture": "#0" },"down": { "uv": [0.25, 0, 0, 0], "texture": "#0" }}},{"from": [16.2, 6.001, 2],"to": [16.4, 6.201, 2],"rotation": {"angle": 0,"axis": "y","origin": [16.95, 7.151, 2]},"faces": {"north": { "uv": [5.25, 8.25, 5.5, 8.5], "texture": "#0" },"east": { "uv": [0, 0, 0, 0.25], "texture": "#0" },"south": { "uv": [5.5, 8.25, 5.75, 8.5], "texture": "#0" },"west": { "uv": [0, 0, 0, 0.25], "texture": "#0" },"up": { "uv": [0.25, 0, 0, 0], "texture": "#0" },"down": { "uv": [0.25, 0, 0, 0], "texture": "#0" }}},{"from": [16, 6.401, 2],"to": [16.2, 6.601, 2],"rotation": {"angle": 0,"axis": "y","origin": [16.95, 7.151, 2]},"faces": {"north": { "uv": [5.75, 8.25, 6, 8.5], "texture": "#0" },"east": { "uv": [0, 0, 0, 0.25], "texture": "#0" },"south": { "uv": [6, 8.25, 6.25, 8.5], "texture": "#0" },"west": { "uv": [0, 0, 0, 0.25], "texture": "#0" },"up": { "uv": [0.25, 0, 0, 0], "texture": "#0" },"down": { "uv": [0.25, 0, 0, 0], "texture": "#0" }}},{"from": [16, 6.601, 2],"to": [16.2, 6.801, 2],"rotation": {"angle": 0,"axis": "y","origin": [16.95, 7.151, 2]},"faces": {"north": { "uv": [8.25, 6, 8.5, 6.25], "texture": "#0" },"east": { "uv": [0, 0, 0, 0.25], "texture": "#0" },"south": { "uv": [6.25, 8.25, 6.5, 8.5], "texture": "#0" },"west": { "uv": [0, 0, 0, 0.25], "texture": "#0" },"up": { "uv": [0.25, 0, 0, 0], "texture": "#0" },"down": { "uv": [0.25, 0, 0, 0], "texture": "#0" }}},{"from": [16, 6.801, 2],"to": [16.2, 7.001, 2],"rotation": {"angle": 0,"axis": "y","origin": [16.95, 7.151, 2]},"faces": {"north": { "uv": [8.25, 6.25, 8.5, 6.5], "texture": "#0" },"east": { "uv": [0, 0, 0, 0.25], "texture": "#0" },"south": { "uv": [6.5, 8.25, 6.75, 8.5], "texture": "#0" },"west": { "uv": [0, 0, 0, 0.25], "texture": "#0" },"up": { "uv": [0.25, 0, 0, 0], "texture": "#0" },"down": { "uv": [0.25, 0, 0, 0], "texture": "#0" }}},{"from": [13.7, 8.64, 12.15],"to": [13.7, 8.97, 12.48],"rotation": {"angle": -22.5,"axis": "x","origin": [13.2, 7.1, 9]},"faces": {"north": {"uv": [4.25, 15.75, 4.5, 16],"rotation": 90,"texture": "#0"},"east": {"uv": [4.25, 15.75, 4.5, 16],"rotation": 270,"texture": "#0"},"south": {"uv": [4.25, 15.75, 4.5, 16],"rotation": 90,"texture": "#0"},"west": {"uv": [4.25, 15.75, 4.5, 16],"rotation": 90,"texture": "#0"},"up": {"uv": [4.25, 15.75, 4.5, 16],"rotation": 180,"texture": "#0"},"down": { "uv": [4.25, 15.75, 4.5, 16], "texture": "#0" }}},{"from": [13.7, 8.64, 12.48],"to": [13.7, 8.97, 12.81],"rotation": {"angle": -22.5,"axis": "x","origin": [13.2, 7.1, 9]},"faces": {"north": {"uv": [4.25, 15.75, 4.5, 16],"rotation": 90,"texture": "#0"},"east": {"uv": [4.25, 15.75, 4.5, 16],"rotation": 270,"texture": "#0"},"south": {"uv": [4.25, 15.75, 4.5, 16],"rotation": 90,"texture": "#0"},"west": {"uv": [4.25, 15.75, 4.5, 16],"rotation": 90,"texture": "#0"},"up": {"uv": [4.25, 15.75, 4.5, 16],"rotation": 180,"texture": "#0"},"down": { "uv": [4.25, 15.75, 4.5, 16], "texture": "#0" }}},{"from": [13.7, 8.29706, 12.74494],"to": [13.7, 8.62706, 13.07494],"rotation": {"angle": -22.5,"axis": "x","origin": [13.2, 7.25706, 8.93494]},"faces": {"north": {"uv": [4.25, 15.75, 4.5, 16],"rotation": 90,"texture": "#0"},"east": {"uv": [4.25, 15.75, 4.5, 16],"rotation": 270,"texture": "#0"},"south": {"uv": [4.25, 15.75, 4.5, 16],"rotation": 90,"texture": "#0"},"west": {"uv": [4.25, 15.75, 4.5, 16],"rotation": 90,"texture": "#0"},"up": {"uv": [4.25, 15.75, 4.5, 16],"rotation": 180,"texture": "#0"},"down": { "uv": [4.25, 15.75, 4.5, 16], "texture": "#0" }}},{"from": [13.7, 8.29706, 13.07494],"to": [13.7, 8.62706, 13.40494],"rotation": {"angle": -22.5,"axis": "x","origin": [13.2, 7.25706, 8.93494]},"faces": {"north": {"uv": [4.25, 15.75, 4.5, 16],"rotation": 90,"texture": "#0"},"east": {"uv": [4.25, 15.75, 4.5, 16],"rotation": 270,"texture": "#0"},"south": {"uv": [4.25, 15.75, 4.5, 16],"rotation": 90,"texture": "#0"},"west": {"uv": [4.25, 15.75, 4.5, 16],"rotation": 90,"texture": "#0"},"up": {"uv": [4.25, 15.75, 4.5, 16],"rotation": 180,"texture": "#0"},"down": { "uv": [4.25, 15.75, 4.5, 16], "texture": "#0" }}},{"from": [13.7, 7.95412, 13.33989],"to": [13.7, 8.28412, 13.66989],"rotation": {"angle": -22.5,"axis": "x","origin": [13.2, 7.41412, 8.86989]},"faces": {"north": {"uv": [4.25, 15.75, 4.5, 16],"rotation": 90,"texture": "#0"},"east": {"uv": [4.25, 15.75, 4.5, 16],"rotation": 270,"texture": "#0"},"south": {"uv": [4.25, 15.75, 4.5, 16],"rotation": 90,"texture": "#0"},"west": {"uv": [4.25, 15.75, 4.5, 16],"rotation": 90,"texture": "#0"},"up": {"uv": [4.25, 15.75, 4.5, 16],"rotation": 180,"texture": "#0"},"down": { "uv": [4.25, 15.75, 4.5, 16], "texture": "#0" }}},{"from": [13.7, 7.95412, 13.66989],"to": [13.7, 8.28412, 13.99989],"rotation": {"angle": -22.5,"axis": "x","origin": [13.2, 7.41412, 8.86989]},"faces": {"north": {"uv": [4.25, 15.75, 4.5, 16],"rotation": 90,"texture": "#0"},"east": {"uv": [4.25, 15.75, 4.5, 16],"rotation": 270,"texture": "#0"},"south": {"uv": [4.25, 15.75, 4.5, 16],"rotation": 90,"texture": "#0"},"west": {"uv": [4.25, 15.75, 4.5, 16],"rotation": 90,"texture": "#0"},"up": {"uv": [4.25, 15.75, 4.5, 16],"rotation": 180,"texture": "#0"},"down": { "uv": [4.25, 15.75, 4.5, 16], "texture": "#0" }}},{"from": [13.7, 7.6264, 14.01137],"to": [13.7, 7.9564, 14.34137],"rotation": {"angle": -22.5,"axis": "x","origin": [13.2, 7.3864, 8.88137]},"faces": {"north": {"uv": [4.25, 15.75, 4.5, 16],"rotation": 90,"texture": "#0"},"east": {"uv": [4.25, 15.75, 4.5, 16],"rotation": 270,"texture": "#0"},"south": {"uv": [4.25, 15.75, 4.5, 16],"rotation": 90,"texture": "#0"},"west": {"uv": [4.25, 15.75, 4.5, 16],"rotation": 90,"texture": "#0"},"up": {"uv": [4.25, 15.75, 4.5, 16],"rotation": 180,"texture": "#0"},"down": { "uv": [4.25, 15.75, 4.5, 16], "texture": "#0" }}},{"from": [13.7, 7.29107, 14.31458],"to": [13.7, 7.62107, 14.64458],"rotation": {"angle": -22.5,"axis": "x","origin": [13.2, 7.45107, 8.85458]},"faces": {"north": {"uv": [4.5, 15.75, 4.75, 16],"rotation": 270,"texture": "#0"},"east": {"uv": [4.5, 15.75, 4.75, 16],"rotation": 270,"texture": "#0"},"south": {"uv": [4.5, 15.75, 4.75, 16],"rotation": 270,"texture": "#0"},"west": {"uv": [4.5, 15.75, 4.75, 16],"rotation": 270,"texture": "#0"},"up": {"uv": [4.5, 15.75, 4.75, 16],"rotation": 270,"texture": "#0"},"down": {"uv": [4.5, 15.75, 4.75, 16],"rotation": 270,"texture": "#0"}}},{"from": [2, 7, 0],"to": [15, 7, 1],"faces": {"north": { "uv": [8.5, 5.25, 5.25, 5], "texture": "#0" },"east": { "uv": [8.5, 5.25, 5.25, 5], "texture": "#0" },"south": { "uv": [8.5, 5.25, 5.25, 5], "texture": "#0" },"west": { "uv": [8.5, 5.25, 5.25, 5], "texture": "#0" },"up": { "uv": [8.5, 5.25, 5.25, 5], "texture": "#0" },"down": { "uv": [8.5, 5.25, 5.25, 5], "texture": "#0" }}},{"from": [2, 7, 16],"to": [15, 7, 17],"faces": {"north": { "uv": [8.5, 5.75, 5.25, 5.5], "texture": "#0" },"east": { "uv": [8.5, 5.75, 5.25, 5.5], "texture": "#0" },"south": { "uv": [8.5, 5.75, 5.25, 5.5], "texture": "#0" },"west": { "uv": [8.5, 5.75, 5.25, 5.5], "texture": "#0" },"up": { "uv": [8.5, 5.75, 5.25, 5.5], "texture": "#0" },"down": { "uv": [8.5, 5.75, 5.25, 5.5], "texture": "#0" }}},{"from": [16, 7, 2],"to": [17, 7, 15],"faces": {"north": { "uv": [4, 8.25, 3.75, 5], "texture": "#0" },"east": { "uv": [4, 8.25, 3.75, 5], "texture": "#0" },"south": { "uv": [4, 8.25, 3.75, 5], "texture": "#0" },"west": { "uv": [4, 8.25, 3.75, 5], "texture": "#0" },"up": { "uv": [4, 8.25, 3.75, 5], "texture": "#0" },"down": { "uv": [4, 8.25, 3.75, 5], "texture": "#0" }}},{"from": [0, 6, 15],"to": [1, 7, 15],"faces": {"north": { "uv": [8.25, 6.5, 8.5, 6.75], "texture": "#0" },"east": { "uv": [0, 0, 0, 0.25], "texture": "#0" },"south": { "uv": [6.75, 8.25, 7, 8.5], "texture": "#0" },"west": { "uv": [0, 0, 0, 0.25], "texture": "#0" },"up": { "uv": [0.25, 0, 0, 0], "texture": "#0" },"down": { "uv": [0.25, 0, 0, 0], "texture": "#0" }}},{"from": [0, 6, 14],"to": [0, 7, 15],"faces": {"north": { "uv": [0, 0, 0, 0.25], "texture": "#0" },"east": { "uv": [8.25, 6.75, 8.5, 7], "texture": "#0" },"south": { "uv": [0, 0, 0, 0.25], "texture": "#0" },"west": { "uv": [7, 8.25, 7.25, 8.5], "texture": "#0" },"up": { "uv": [0, 0.25, 0, 0], "texture": "#0" },"down": { "uv": [0, 0, 0, 0.25], "texture": "#0" }}},{"from": [0, 6, 11],"to": [0, 7, 12],"faces": {"north": { "uv": [0, 0, 0, 0.25], "texture": "#0" },"east": { "uv": [8.25, 7, 8.5, 7.25], "texture": "#0" },"south": { "uv": [0, 0, 0, 0.25], "texture": "#0" },"west": { "uv": [7.25, 8.25, 7.5, 8.5], "texture": "#0" },"up": { "uv": [0, 0.25, 0, 0], "texture": "#0" },"down": { "uv": [0, 0, 0, 0.25], "texture": "#0" }}},{"from": [0, 6, 8],"to": [0, 7, 9],"faces": {"north": { "uv": [0, 0, 0, 0.25], "texture": "#0" },"east": { "uv": [8.25, 7.25, 8.5, 7.5], "texture": "#0" },"south": { "uv": [0, 0, 0, 0.25], "texture": "#0" },"west": { "uv": [7.5, 8.25, 7.75, 8.5], "texture": "#0" },"up": { "uv": [0, 0.25, 0, 0], "texture": "#0" },"down": { "uv": [0, 0, 0, 0.25], "texture": "#0" }}},{"from": [0, 6, 5],"to": [0, 7, 6],"faces": {"north": { "uv": [0, 0, 0, 0.25], "texture": "#0" },"east": { "uv": [8.25, 7.5, 8.5, 7.75], "texture": "#0" },"south": { "uv": [0, 0, 0, 0.25], "texture": "#0" },"west": { "uv": [7.75, 8.25, 8, 8.5], "texture": "#0" },"up": { "uv": [0, 0.25, 0, 0], "texture": "#0" },"down": { "uv": [0, 0, 0, 0.25], "texture": "#0" }}},{"from": [0, 6, 4],"to": [0, 7, 5],"faces": {"north": { "uv": [0, 0, 0, 0.25], "texture": "#0" },"east": { "uv": [8.25, 7.75, 8.5, 8], "texture": "#0" },"south": { "uv": [0, 0, 0, 0.25], "texture": "#0" },"west": { "uv": [8, 8.25, 8.25, 8.5], "texture": "#0" },"up": { "uv": [0, 0.25, 0, 0], "texture": "#0" },"down": { "uv": [0, 0, 0, 0.25], "texture": "#0" }}},{"from": [16, 6, 15],"to": [16, 7, 16],"faces": {"north": { "uv": [0, 0, 0, 0.25], "texture": "#0" },"east": { "uv": [8.25, 8, 8.5, 8.25], "texture": "#0" },"south": { "uv": [0, 0, 0, 0.25], "texture": "#0" },"west": { "uv": [8.25, 8.25, 8.5, 8.5], "texture": "#0" },"up": { "uv": [0, 0.25, 0, 0], "texture": "#0" },"down": { "uv": [0, 0, 0, 0.25], "texture": "#0" }}},{"from": [17, 6, 12],"to": [17, 7, 13],"faces": {"north": { "uv": [0, 0, 0, 0.25], "texture": "#0" },"east": { "uv": [0.25, 8.5, 0.5, 8.75], "texture": "#0" },"south": { "uv": [0, 0, 0, 0.25], "texture": "#0" },"west": { "uv": [0.5, 8.5, 0.75, 8.75], "texture": "#0" },"up": { "uv": [0, 0.25, 0, 0], "texture": "#0" },"down": { "uv": [0, 0, 0, 0.25], "texture": "#0" }}},{"from": [17, 6, 8],"to": [17, 7, 9],"faces": {"north": { "uv": [0, 0, 0, 0.25], "texture": "#0" },"east": { "uv": [0.75, 8.5, 1, 8.75], "texture": "#0" },"south": { "uv": [0, 0, 0, 0.25], "texture": "#0" },"west": { "uv": [1, 8.5, 1.25, 8.75], "texture": "#0" },"up": { "uv": [0, 0.25, 0, 0], "texture": "#0" },"down": { "uv": [0, 0, 0, 0.25], "texture": "#0" }}},{"from": [17, 6, 6],"to": [17, 7, 7],"faces": {"north": { "uv": [0, 0, 0, 0.25], "texture": "#0" },"east": { "uv": [1.25, 8.5, 1.5, 8.75], "texture": "#0" },"south": { "uv": [0, 0, 0, 0.25], "texture": "#0" },"west": { "uv": [8.5, 1.25, 8.75, 1.5], "texture": "#0" },"up": { "uv": [0, 0.25, 0, 0], "texture": "#0" },"down": { "uv": [0, 0, 0, 0.25], "texture": "#0" }}},{"from": [17, 6, 3],"to": [17, 7, 4],"faces": {"north": { "uv": [0, 0, 0, 0.25], "texture": "#0" },"east": { "uv": [1.5, 8.5, 1.75, 8.75], "texture": "#0" },"south": { "uv": [0, 0, 0, 0.25], "texture": "#0" },"west": { "uv": [8.5, 1.5, 8.75, 1.75], "texture": "#0" },"up": { "uv": [0, 0.25, 0, 0], "texture": "#0" },"down": { "uv": [0, 0, 0, 0.25], "texture": "#0" }}},{"from": [11, 6, 0],"to": [12, 7, 0],"faces": {"north": { "uv": [1.75, 8.5, 2, 8.75], "texture": "#0" },"east": { "uv": [0, 0, 0, 0.25], "texture": "#0" },"south": { "uv": [8.5, 1.75, 8.75, 2], "texture": "#0" },"west": { "uv": [0, 0, 0, 0.25], "texture": "#0" },"up": { "uv": [0.25, 0, 0, 0], "texture": "#0" },"down": { "uv": [0.25, 0, 0, 0], "texture": "#0" }}},{"from": [4, 6, 0],"to": [5, 7, 0],"faces": {"north": { "uv": [2, 8.5, 2.25, 8.75], "texture": "#0" },"east": { "uv": [0, 0, 0, 0.25], "texture": "#0" },"south": { "uv": [8.5, 2, 8.75, 2.25], "texture": "#0" },"west": { "uv": [0, 0, 0, 0.25], "texture": "#0" },"up": { "uv": [0.25, 0, 0, 0], "texture": "#0" },"down": { "uv": [0.25, 0, 0, 0], "texture": "#0" }}},{"from": [2, 6, 16],"to": [2, 7, 17],"faces": {"north": { "uv": [0, 0, 0, 0.25], "texture": "#0" },"east": { "uv": [2.25, 8.5, 2.5, 8.75], "texture": "#0" },"south": { "uv": [0, 0, 0, 0.25], "texture": "#0" },"west": { "uv": [8.5, 2.25, 8.75, 2.5], "texture": "#0" },"up": { "uv": [0, 0.25, 0, 0], "texture": "#0" },"down": { "uv": [0, 0, 0, 0.25], "texture": "#0" }}},{"from": [5, 6, 17],"to": [6, 7, 17],"faces": {"north": { "uv": [2.5, 8.5, 2.75, 8.75], "texture": "#0" },"east": { "uv": [0, 0, 0, 0.25], "texture": "#0" },"south": { "uv": [8.5, 2.5, 8.75, 2.75], "texture": "#0" },"west": { "uv": [0, 0, 0, 0.25], "texture": "#0" },"up": { "uv": [0.25, 0, 0, 0], "texture": "#0" },"down": { "uv": [0.25, 0, 0, 0], "texture": "#0" }}},{"from": [10, 6, 17],"to": [11, 7, 17],"faces": {"north": { "uv": [2.75, 8.5, 3, 8.75], "texture": "#0" },"east": { "uv": [0, 0, 0, 0.25], "texture": "#0" },"south": { "uv": [8.5, 2.75, 8.75, 3], "texture": "#0" },"west": { "uv": [0, 0, 0, 0.25], "texture": "#0" },"up": { "uv": [0.25, 0, 0, 0], "texture": "#0" },"down": { "uv": [0.25, 0, 0, 0], "texture": "#0" }}},{"from": [12, 6, 17],"to": [13, 7, 17],"faces": {"north": { "uv": [3, 8.5, 3.25, 8.75], "texture": "#0" },"east": { "uv": [0, 0, 0, 0.25], "texture": "#0" },"south": { "uv": [8.5, 3, 8.75, 3.25], "texture": "#0" },"west": { "uv": [0, 0, 0, 0.25], "texture": "#0" },"up": { "uv": [0.25, 0, 0, 0], "texture": "#0" },"down": { "uv": [0.25, 0, 0, 0], "texture": "#0" }}},{"from": [13, 6, 17],"to": [14, 7, 17],"faces": {"north": { "uv": [3.25, 8.5, 3.5, 8.75], "texture": "#0" },"east": { "uv": [0, 0, 0, 0.25], "texture": "#0" },"south": { "uv": [8.5, 3.25, 8.75, 3.5], "texture": "#0" },"west": { "uv": [0, 0, 0, 0.25], "texture": "#0" },"up": { "uv": [0.25, 0, 0, 0], "texture": "#0" },"down": { "uv": [0.25, 0, 0, 0], "texture": "#0" }}},{"from": [13, 6, 0],"to": [14, 7, 0],"faces": {"north": { "uv": [3.5, 8.5, 3.75, 8.75], "texture": "#0" },"east": { "uv": [0, 0, 0, 0.25], "texture": "#0" },"south": { "uv": [8.5, 3.5, 8.75, 3.75], "texture": "#0" },"west": { "uv": [0, 0, 0, 0.25], "texture": "#0" },"up": { "uv": [0.25, 0, 0, 0], "texture": "#0" },"down": { "uv": [0.25, 0, 0, 0], "texture": "#0" }}},{"from": [2, 6, 0],"to": [2, 7, 1],"faces": {"north": { "uv": [0, 0, 0, 0.25], "texture": "#0" },"east": { "uv": [3.75, 8.5, 4, 8.75], "texture": "#0" },"south": { "uv": [0, 0, 0, 0.25], "texture": "#0" },"west": { "uv": [8.5, 3.75, 8.75, 4], "texture": "#0" },"up": { "uv": [0, 0.25, 0, 0], "texture": "#0" },"down": { "uv": [0, 0, 0, 0.25], "texture": "#0" }}},{"from": [0, 6, 2],"to": [0, 7, 3],"faces": {"north": { "uv": [0, 0, 0, 0.25], "texture": "#0" },"east": { "uv": [4, 8.5, 4.25, 8.75], "texture": "#0" },"south": { "uv": [0, 0, 0, 0.25], "texture": "#0" },"west": { "uv": [8.5, 4, 8.75, 4.25], "texture": "#0" },"up": { "uv": [0, 0.25, 0, 0], "texture": "#0" },"down": { "uv": [0, 0, 0, 0.25], "texture": "#0" }}},{"from": [0, 7, 2],"to": [1, 7, 15],"faces": {"north": { "uv": [4.5, 8.25, 4.25, 5], "texture": "#0" },"east": { "uv": [4.5, 8.25, 4.25, 5], "texture": "#0" },"south": { "uv": [4.5, 8.25, 4.25, 5], "texture": "#0" },"west": { "uv": [4.5, 8.25, 4.25, 5], "texture": "#0" },"up": { "uv": [4.5, 8.25, 4.25, 5], "texture": "#0" },"down": { "uv": [4.5, 8.25, 4.25, 5], "texture": "#0" }}},{"name": "tnt","from": [13.25, 8.35, 6.15],"to": [14.25, 9.35, 12.15],"rotation": {"angle": -22.5,"axis": "x","origin": [13.2, 7.1, 9]},"faces": {"north": {"uv": [2.25, 15.25, 3, 16],"rotation": 90,"texture": "#0"},"east": {"uv": [0, 12, 0.75, 16],"rotation": 270,"texture": "#0"},"south": {"uv": [2.25, 15.25, 3, 16],"rotation": 90,"texture": "#0"},"west": {"uv": [0, 12, 0.75, 16],"rotation": 90,"texture": "#0"},"up": {"uv": [0, 12, 0.75, 16],"rotation": 180,"texture": "#0"},"down": { "uv": [0, 12, 0.75, 16], "texture": "#0" }}},{"from": [13.7, 8.57387, 12.88879],"to": [13.7, 11.57387, 15.88879],"rotation": {"angle": 0,"axis": "y","origin": [13.7, 8.82387, 13.63879]},"faces": {"north": { "uv": [0, 0, 16, 16], "texture": "#1" },"east": { "uv": [0, 0, 16, 16], "texture": "#1" },"south": { "uv": [0, 0, 16, 16], "texture": "#1" },"west": { "uv": [16, 0, 0, 16], "texture": "#1" },"up": { "uv": [0, 0, 16, 16], "texture": "#1" },"down": { "uv": [0, 0, 16, 16], "texture": "#1" }}}],"display": {"thirdperson_righthand": {"translation": [-0.25, 0, -1],"scale": [0.57, 0.57, 0.57]},"thirdperson_lefthand": {"translation": [-0.25, 0, -1],"scale": [0.57, 0.57, 0.57]},"firstperson_righthand": {"translation": [1.5, 0, 0]},"firstperson_lefthand": {"translation": [1.5, 0, 0]},"ground": {"scale": [0.72, 0.72, 0.72]},"gui": {"rotation": [13, -180, 0],"translation": [0.5, 0, 0],"scale": [0.9, 0.99, 0.94]},"head": {"rotation": [-4.5, 0, 0],"translation": [-0.75, 3.25, -0.75],"scale": [1.64, 1.63, 1.66]},"fixed": {"rotation": [-89, 0, 0],"translation": [0, 0, -3.5]}},"groups": [{"name": "hat","origin": [0, 0, 0],"color": 0,"children": [0, 1, 2, 3, 4, 5, 6, 7, 8, 9, 10, 11, 12, 13, 14, 15, 16, 17,18, 19, 20, 21, 22, 23, 24, 25, 26, 27, 28, 29, 30, 31, 32, 33,34, 35, 36, 37, 38, 39, 40, 41, 42, 43, 44, 45, 46, 47, 48, 49,50, 51, 52, 53, 54, 55, 56, 57, 58, 59, 60, 61, 62, 63, 64, 65,66, 67, 68, 69, 70, 71, 72, 73, 74, 75, 76, 77, 78, 79, 80, 81,82, 83, 84, 85, 86, 87, 88, 89, 90, 91, 92, 93, 94, 95, 96, 97,98, 99, 100, 101, 102, 103, 104, 105, 106, 107, 108, 109, 110,111, 112, 113, 114, 115, 116, 117, 118, 119, 120, 121, 122, 123,124, 125, 126, 127, 128, 129, 130, 131, 132, 133, 134, 135, 136,137, 138, 139, 140, 141, 142, 143, 144, 145, 146, 147, 148, 149,150, 151, 152, 153, 154, 155, 156, 157, 158, 159, 160, 161, 162,163, 164, 165, 166, 167, 168, 169, 170, 171, 172, 173, 174, 175,176]},{"name": "sparks","origin": [0, 0, 0],"color": 0,"children": [177]}]}