{"credit": "Made with Blockbench","texture_size": [32, 32],"textures": {"0": "minecraft:item/tristenlosey/donkey_hide_hood","particle": "minecraft:item/tristenlosey/donkey_hide_hood"},"elements": [{"from": [11, 2.5, 7.25],"to": [11, 7, 13],"faces": {"north": { "uv": [6, 0, 9, 2.5], "texture": "#0" },"east": { "uv": [6, 0, 9, 2.5], "texture": "#0" },"south": { "uv": [6, 0, 9, 2.5], "texture": "#0" },"west": { "uv": [9, 0, 6, 2.5], "texture": "#0" },"up": { "uv": [6, 0, 9, 2.5], "texture": "#0" },"down": { "uv": [6, 0, 9, 2.5], "texture": "#0" }}},{"from": [5, 2.5, 7.25],"to": [11, 2.5, 13],"faces": {"north": { "uv": [3, 3, 0, 6], "texture": "#0" },"east": { "uv": [3, 3, 0, 6], "texture": "#0" },"south": { "uv": [3, 3, 0, 6], "texture": "#0" },"west": { "uv": [3, 3, 0, 6], "texture": "#0" },"up": { "uv": [0, 6, 3, 3], "texture": "#0" },"down": { "uv": [3, 3, 0, 6], "texture": "#0" }}},{"from": [5, 2.5, 7.25],"to": [11, 7, 7.25],"faces": {"north": { "uv": [0, 6, 3, 8.5], "texture": "#0" },"east": { "uv": [0, 6, 3, 8.5], "texture": "#0" },"south": { "uv": [0, 6, 3, 8.5], "texture": "#0" },"west": { "uv": [0, 6, 3, 8.5], "texture": "#0" },"up": { "uv": [0, 6, 3, 8.5], "texture": "#0" },"down": { "uv": [0, 6, 3, 8.5], "texture": "#0" }}},{"from": [5, 2.5, 7.25],"to": [5, 7, 13],"faces": {"north": { "uv": [3, 6, 6, 8.5], "texture": "#0" },"east": { "uv": [6, 6, 3, 8.5], "texture": "#0" },"south": { "uv": [3, 6, 6, 8.5], "texture": "#0" },"west": { "uv": [3, 6, 6, 8.5], "texture": "#0" },"up": { "uv": [3, 6, 6, 8.5], "texture": "#0" },"down": { "uv": [3, 6, 6, 8.5], "texture": "#0" }}},{"from": [5, 2.5, 13],"to": [11, 7, 13],"faces": {"north": { "uv": [9, 2.5, 6, 5], "texture": "#0" },"east": { "uv": [6, 2.5, 9, 5], "texture": "#0" },"south": { "uv": [6, 2.5, 9, 5], "texture": "#0" },"west": { "uv": [6, 2.5, 9, 5], "texture": "#0" },"up": { "uv": [6, 2.5, 9, 5], "texture": "#0" },"down": { "uv": [6, 2.5, 9, 5], "texture": "#0" }}},{"from": [5, 7, 7.25],"to": [11, 7, 13],"faces": {"north": { "uv": [3, 3, 0, 0], "texture": "#0" },"east": { "uv": [3, 3, 0, 0], "texture": "#0" },"south": { "uv": [3, 3, 0, 0], "texture": "#0" },"west": { "uv": [3, 3, 0, 0], "texture": "#0" },"up": { "uv": [3, 3, 0, 0], "texture": "#0" },"down": { "uv": [3, 0, 0, 3], "texture": "#0" }}},{"from": [10.75, 1.5, 7.5],"to": [10.75, 2.5, 12.9],"faces": {"north": { "uv": [9, 3, 12, 3.5], "texture": "#0" },"east": { "uv": [9, 3.5, 12, 4], "texture": "#0" },"south": { "uv": [9, 4, 12, 4.5], "texture": "#0" },"west": { "uv": [9, 4.5, 12, 5], "texture": "#0" },"up": { "uv": [6, 3, 3, 0], "texture": "#0" },"down": { "uv": [6, 3, 3, 6], "texture": "#0" }}},{"from": [5.25, 1.5, 12.9],"to": [10.75, 2.5, 12.9],"faces": {"north": { "uv": [9, 3, 12, 3.5], "texture": "#0" },"east": { "uv": [9, 3.5, 12, 4], "texture": "#0" },"south": { "uv": [9, 4, 12, 4.5], "texture": "#0" },"west": { "uv": [9, 4.5, 12, 5], "texture": "#0" },"up": { "uv": [6, 3, 3, 0], "texture": "#0" },"down": { "uv": [6, 3, 3, 6], "texture": "#0" }}},{"from": [5.25, 1.5, 7.5],"to": [10.75, 2.5, 7.5],"faces": {"north": { "uv": [9, 3, 12, 3.5], "texture": "#0" },"east": { "uv": [9, 3, 12, 3.5], "texture": "#0" },"south": { "uv": [9, 3, 12, 3.5], "texture": "#0" },"west": { "uv": [9, 3, 12, 3.5], "texture": "#0" },"up": { "uv": [9, 3, 12, 3.5], "texture": "#0" },"down": { "uv": [9, 3, 12, 3.5], "texture": "#0" }}},{"from": [5.25, 1.5, 7.5],"to": [5.25, 2.5, 12.9],"faces": {"north": { "uv": [9, 3, 12, 3.5], "texture": "#0" },"east": { "uv": [9, 3.5, 12, 4], "texture": "#0" },"south": { "uv": [9, 4, 12, 4.5], "texture": "#0" },"west": { "uv": [9, 4.5, 12, 5], "texture": "#0" },"up": { "uv": [6, 3, 3, 0], "texture": "#0" },"down": { "uv": [6, 3, 3, 6], "texture": "#0" }}},{"from": [5, 5, 6],"to": [11, 7, 7.25],"faces": {"north": { "uv": [8, 5, 11, 6], "texture": "#0" },"east": { "uv": [5.5, 9.5, 6, 10.5], "texture": "#0" },"south": { "uv": [6, 8, 9, 9], "texture": "#0" },"west": { "uv": [6.5, 9.5, 7, 10.5], "texture": "#0" },"up": { "uv": [9.5, 9.5, 6.5, 9], "texture": "#0" },"down": { "uv": [12, 8, 9, 8.5], "texture": "#0" }}},{"from": [6.25, 5, 4.25],"to": [9.75, 7, 6],"faces": {"north": { "uv": [8, 6, 10, 7], "texture": "#0" },"east": { "uv": [2.5, 9.5, 3.5, 10.5], "texture": "#0" },"south": { "uv": [8, 7, 10, 8], "texture": "#0" },"west": { "uv": [3.5, 9.5, 4.5, 10.5], "texture": "#0" },"up": { "uv": [4, 9.5, 2, 8.5], "texture": "#0" },"down": { "uv": [6, 8.5, 4, 9.5], "texture": "#0" }}},{"from": [5.5, 6, 12.25],"to": [7, 12, 13.25],"rotation": { "angle": 22.5, "axis": "z", "origin": [5.5, 7, 12] },"faces": {"north": { "uv": [0, 8.5, 1, 11.5], "texture": "#0" },"east": { "uv": [9.5, 0, 10, 3], "texture": "#0" },"south": { "uv": [1, 8.5, 2, 11.5], "texture": "#0" },"west": { "uv": [2, 9.5, 2.5, 12.5], "texture": "#0" },"up": { "uv": [8, 10, 7, 9.5], "texture": "#0" },"down": { "uv": [9, 9.5, 8, 10], "texture": "#0" }}},{"from": [9, 6.75, 12.25],"to": [10.5, 12.75, 13.25],"rotation": { "angle": -22.5, "axis": "z", "origin": [9, 7, 13] },"faces": {"north": { "uv": [6, 5, 7, 8], "texture": "#0" },"east": { "uv": [9, 0, 9.5, 3], "texture": "#0" },"south": { "uv": [7, 5, 8, 8], "texture": "#0" },"west": { "uv": [6, 9, 6.5, 12], "texture": "#0" },"up": { "uv": [10, 9, 9, 8.5], "texture": "#0" },"down": { "uv": [5.5, 9.5, 4.5, 10], "texture": "#0" }}}],"display": {"thirdperson_righthand": {"translation": [-0.25, 2.5, -1],"scale": [0.57, 0.57, 0.57]},"thirdperson_lefthand": {"translation": [-0.25, 2.5, -1],"scale": [0.57, 0.57, 0.57]},"firstperson_righthand": {"translation": [4.25, 3.25, -0.5],"scale": [1.51, 1.38, 1.04]},"firstperson_lefthand": {"translation": [3.25, 3.75, 0.75],"scale": [1.49, 1.38, 1.04]},"ground": {"translation": [0, 3.25, 0],"scale": [0.98, 0.98, 0.98]},"gui": {"rotation": [16, 144, 0],"translation": [-1.25, 1, 0],"scale": [1.24516, 1.2, 1]},"head": {"translation": [0, 10.25, -3],"scale": [2.69, 2.8, 2.12]},"fixed": {"rotation": [-90, 0, 0],"translation": [0, -1.5, -11],"scale": [1.69, 1.69, 1.69]}},"groups": [{"name": "hat","origin": [0, 0, 0],"color": 0,"children": []},0,1,2,3,4,5,6,7,8,9,10,11,12,13]}