{"credit": "Made with Blockbench","texture_size": [64, 64],"textures": {"0": "minecraft:item/tristenlosey/fox_hide_hat","particle": "minecraft:item/tristenlosey/fox_hide_hat"},"elements": [{"from": [13, 7, 4],"to": [13, 11, 13],"faces": {"north": { "uv": [2.25, 0, 4.5, 1], "texture": "#0" },"east": { "uv": [2.25, 0, 4.5, 1], "texture": "#0" },"south": { "uv": [2.25, 0, 4.5, 1], "texture": "#0" },"west": { "uv": [2.25, 0, 4.5, 1], "texture": "#0" },"up": { "uv": [2.25, 0, 4.5, 1], "texture": "#0" },"down": { "uv": [2.25, 0, 4.5, 1], "texture": "#0" }}},{"from": [3.75, 7, 3.75],"to": [13.25, 8, 3.75],"faces": {"north": { "uv": [6.75, 0.75, 9.25, 1], "texture": "#0" },"east": { "uv": [6.75, 0.75, 9.25, 1], "texture": "#0" },"south": { "uv": [6.75, 0.75, 9.25, 1], "texture": "#0" },"west": { "uv": [6.75, 0.75, 9.25, 1], "texture": "#0" },"up": { "uv": [6.75, 0.75, 9.25, 1], "texture": "#0" },"down": { "uv": [6.75, 0.75, 9.25, 1], "texture": "#0" }}},{"from": [13.25, 7, 3.75],"to": [13.25, 8, 13.25],"faces": {"north": { "uv": [5.5, 6, 8, 6.25], "texture": "#0" },"east": { "uv": [5.5, 6, 8, 6.25], "texture": "#0" },"south": { "uv": [5.5, 6, 8, 6.25], "texture": "#0" },"west": { "uv": [5.5, 6, 8, 6.25], "texture": "#0" },"up": { "uv": [5.5, 6, 8, 6.25], "texture": "#0" },"down": { "uv": [5.5, 6, 8, 6.25], "texture": "#0" }}},{"from": [3.75, 7, 3.75],"to": [3.75, 8, 13.25],"faces": {"north": { "uv": [6.75, 0, 9.25, 0.25], "texture": "#0" },"east": { "uv": [6.75, 0, 9.25, 0.25], "texture": "#0" },"south": { "uv": [6.75, 0, 9.25, 0.25], "texture": "#0" },"west": { "uv": [6.75, 0, 9.25, 0.25], "texture": "#0" },"up": { "uv": [6.75, 0, 9.25, 0.25], "texture": "#0" },"down": { "uv": [6.75, 0, 9.25, 0.25], "texture": "#0" }}},{"from": [3.75, 7, 13.25],"to": [13.25, 8, 13.25],"faces": {"north": { "uv": [6.75, 0.5, 9.25, 0.75], "texture": "#0" },"east": { "uv": [6.75, 0.5, 9.25, 0.75], "texture": "#0" },"south": { "uv": [6.75, 0.5, 9.25, 0.75], "texture": "#0" },"west": { "uv": [6.75, 0.5, 9.25, 0.75], "texture": "#0" },"up": { "uv": [6.75, 0.5, 9.25, 0.75], "texture": "#0" },"down": { "uv": [6.75, 0.5, 9.25, 0.75], "texture": "#0" }}},{"from": [4, 7, 4],"to": [4, 11, 13],"faces": {"north": { "uv": [2.25, 3, 4.5, 4], "texture": "#0" },"east": { "uv": [2.25, 3, 4.5, 4], "texture": "#0" },"south": { "uv": [2.25, 3, 4.5, 4], "texture": "#0" },"west": { "uv": [2.25, 3, 4.5, 4], "texture": "#0" },"up": { "uv": [2.25, 3, 4.5, 4], "texture": "#0" },"down": { "uv": [2.25, 3, 4.5, 4], "texture": "#0" }}},{"from": [4, 7, 13],"to": [13, 11, 13],"faces": {"north": { "uv": [0, 4.5, 2.25, 5.5], "texture": "#0" },"east": { "uv": [0, 4.5, 2.25, 5.5], "texture": "#0" },"south": { "uv": [0, 4.5, 2.25, 5.5], "texture": "#0" },"west": { "uv": [0, 4.5, 2.25, 5.5], "texture": "#0" },"up": { "uv": [0, 4.5, 2.25, 5.5], "texture": "#0" },"down": { "uv": [0, 4.5, 2.25, 5.5], "texture": "#0" }}},{"from": [4, 7, 4],"to": [13, 11, 4],"faces": {"north": { "uv": [4.5, 0, 6.75, 1], "texture": "#0" },"east": { "uv": [4.5, 0, 6.75, 1], "texture": "#0" },"south": { "uv": [4.5, 0, 6.75, 1], "texture": "#0" },"west": { "uv": [4.5, 0, 6.75, 1], "texture": "#0" },"up": { "uv": [4.5, 0, 6.75, 1], "texture": "#0" },"down": { "uv": [4.5, 0, 6.75, 1], "texture": "#0" }}},{"from": [4, 11, 4],"to": [13, 11, 13],"faces": {"north": { "uv": [2.25, 2.25, 0, 0], "texture": "#0" },"east": { "uv": [2.25, 2.25, 0, 0], "texture": "#0" },"south": { "uv": [2.25, 2.25, 0, 0], "texture": "#0" },"west": { "uv": [2.25, 2.25, 0, 0], "texture": "#0" },"up": { "uv": [2.25, 2.25, 0, 0], "texture": "#0" },"down": { "uv": [2.25, 2.25, 0, 0], "texture": "#0" }}},{"from": [13, 7, 4],"to": [16, 7, 13],"faces": {"north": { "uv": [5.25, 4.25, 4.5, 2], "texture": "#0" },"east": { "uv": [5.25, 4.25, 4.5, 2], "texture": "#0" },"south": { "uv": [5.25, 4.25, 4.5, 2], "texture": "#0" },"west": { "uv": [5.25, 4.25, 4.5, 2], "texture": "#0" },"up": { "uv": [5.25, 4.25, 4.5, 2], "texture": "#0" },"down": { "uv": [5.25, 4.25, 4.5, 2], "texture": "#0" }}},{"from": [1, 7, 4],"to": [4, 7, 13],"faces": {"north": { "uv": [3, 7.25, 2.25, 5], "texture": "#0" },"east": { "uv": [3, 7.25, 2.25, 5], "texture": "#0" },"south": { "uv": [3, 7.25, 2.25, 5], "texture": "#0" },"west": { "uv": [3, 7.25, 2.25, 5], "texture": "#0" },"up": { "uv": [3, 7.25, 2.25, 5], "texture": "#0" },"down": { "uv": [3, 7.25, 2.25, 5], "texture": "#0" }}},{"from": [4, 7, 1],"to": [13, 7, 4],"faces": {"north": { "uv": [7.5, 2.75, 5.25, 2], "texture": "#0" },"east": { "uv": [7.5, 2.75, 5.25, 2], "texture": "#0" },"south": { "uv": [7.5, 2.75, 5.25, 2], "texture": "#0" },"west": { "uv": [7.5, 2.75, 5.25, 2], "texture": "#0" },"up": { "uv": [7.5, 2.75, 5.25, 2], "texture": "#0" },"down": { "uv": [7.5, 2.75, 5.25, 2], "texture": "#0" }}},{"from": [4, 7, 13],"to": [13, 7, 16],"faces": {"north": { "uv": [7.5, 4.25, 5.25, 3.5], "texture": "#0" },"east": { "uv": [7.5, 4.25, 5.25, 3.5], "texture": "#0" },"south": { "uv": [7.5, 4.25, 5.25, 3.5], "texture": "#0" },"west": { "uv": [7.5, 4.25, 5.25, 3.5], "texture": "#0" },"up": { "uv": [7.5, 4.25, 5.25, 3.5], "texture": "#0" },"down": { "uv": [7.5, 4.25, 5.25, 3.5], "texture": "#0" }}},{"from": [13, 7, 2],"to": [15, 7, 4],"faces": {"north": { "uv": [7.25, 1.75, 6.75, 1.25], "texture": "#0" },"east": { "uv": [7.25, 1.75, 6.75, 1.25], "texture": "#0" },"south": { "uv": [7.25, 1.75, 6.75, 1.25], "texture": "#0" },"west": { "uv": [7.25, 1.75, 6.75, 1.25], "texture": "#0" },"up": { "uv": [7.25, 1.75, 6.75, 1.25], "texture": "#0" },"down": { "uv": [7.25, 1.75, 6.75, 1.25], "texture": "#0" }}},{"from": [13, 7, 13],"to": [15, 7, 15],"faces": {"north": { "uv": [7, 7.25, 6.5, 6.75], "texture": "#0" },"east": { "uv": [7, 7.25, 6.5, 6.75], "texture": "#0" },"south": { "uv": [7, 7.25, 6.5, 6.75], "texture": "#0" },"west": { "uv": [7, 7.25, 6.5, 6.75], "texture": "#0" },"up": { "uv": [7, 7.25, 6.5, 6.75], "texture": "#0" },"down": { "uv": [7, 7.25, 6.5, 6.75], "texture": "#0" }}},{"from": [2, 7, 13],"to": [4, 7, 15],"faces": {"north": { "uv": [1, 7.5, 0.5, 7], "texture": "#0" },"east": { "uv": [1, 7.5, 0.5, 7], "texture": "#0" },"south": { "uv": [1, 7.5, 0.5, 7], "texture": "#0" },"west": { "uv": [1, 7.5, 0.5, 7], "texture": "#0" },"up": { "uv": [1, 7.5, 0.5, 7], "texture": "#0" },"down": { "uv": [1, 7.5, 0.5, 7], "texture": "#0" }}},{"from": [2, 7, 2],"to": [4, 7, 4],"faces": {"north": { "uv": [2, 7.5, 1.5, 7], "texture": "#0" },"east": { "uv": [2, 7.5, 1.5, 7], "texture": "#0" },"south": { "uv": [2, 7.5, 1.5, 7], "texture": "#0" },"west": { "uv": [2, 7.5, 1.5, 7], "texture": "#0" },"up": { "uv": [2, 7.5, 1.5, 7], "texture": "#0" },"down": { "uv": [2, 7.5, 1.5, 7], "texture": "#0" }}},{"from": [1, 7, 1],"to": [4, 7, 2],"faces": {"north": { "uv": [7.5, 2, 6.75, 1.75], "texture": "#0" },"east": { "uv": [7.5, 2, 6.75, 1.75], "texture": "#0" },"south": { "uv": [7.5, 2, 6.75, 1.75], "texture": "#0" },"west": { "uv": [7.5, 2, 6.75, 1.75], "texture": "#0" },"up": { "uv": [7.5, 2, 6.75, 1.75], "texture": "#0" },"down": { "uv": [7.5, 2, 6.75, 1.75], "texture": "#0" }}},{"from": [1, 7, 2],"to": [2, 7, 4],"faces": {"north": { "uv": [5.25, 7, 5, 6.5], "texture": "#0" },"east": { "uv": [5.25, 7, 5, 6.5], "texture": "#0" },"south": { "uv": [5.25, 7, 5, 6.5], "texture": "#0" },"west": { "uv": [5.25, 7, 5, 6.5], "texture": "#0" },"up": { "uv": [5.25, 7, 5, 6.5], "texture": "#0" },"down": { "uv": [5.25, 7, 5, 6.5], "texture": "#0" }}},{"from": [1, 7, 13],"to": [2, 7, 16],"faces": {"north": { "uv": [2.25, 6.25, 2, 5.5], "texture": "#0" },"east": { "uv": [2.25, 6.25, 2, 5.5], "texture": "#0" },"south": { "uv": [2.25, 6.25, 2, 5.5], "texture": "#0" },"west": { "uv": [2.25, 6.25, 2, 5.5], "texture": "#0" },"up": { "uv": [2.25, 6.25, 2, 5.5], "texture": "#0" },"down": { "uv": [2.25, 6.25, 2, 5.5], "texture": "#0" }}},{"from": [2, 7, 15],"to": [4, 7, 16],"faces": {"north": { "uv": [2, 7.75, 1.5, 7.5], "texture": "#0" },"east": { "uv": [2, 7.75, 1.5, 7.5], "texture": "#0" },"south": { "uv": [2, 7.75, 1.5, 7.5], "texture": "#0" },"west": { "uv": [2, 7.75, 1.5, 7.5], "texture": "#0" },"up": { "uv": [2, 7.75, 1.5, 7.5], "texture": "#0" },"down": { "uv": [2, 7.75, 1.5, 7.5], "texture": "#0" }}},{"from": [13, 7, 15],"to": [16, 7, 16],"faces": {"north": { "uv": [8.25, 2.25, 7.5, 2], "texture": "#0" },"east": { "uv": [8.25, 2.25, 7.5, 2], "texture": "#0" },"south": { "uv": [8.25, 2.25, 7.5, 2], "texture": "#0" },"west": { "uv": [8.25, 2.25, 7.5, 2], "texture": "#0" },"up": { "uv": [8.25, 2.25, 7.5, 2], "texture": "#0" },"down": { "uv": [8.25, 2.25, 7.5, 2], "texture": "#0" }}},{"from": [15, 7, 13],"to": [16, 7, 15],"faces": {"north": { "uv": [3.75, 7.75, 3.5, 7.25], "texture": "#0" },"east": { "uv": [3.75, 7.75, 3.5, 7.25], "texture": "#0" },"south": { "uv": [3.75, 7.75, 3.5, 7.25], "texture": "#0" },"west": { "uv": [3.75, 7.75, 3.5, 7.25], "texture": "#0" },"up": { "uv": [3.75, 7.75, 3.5, 7.25], "texture": "#0" },"down": { "uv": [3.75, 7.75, 3.5, 7.25], "texture": "#0" }}},{"from": [15, 7, 2],"to": [16, 7, 4],"faces": {"north": { "uv": [7.75, 4.25, 7.5, 3.75], "texture": "#0" },"east": { "uv": [7.75, 4.25, 7.5, 3.75], "texture": "#0" },"south": { "uv": [7.75, 4.25, 7.5, 3.75], "texture": "#0" },"west": { "uv": [7.75, 4.25, 7.5, 3.75], "texture": "#0" },"up": { "uv": [7.75, 4.25, 7.5, 3.75], "texture": "#0" },"down": { "uv": [7.75, 4.25, 7.5, 3.75], "texture": "#0" }}},{"from": [13, 7, 1],"to": [16, 7, 2],"faces": {"north": { "uv": [8.25, 2.75, 7.5, 2.5], "texture": "#0" },"east": { "uv": [8.25, 2.75, 7.5, 2.5], "texture": "#0" },"south": { "uv": [8.25, 2.75, 7.5, 2.5], "texture": "#0" },"west": { "uv": [8.25, 2.75, 7.5, 2.5], "texture": "#0" },"up": { "uv": [8.25, 2.75, 7.5, 2.5], "texture": "#0" },"down": { "uv": [8.25, 2.75, 7.5, 2.5], "texture": "#0" }}},{"from": [0, 7, 2],"to": [1, 7, 15],"faces": {"north": { "uv": [4, 8.25, 3.75, 5], "texture": "#0" },"east": { "uv": [4, 8.25, 3.75, 5], "texture": "#0" },"south": { "uv": [4, 8.25, 3.75, 5], "texture": "#0" },"west": { "uv": [4, 8.25, 3.75, 5], "texture": "#0" },"up": { "uv": [4, 8.25, 3.75, 5], "texture": "#0" },"down": { "uv": [4, 8.25, 3.75, 5], "texture": "#0" }}},{"from": [16, 7, 2],"to": [17, 7, 15],"faces": {"north": { "uv": [4.5, 8.25, 4.25, 5], "texture": "#0" },"east": { "uv": [4.5, 8.25, 4.25, 5], "texture": "#0" },"south": { "uv": [4.5, 8.25, 4.25, 5], "texture": "#0" },"west": { "uv": [4.5, 8.25, 4.25, 5], "texture": "#0" },"up": { "uv": [4.5, 8.25, 4.25, 5], "texture": "#0" },"down": { "uv": [4.5, 8.25, 4.25, 5], "texture": "#0" }}},{"from": [2, 7, 16],"to": [15, 7, 17],"faces": {"north": { "uv": [8.75, 5.25, 5.5, 5], "texture": "#0" },"east": { "uv": [8.75, 5.25, 5.5, 5], "texture": "#0" },"south": { "uv": [8.75, 5.25, 5.5, 5], "texture": "#0" },"west": { "uv": [8.75, 5.25, 5.5, 5], "texture": "#0" },"up": { "uv": [8.75, 5.25, 5.5, 5], "texture": "#0" },"down": { "uv": [8.75, 5.25, 5.5, 5], "texture": "#0" }}},{"from": [2, 7, 0],"to": [15, 7, 1],"faces": {"north": { "uv": [8.75, 5.75, 5.5, 5.5], "texture": "#0" },"east": { "uv": [8.75, 5.75, 5.5, 5.5], "texture": "#0" },"south": { "uv": [8.75, 5.75, 5.5, 5.5], "texture": "#0" },"west": { "uv": [8.75, 5.75, 5.5, 5.5], "texture": "#0" },"up": { "uv": [8.75, 5.75, 5.5, 5.5], "texture": "#0" },"down": { "uv": [8.75, 5.75, 5.5, 5.5], "texture": "#0" }}},{"from": [11, 11, 6],"to": [13, 13, 7],"faces": {"north": { "uv": [7.25, 1.25, 7.75, 1.75], "texture": "#0" },"east": { "uv": [4.5, 7.5, 4.75, 8], "texture": "#0" },"south": { "uv": [2, 7.25, 2.5, 7.75], "texture": "#0" },"west": { "uv": [4.75, 7.5, 5, 8], "texture": "#0" },"up": { "uv": [8, 5, 7.5, 4.75], "texture": "#0" },"down": { "uv": [8, 6.75, 7.5, 7], "texture": "#0" }}},{"from": [4, 11, 6],"to": [6, 13, 7],"faces": {"north": { "uv": [2.5, 7.25, 3, 7.75], "texture": "#0" },"east": { "uv": [5, 7.5, 5.25, 8], "texture": "#0" },"south": { "uv": [3, 7.25, 3.5, 7.75], "texture": "#0" },"west": { "uv": [7.5, 7, 7.75, 7.5], "texture": "#0" },"up": { "uv": [8, 7.75, 7.5, 7.5], "texture": "#0" },"down": { "uv": [8.25, 1.25, 7.75, 1.5], "texture": "#0" }}},{"from": [2, 7, 2],"to": [6, 9, 4],"faces": {"north": { "uv": [0, 5.5, 1, 6], "texture": "#0" },"east": { "uv": [6, 7.25, 6.5, 7.75], "texture": "#0" },"south": { "uv": [1, 5.5, 2, 6], "texture": "#0" },"west": { "uv": [6.5, 7.25, 7, 7.75], "texture": "#0" },"up": { "uv": [1, 6.5, 0, 6], "texture": "#0" },"down": { "uv": [2, 6, 1, 6.5], "texture": "#0" }}},{"from": [2, 7, 4],"to": [4, 9, 8],"faces": {"north": { "uv": [7, 7.25, 7.5, 7.75], "texture": "#0" },"east": { "uv": [0, 6.5, 1, 7], "texture": "#0" },"south": { "uv": [0, 7.5, 0.5, 8], "texture": "#0" },"west": { "uv": [1, 6.5, 2, 7], "texture": "#0" },"up": { "uv": [5, 7.5, 4.5, 6.5], "texture": "#0" },"down": { "uv": [6, 6.75, 5.5, 7.75], "texture": "#0" }}},{"from": [3, 7, 8],"to": [4, 9, 10],"faces": {"north": { "uv": [1.5, 7.75, 1.75, 8.25], "texture": "#0" },"east": { "uv": [0.5, 7.5, 1, 8], "texture": "#0" },"south": { "uv": [1.75, 7.75, 2, 8.25], "texture": "#0" },"west": { "uv": [1, 7.5, 1.5, 8], "texture": "#0" },"up": { "uv": [2.25, 8.25, 2, 7.75], "texture": "#0" },"down": { "uv": [2.5, 7.75, 2.25, 8.25], "texture": "#0" }}}],"display": {"thirdperson_righthand": {"translation": [-0.25, 0, -1],"scale": [0.57, 0.57, 0.57]},"thirdperson_lefthand": {"translation": [-0.25, 0, -1],"scale": [0.57, 0.57, 0.57]},"firstperson_righthand": {"translation": [1.5, 0, 0]},"firstperson_lefthand": {"translation": [1.5, 0, 0]},"ground": {"scale": [0.72, 0.72, 0.72]},"gui": {"rotation": [12, -180, 0],"translation": [0.5, 0, 0],"scale": [0.86, 1.04, 1]},"head": {"rotation": [-5, -2.5, 0],"translation": [-0.75, 3.25, -0.75],"scale": [1.67, 1.59, 1.72]},"fixed": {"rotation": [-89, 0, 0],"translation": [0, 0, -2]}},"groups": [{"name": "hat","origin": [0, 0, 0],"color": 0,"children": [0, 1, 2, 3, 4, 5, 6, 7, 8, 9, 10, 11, 12, 13, 14, 15, 16, 17,18, 19, 20, 21, 22, 23, 24, 25, 26, 27, 28, 29, 30, 31, 32, 33]}]}