{"credit": "Made with Blockbench","texture_size": [64, 64],"textures": {"0": "minecraft:item/tristenlosey/georgia_devil","particle": "minecraft:item/tristenlosey/georgia_devil"},"elements": [{"from": [13, 7, 4],"to": [13, 11, 13],"faces": {"north": { "uv": [0, 0, 0, 1], "texture": "#0" },"east": { "uv": [2, 0, 4.25, 1], "texture": "#0" },"south": { "uv": [0, 0, 0, 1], "texture": "#0" },"west": { "uv": [2, 1, 4.25, 2], "texture": "#0" },"up": { "uv": [0, 2.25, 0, 0], "texture": "#0" },"down": { "uv": [0, 0, 0, 2.25], "texture": "#0" }}},{"from": [4, 7, 4],"to": [13, 11, 4],"faces": {"north": { "uv": [2, 2, 4.25, 3], "texture": "#0" },"east": { "uv": [0, 0, 0, 1], "texture": "#0" },"south": { "uv": [2, 3, 4.25, 4], "texture": "#0" },"west": { "uv": [0, 0, 0, 1], "texture": "#0" },"up": { "uv": [2.25, 0, 0, 0], "texture": "#0" },"down": { "uv": [2.25, 0, 0, 0], "texture": "#0" }}},{"from": [4, 7, 4],"to": [4, 11, 13],"faces": {"north": { "uv": [0, 0, 0, 1], "texture": "#0" },"east": { "uv": [0, 4, 2.25, 5], "texture": "#0" },"south": { "uv": [0, 0, 0, 1], "texture": "#0" },"west": { "uv": [2.25, 4, 4.5, 5], "texture": "#0" },"up": { "uv": [0, 2.25, 0, 0], "texture": "#0" },"down": { "uv": [0, 0, 0, 2.25], "texture": "#0" }}},{"from": [4, 7, 13],"to": [13, 11, 13],"faces": {"north": { "uv": [4.25, 0, 6.5, 1], "texture": "#0" },"east": { "uv": [0, 0, 0, 1], "texture": "#0" },"south": { "uv": [4.25, 1, 6.5, 2], "texture": "#0" },"west": { "uv": [0, 0, 0, 1], "texture": "#0" },"up": { "uv": [2.25, 0, 0, 0], "texture": "#0" },"down": { "uv": [2.25, 0, 0, 0], "texture": "#0" }}},{"from": [4, 11, 12.4],"to": [12.4, 11, 13],"faces": {"north": { "uv": [0, 0, 2, 0], "texture": "#0" },"east": { "uv": [0, 0, 0.25, 0], "texture": "#0" },"south": { "uv": [0, 0, 2, 0], "texture": "#0" },"west": { "uv": [0, 0, 0.25, 0], "texture": "#0" },"up": { "uv": [9.25, 2.25, 7.25, 2], "texture": "#0" },"down": { "uv": [9.75, 7.25, 7.75, 7.5], "texture": "#0" }}},{"from": [4, 11, 4],"to": [12.4, 11, 4.4],"faces": {"north": { "uv": [0, 0, 2, 0], "texture": "#0" },"east": { "uv": [0, 0, 0.25, 0], "texture": "#0" },"south": { "uv": [0, 0, 2, 0], "texture": "#0" },"west": { "uv": [0, 0, 0.25, 0], "texture": "#0" },"up": { "uv": [9.75, 7.75, 7.75, 7.5], "texture": "#0" },"down": { "uv": [9.75, 7.75, 7.75, 8], "texture": "#0" }}},{"from": [12.4, 11, 4],"to": [13, 11, 13],"faces": {"north": { "uv": [0, 0, 0.25, 0], "texture": "#0" },"east": { "uv": [0, 0, 2.25, 0], "texture": "#0" },"south": { "uv": [0, 0, 0.25, 0], "texture": "#0" },"west": { "uv": [0, 0, 2.25, 0], "texture": "#0" },"up": { "uv": [1, 9.5, 0.75, 7.25], "texture": "#0" },"down": { "uv": [1.25, 7.25, 1, 9.5], "texture": "#0" }}},{"from": [4, 11, 4.4],"to": [12.4, 11, 12.4],"faces": {"north": { "uv": [0, 0, 2, 0], "texture": "#0" },"east": { "uv": [0, 0, 2, 0], "texture": "#0" },"south": { "uv": [0, 0, 2, 0], "texture": "#0" },"west": { "uv": [0, 0, 2, 0], "texture": "#0" },"up": { "uv": [2, 2, 0, 0], "texture": "#0" },"down": { "uv": [2, 2, 0, 4], "texture": "#0" }}},{"from": [13, 7, 1],"to": [14, 7, 16],"rotation": { "angle": 22.5, "axis": "z", "origin": [13, 7, 8] },"faces": {"north": { "uv": [0, 0, 0.25, 0], "texture": "#0" },"east": { "uv": [0, 0, 3.75, 0], "texture": "#0" },"south": { "uv": [0, 0, 0.25, 0], "texture": "#0" },"west": { "uv": [0, 0, 3.75, 0], "texture": "#0" },"up": { "uv": [4, 10.75, 3.75, 7], "texture": "#0" },"down": { "uv": [4.25, 7, 4, 10.75], "texture": "#0" }}},{"from": [13.6194, 5.08658, 2],"to": [14.6194, 5.08658, 15],"rotation": { "angle": 22.5, "axis": "z", "origin": [8, 7, 8] },"faces": {"north": { "uv": [0, 0, 0.25, 0], "texture": "#0" },"east": { "uv": [0, 0, 3.25, 0], "texture": "#0" },"south": { "uv": [0, 0, 0.25, 0], "texture": "#0" },"west": { "uv": [0, 0, 3.25, 0], "texture": "#0" },"up": { "uv": [5, 10.25, 4.75, 7], "texture": "#0" },"down": { "uv": [5.25, 7, 5, 10.25], "texture": "#0" }}},{"from": [14.6194, 5.08658, 3],"to": [15.6194, 5.08658, 14],"rotation": { "angle": 22.5, "axis": "z", "origin": [8, 7, 8] },"faces": {"north": { "uv": [0, 0, 0.25, 0], "texture": "#0" },"east": { "uv": [0, 0, 2.75, 0], "texture": "#0" },"south": { "uv": [0, 0, 0.25, 0], "texture": "#0" },"west": { "uv": [0, 0, 2.75, 0], "texture": "#0" },"up": { "uv": [6, 9.75, 5.75, 7], "texture": "#0" },"down": { "uv": [0.25, 7.25, 0, 10], "texture": "#0" }}},{"from": [3.30448, 5.46927, 1],"to": [4.30448, 5.46927, 16],"rotation": { "angle": -22.5, "axis": "z", "origin": [8, 7, 8] },"faces": {"north": { "uv": [0, 0, 0.25, 0], "texture": "#0" },"east": { "uv": [0, 0, 3.75, 0], "texture": "#0" },"south": { "uv": [0, 0, 0.25, 0], "texture": "#0" },"west": { "uv": [0, 0, 3.75, 0], "texture": "#0" },"up": { "uv": [4.5, 10.75, 4.25, 7], "texture": "#0" },"down": { "uv": [4.75, 7, 4.5, 10.75], "texture": "#0" }}},{"from": [2.30448, 5.46927, 2],"to": [3.30448, 5.46927, 15],"rotation": { "angle": -22.5, "axis": "z", "origin": [8, 7, 8] },"faces": {"north": { "uv": [0, 0, 0.25, 0], "texture": "#0" },"east": { "uv": [0, 0, 3.25, 0], "texture": "#0" },"south": { "uv": [0, 0, 0.25, 0], "texture": "#0" },"west": { "uv": [0, 0, 3.25, 0], "texture": "#0" },"up": { "uv": [5.5, 10.25, 5.25, 7], "texture": "#0" },"down": { "uv": [5.75, 7, 5.5, 10.25], "texture": "#0" }}},{"from": [4, 7, 0],"to": [13, 7, 4],"rotation": { "angle": 0, "axis": "y", "origin": [8, 7, 8] },"faces": {"north": { "uv": [0, 0, 2.25, 0], "texture": "#0" },"east": { "uv": [0, 0, 1, 0], "texture": "#0" },"south": { "uv": [0, 0, 2.25, 0], "texture": "#0" },"west": { "uv": [0, 0, 1, 0], "texture": "#0" },"up": { "uv": [6.5, 3, 4.25, 2], "texture": "#0" },"down": { "uv": [6.5, 3, 4.25, 4], "texture": "#0" }}},{"from": [1.30448, 5.46927, 3],"to": [2.30448, 5.46927, 14],"rotation": { "angle": -22.5, "axis": "z", "origin": [8, 7, 8] },"faces": {"north": { "uv": [0, 0, 0.25, 0], "texture": "#0" },"east": { "uv": [0, 0, 2.75, 0], "texture": "#0" },"south": { "uv": [0, 0, 0.25, 0], "texture": "#0" },"west": { "uv": [0, 0, 2.75, 0], "texture": "#0" },"up": { "uv": [0.5, 10, 0.25, 7.25], "texture": "#0" },"down": { "uv": [0.75, 7.25, 0.5, 10], "texture": "#0" }}},{"from": [4, 7, 13],"to": [13, 7, 17],"rotation": { "angle": 0, "axis": "y", "origin": [8, 7, 8] },"faces": {"north": { "uv": [0, 0, 2.25, 0], "texture": "#0" },"east": { "uv": [0, 0, 1, 0], "texture": "#0" },"south": { "uv": [0, 0, 2.25, 0], "texture": "#0" },"west": { "uv": [0, 0, 1, 0], "texture": "#0" },"up": { "uv": [6.75, 5, 4.5, 4], "texture": "#0" },"down": { "uv": [2.25, 5, 0, 6], "texture": "#0" }}},{"from": [9, 11, 4],"to": [12, 14, 13],"rotation": { "angle": 0, "axis": "y", "origin": [1, 0, 4] },"faces": {"north": { "uv": [7.25, 0.5, 8, 1.25], "texture": "#0" },"east": { "uv": [2.25, 5, 4.5, 5.75], "texture": "#0" },"south": { "uv": [1.25, 7.25, 2, 8], "texture": "#0" },"west": { "uv": [4.5, 5, 6.75, 5.75], "texture": "#0" },"up": { "uv": [3, 8, 2.25, 5.75], "texture": "#0" },"down": { "uv": [3.75, 5.75, 3, 8], "texture": "#0" }}},{"from": [8, 11, 4],"to": [9, 12.5, 13],"rotation": { "angle": 0, "axis": "y", "origin": [1, 0, 4] },"faces": {"north": { "uv": [8, 0.5, 8.25, 1], "texture": "#0" },"east": { "uv": [3.75, 6.5, 6, 7], "texture": "#0" },"south": { "uv": [8, 1, 8.25, 1.5], "texture": "#0" },"west": { "uv": [0, 6.75, 2.25, 7.25], "texture": "#0" },"up": { "uv": [2.25, 9.5, 2, 7.25], "texture": "#0" },"down": { "uv": [7, 7.25, 6.75, 9.5], "texture": "#0" }}},{"from": [5, 11, 4],"to": [8, 14, 13],"rotation": { "angle": 0, "axis": "y", "origin": [1, 0, 4] },"faces": {"north": { "uv": [7.25, 1.25, 8, 2], "texture": "#0" },"east": { "uv": [3.75, 5.75, 6, 6.5], "texture": "#0" },"south": { "uv": [7, 7.25, 7.75, 8], "texture": "#0" },"west": { "uv": [0, 6, 2.25, 6.75], "texture": "#0" },"up": { "uv": [6.75, 8, 6, 5.75], "texture": "#0" },"down": { "uv": [7.25, 0, 6.5, 2.25], "texture": "#0" }}},{"from": [3.75, 7, 3.75],"to": [13.25, 9, 3.75],"faces": {"north": { "uv": [6.75, 3.75, 9.25, 4.25], "texture": "#0" },"east": { "uv": [0, 0, 0, 0.5], "texture": "#0" },"south": { "uv": [6.75, 4.25, 9.25, 4.75], "texture": "#0" },"west": { "uv": [0, 0, 0, 0.5], "texture": "#0" },"up": { "uv": [2.5, 0, 0, 0], "texture": "#0" },"down": { "uv": [2.5, 0, 0, 0], "texture": "#0" }}},{"from": [3.75, 7, 13.25],"to": [13.25, 9, 13.25],"faces": {"north": { "uv": [6.75, 4.75, 9.25, 5.25], "texture": "#0" },"east": { "uv": [0, 0, 0, 0.5], "texture": "#0" },"south": { "uv": [6.75, 5.25, 9.25, 5.75], "texture": "#0" },"west": { "uv": [0, 0, 0, 0.5], "texture": "#0" },"up": { "uv": [2.5, 0, 0, 0], "texture": "#0" },"down": { "uv": [2.5, 0, 0, 0], "texture": "#0" }}},{"from": [3.75, 7.25, 3.75],"to": [3.75, 9, 13.25],"rotation": {"angle": 0,"axis": "y","origin": [3.75, 7.5, 3.75]},"faces": {"north": { "uv": [0, 0, 0, 0.5], "texture": "#0" },"east": { "uv": [6.75, 5.75, 9.25, 6.25], "texture": "#0" },"south": { "uv": [0, 0, 0, 0.5], "texture": "#0" },"west": { "uv": [6.75, 6.25, 9.25, 6.75], "texture": "#0" },"up": { "uv": [0, 2.5, 0, 0], "texture": "#0" },"down": { "uv": [0, 0, 0, 2.5], "texture": "#0" }}},{"from": [13.25, 7.25, 3.75],"to": [13.25, 9, 13.25],"rotation": {"angle": 0,"axis": "y","origin": [3.75, 7.5, 3.75]},"faces": {"north": { "uv": [0, 0, 0, 0.5], "texture": "#0" },"east": { "uv": [6.75, 6.75, 9.25, 7.25], "texture": "#0" },"south": { "uv": [0, 0, 0, 0.5], "texture": "#0" },"west": { "uv": [7.25, 0, 9.75, 0.5], "texture": "#0" },"up": { "uv": [0, 2.5, 0, 0], "texture": "#0" },"down": { "uv": [0, 0, 0, 2.5], "texture": "#0" }}},{"from": [4.75, 9, 3.75],"to": [12.25, 12, 3.75],"faces": {"north": { "uv": [6.5, 2.25, 8.25, 3], "texture": "#0" },"east": { "uv": [0, 0, 0, 0.75], "texture": "#0" },"south": { "uv": [6.5, 3, 8.25, 3.75], "texture": "#0" },"west": { "uv": [0, 0, 0, 0.75], "texture": "#0" },"up": { "uv": [1.75, 0, 0, 0], "texture": "#0" },"down": { "uv": [1.75, 0, 0, 0], "texture": "#0" }}}],"display": {"thirdperson_righthand": {"translation": [-0.25, 0, -1],"scale": [0.57, 0.57, 0.57]},"thirdperson_lefthand": {"translation": [-0.25, 0, -1],"scale": [0.57, 0.57, 0.57]},"firstperson_righthand": {"translation": [1.5, 0, 0]},"firstperson_lefthand": {"translation": [1.5, 0, 0]},"ground": {"scale": [0.72, 0.72, 0.72]},"gui": {"rotation": [3, -180, 0],"translation": [0.5, -2.25, 0],"scale": [0.96, 0.96, 0.96]},"head": {"rotation": [-6, 0, 0],"translation": [-0.75, 4, -0.75],"scale": [1.62, 1.41, 1.68]},"fixed": {"rotation": [-89, 0, 0],"translation": [0, 0, -2]}},"groups": [{"name": "top","origin": [0, 0, 0],"color": 0,"children": [0, 1, 2, 3, 4, 5, 6, 7, 8, 9, 10, 11, 12, 13, 14, 15, 16, 17,18, 19, 20, 21, 22, 23]}]}