{"credit": "Made with Blockbench","texture_size": [64, 64],"textures": {"0": "minecraft:item/tristenlosey/hoglin_hat","particle": "minecraft:item/tristenlosey/hoglin_hat"},"elements": [{"from": [13, 7, 4],"to": [13, 11, 13],"faces": {"north": { "uv": [0, 0, 0, 1], "texture": "#0" },"east": { "uv": [3.75, 0, 6, 1], "texture": "#0" },"south": { "uv": [0, 0, 0, 1], "texture": "#0" },"west": { "uv": [3.75, 1, 6, 2], "texture": "#0" },"up": { "uv": [0, 2.25, 0, 0], "texture": "#0" },"down": { "uv": [0, 0, 0, 2.25], "texture": "#0" }}},{"from": [4, 7, 4],"to": [4, 11, 13],"faces": {"north": { "uv": [0, 0, 0, 1], "texture": "#0" },"east": { "uv": [3.75, 2, 6, 3], "texture": "#0" },"south": { "uv": [0, 0, 0, 1], "texture": "#0" },"west": { "uv": [2.25, 3.75, 4.5, 4.75], "texture": "#0" },"up": { "uv": [0, 2.25, 0, 0], "texture": "#0" },"down": { "uv": [0, 0, 0, 2.25], "texture": "#0" }}},{"from": [4, 7, 13],"to": [13, 11, 13],"faces": {"north": { "uv": [0, 4.5, 2.25, 5.5], "texture": "#0" },"east": { "uv": [0, 0, 0, 1], "texture": "#0" },"south": { "uv": [4.5, 3, 6.75, 4], "texture": "#0" },"west": { "uv": [0, 0, 0, 1], "texture": "#0" },"up": { "uv": [2.25, 0, 0, 0], "texture": "#0" },"down": { "uv": [2.25, 0, 0, 0], "texture": "#0" }}},{"from": [4, 7, 4],"to": [13, 11, 4],"faces": {"north": { "uv": [4.5, 4, 6.75, 5], "texture": "#0" },"east": { "uv": [0, 0, 0, 1], "texture": "#0" },"south": { "uv": [2.25, 4.75, 4.5, 5.75], "texture": "#0" },"west": { "uv": [0, 0, 0, 1], "texture": "#0" },"up": { "uv": [2.25, 0, 0, 0], "texture": "#0" },"down": { "uv": [2.25, 0, 0, 0], "texture": "#0" }}},{"from": [4, 11, 4],"to": [13, 11, 13],"faces": {"north": { "uv": [0, 0, 2.25, 0], "texture": "#0" },"east": { "uv": [0, 0, 2.25, 0], "texture": "#0" },"south": { "uv": [0, 0, 2.25, 0], "texture": "#0" },"west": { "uv": [0, 0, 2.25, 0], "texture": "#0" },"up": { "uv": [2.25, 2.25, 0, 0], "texture": "#0" },"down": { "uv": [2.25, 2.25, 0, 4.5], "texture": "#0" }}},{"from": [13, 7, 4],"to": [16, 7, 13],"faces": {"north": { "uv": [0, 0, 0.75, 0], "texture": "#0" },"east": { "uv": [0, 0, 2.25, 0], "texture": "#0" },"south": { "uv": [0, 0, 0.75, 0], "texture": "#0" },"west": { "uv": [0, 0, 2.25, 0], "texture": "#0" },"up": { "uv": [5.25, 7.25, 4.5, 5], "texture": "#0" },"down": { "uv": [6, 5, 5.25, 7.25], "texture": "#0" }}},{"from": [1, 7, 1],"to": [4, 7, 16],"rotation": { "angle": -45, "axis": "z", "origin": [4, 7, 8] },"faces": {"north": { "uv": [0, 0, 0.75, 0], "texture": "#0" },"east": { "uv": [0, 0, 3.75, 0], "texture": "#0" },"south": { "uv": [0, 0, 0.75, 0], "texture": "#0" },"west": { "uv": [0, 0, 3.75, 0], "texture": "#0" },"up": { "uv": [3, 3.75, 2.25, 0], "texture": "#0" },"down": { "uv": [3.75, 0, 3, 3.75], "texture": "#0" }}},{"from": [1, 7, 0],"to": [4, 7, 1],"rotation": { "angle": -45, "axis": "z", "origin": [4, 7, 8] },"faces": {"north": { "uv": [0, 0, 0.75, 0], "texture": "#0" },"east": { "uv": [0, 0, 0.25, 0], "texture": "#0" },"south": { "uv": [0, 0, 0.75, 0], "texture": "#0" },"west": { "uv": [0, 0, 0.25, 0], "texture": "#0" },"up": { "uv": [4.5, 3.75, 3.75, 3.5], "texture": "#0" },"down": { "uv": [7, 5, 6.25, 5.25], "texture": "#0" }}},{"from": [1, 7, 16],"to": [4, 7, 17],"rotation": { "angle": -45, "axis": "z", "origin": [4, 7, 8] },"faces": {"north": { "uv": [0, 0, 0.75, 0], "texture": "#0" },"east": { "uv": [0, 0, 0.25, 0], "texture": "#0" },"south": { "uv": [0, 0, 0.75, 0], "texture": "#0" },"west": { "uv": [0, 0, 0.25, 0], "texture": "#0" },"up": { "uv": [7, 5.5, 6.25, 5.25], "texture": "#0" },"down": { "uv": [7, 5.5, 6.25, 5.75], "texture": "#0" }}},{"from": [0, 7, 1],"to": [1, 7, 16],"rotation": { "angle": -45, "axis": "z", "origin": [4, 7, 8] },"faces": {"north": { "uv": [0, 0, 0.25, 0], "texture": "#0" },"east": { "uv": [0, 0, 3.75, 0], "texture": "#0" },"south": { "uv": [0, 0, 0.25, 0], "texture": "#0" },"west": { "uv": [0, 0, 3.75, 0], "texture": "#0" },"up": { "uv": [6.25, 8.75, 6, 5], "texture": "#0" },"down": { "uv": [0.25, 6.25, 0, 10], "texture": "#0" }}},{"from": [-1, 7, 2],"to": [0, 7, 15],"rotation": { "angle": -45, "axis": "z", "origin": [4, 7, 8] },"faces": {"north": { "uv": [0, 0, 0.25, 0], "texture": "#0" },"east": { "uv": [0, 0, 3.25, 0], "texture": "#0" },"south": { "uv": [0, 0, 0.25, 0], "texture": "#0" },"west": { "uv": [0, 0, 3.25, 0], "texture": "#0" },"up": { "uv": [0.5, 9.5, 0.25, 6.25], "texture": "#0" },"down": { "uv": [0.75, 6.25, 0.5, 9.5], "texture": "#0" }}},{"from": [4, 7, 1],"to": [13, 7, 4],"faces": {"north": { "uv": [0, 0, 2.25, 0], "texture": "#0" },"east": { "uv": [0, 0, 0.75, 0], "texture": "#0" },"south": { "uv": [0, 0, 2.25, 0], "texture": "#0" },"west": { "uv": [0, 0, 0.75, 0], "texture": "#0" },"up": { "uv": [2.25, 6.25, 0, 5.5], "texture": "#0" },"down": { "uv": [4.5, 5.75, 2.25, 6.5], "texture": "#0" }}},{"from": [4, 7, 13],"to": [13, 7, 16],"faces": {"north": { "uv": [0, 0, 2.25, 0], "texture": "#0" },"east": { "uv": [0, 0, 0.75, 0], "texture": "#0" },"south": { "uv": [0, 0, 2.25, 0], "texture": "#0" },"west": { "uv": [0, 0, 0.75, 0], "texture": "#0" },"up": { "uv": [8.25, 0.75, 6, 0], "texture": "#0" },"down": { "uv": [8.25, 0.75, 6, 1.5], "texture": "#0" }}},{"from": [13, 7, 2],"to": [15, 7, 4],"faces": {"north": { "uv": [0, 0, 0.5, 0], "texture": "#0" },"east": { "uv": [0, 0, 0.5, 0], "texture": "#0" },"south": { "uv": [0, 0, 0.5, 0], "texture": "#0" },"west": { "uv": [0, 0, 0.5, 0], "texture": "#0" },"up": { "uv": [4.25, 3.5, 3.75, 3], "texture": "#0" },"down": { "uv": [6.5, 2.5, 6, 3], "texture": "#0" }}},{"from": [13, 7, 13],"to": [15, 7, 15],"faces": {"north": { "uv": [0, 0, 0.5, 0], "texture": "#0" },"east": { "uv": [0, 0, 0.5, 0], "texture": "#0" },"south": { "uv": [0, 0, 0.5, 0], "texture": "#0" },"west": { "uv": [0, 0, 0.5, 0], "texture": "#0" },"up": { "uv": [1.75, 6.75, 1.25, 6.25], "texture": "#0" },"down": { "uv": [2.25, 6.25, 1.75, 6.75], "texture": "#0" }}},{"from": [13, 7, 15],"to": [16, 7, 16],"faces": {"north": { "uv": [0, 0, 0.75, 0], "texture": "#0" },"east": { "uv": [0, 0, 0.25, 0], "texture": "#0" },"south": { "uv": [0, 0, 0.75, 0], "texture": "#0" },"west": { "uv": [0, 0, 0.25, 0], "texture": "#0" },"up": { "uv": [7, 6, 6.25, 5.75], "texture": "#0" },"down": { "uv": [7, 6, 6.25, 6.25], "texture": "#0" }}},{"from": [15, 7, 13],"to": [16, 7, 15],"faces": {"north": { "uv": [0, 0, 0.25, 0], "texture": "#0" },"east": { "uv": [0, 0, 0.5, 0], "texture": "#0" },"south": { "uv": [0, 0, 0.25, 0], "texture": "#0" },"west": { "uv": [0, 0, 0.5, 0], "texture": "#0" },"up": { "uv": [4.5, 3.5, 4.25, 3], "texture": "#0" },"down": { "uv": [6.75, 2.5, 6.5, 3], "texture": "#0" }}},{"from": [15, 7, 2],"to": [16, 7, 4],"faces": {"north": { "uv": [0, 0, 0.25, 0], "texture": "#0" },"east": { "uv": [0, 0, 0.5, 0], "texture": "#0" },"south": { "uv": [0, 0, 0.25, 0], "texture": "#0" },"west": { "uv": [0, 0, 0.5, 0], "texture": "#0" },"up": { "uv": [3.25, 7, 3, 6.5], "texture": "#0" },"down": { "uv": [3.5, 6.5, 3.25, 7], "texture": "#0" }}},{"from": [13, 7, 1],"to": [16, 7, 2],"faces": {"north": { "uv": [0, 0, 0.75, 0], "texture": "#0" },"east": { "uv": [0, 0, 0.25, 0], "texture": "#0" },"south": { "uv": [0, 0, 0.75, 0], "texture": "#0" },"west": { "uv": [0, 0, 0.25, 0], "texture": "#0" },"up": { "uv": [7, 6.5, 6.25, 6.25], "texture": "#0" },"down": { "uv": [3, 6.5, 2.25, 6.75], "texture": "#0" }}},{"from": [16, 7, 2],"to": [17, 7, 15],"faces": {"north": { "uv": [0, 0, 0.25, 0], "texture": "#0" },"east": { "uv": [0, 0, 3.25, 0], "texture": "#0" },"south": { "uv": [0, 0, 0.25, 0], "texture": "#0" },"west": { "uv": [0, 0, 3.25, 0], "texture": "#0" },"up": { "uv": [1, 9.5, 0.75, 6.25], "texture": "#0" },"down": { "uv": [1.25, 6.25, 1, 9.5], "texture": "#0" }}},{"from": [4, 7, 16],"to": [15, 7, 17],"faces": {"north": { "uv": [0, 0, 2.75, 0], "texture": "#0" },"east": { "uv": [0, 0, 0.25, 0], "texture": "#0" },"south": { "uv": [0, 0, 2.75, 0], "texture": "#0" },"west": { "uv": [0, 0, 0.25, 0], "texture": "#0" },"up": { "uv": [8.75, 1.75, 6, 1.5], "texture": "#0" },"down": { "uv": [8.75, 1.75, 6, 2], "texture": "#0" }}},{"from": [4, 7, 0],"to": [15, 7, 1],"faces": {"north": { "uv": [0, 0, 2.75, 0], "texture": "#0" },"east": { "uv": [0, 0, 0.25, 0], "texture": "#0" },"south": { "uv": [0, 0, 2.75, 0], "texture": "#0" },"west": { "uv": [0, 0, 0.25, 0], "texture": "#0" },"up": { "uv": [8.75, 2.25, 6, 2], "texture": "#0" },"down": { "uv": [8.75, 2.25, 6, 2.5], "texture": "#0" }}}],"display": {"thirdperson_righthand": {"translation": [-0.25, 0, -1],"scale": [0.57, 0.57, 0.57]},"thirdperson_lefthand": {"translation": [-0.25, 0, -1],"scale": [0.57, 0.57, 0.57]},"firstperson_righthand": {"translation": [1.5, 0, 0]},"firstperson_lefthand": {"translation": [1.5, 0, 0]},"ground": {"scale": [0.72, 0.72, 0.72]},"gui": {"rotation": [16, -152, 0],"translation": [0.5, -1, 0],"scale": [0.72, 0.99, 0.93]},"head": {"rotation": [-7, 0, 0],"translation": [-1, 3.5, -1],"scale": [1.73, 1.63, 1.73]},"fixed": {"rotation": [-89, 0, 0],"translation": [0, 0, -2]}},"groups": [{"name": "hat","origin": [0, 0, 0],"color": 0,"children": [0, 1, 2, 3, 4, 5, 6, 7, 8, 9, 10, 11, 12, 13, 14, 15, 16, 17,18, 19, 20, 21]}]}