{"credit": "Made with Blockbench","texture_size": [64, 64],"textures": {"0": "minecraft:item/tristenlosey/horse_skull_mask","particle": "minecraft:item/tristenlosey/horse_skull_mask"},"elements": [{"from": [5, 2, 6],"to": [5, 7, 13],"faces": {"north": { "uv": [1.75, 5, 3.25, 6.25], "texture": "#0" },"east": { "uv": [0, 5, 1.75, 6.25], "texture": "#0" },"south": { "uv": [5, 5, 6.5, 6.25], "texture": "#0" },"west": { "uv": [3.25, 5, 5, 6.25], "texture": "#0" },"up": { "uv": [1.75, 3.25, 3.25, 5], "texture": "#0" },"down": { "uv": [3.25, 3.25, 4.75, 5], "texture": "#0" }}},{"from": [5, 2, 6],"to": [11, 7, 6],"faces": {"north": { "uv": [1.75, 5, 3.25, 6.25], "texture": "#0" },"east": { "uv": [1.75, 5, 3.25, 6.25], "texture": "#0" },"south": { "uv": [1.75, 5, 3.25, 6.25], "texture": "#0" },"west": { "uv": [1.75, 5, 3.25, 6.25], "texture": "#0" },"up": { "uv": [1.75, 5, 3.25, 6.25], "texture": "#0" },"down": { "uv": [1.75, 5, 3.25, 6.25], "texture": "#0" }}},{"from": [5, 2, 6],"to": [11, 2, 13],"faces": {"north": { "uv": [3.25, 3.25, 4.75, 5], "texture": "#0" },"east": { "uv": [3.25, 3.25, 4.75, 5], "texture": "#0" },"south": { "uv": [3.25, 3.25, 4.75, 5], "texture": "#0" },"west": { "uv": [3.25, 3.25, 4.75, 5], "texture": "#0" },"up": { "uv": [3.25, 5, 4.75, 3.25], "texture": "#0" },"down": { "uv": [3.25, 3.25, 4.75, 5], "texture": "#0" }}},{"from": [5, 7, 6],"to": [11, 7, 13],"faces": {"north": { "uv": [1.75, 3.25, 3.25, 5], "texture": "#0" },"east": { "uv": [1.75, 3.25, 3.25, 5], "texture": "#0" },"south": { "uv": [1.75, 3.25, 3.25, 5], "texture": "#0" },"west": { "uv": [1.75, 3.25, 3.25, 5], "texture": "#0" },"up": { "uv": [1.75, 3.25, 3.25, 5], "texture": "#0" },"down": { "uv": [1.75, 5, 3.25, 3.25], "texture": "#0" }}},{"from": [5, 2, 13],"to": [11, 7, 13],"faces": {"north": { "uv": [5, 5, 6.5, 6.25], "texture": "#0" },"east": { "uv": [5, 5, 6.5, 6.25], "texture": "#0" },"south": { "uv": [5, 5, 6.5, 6.25], "texture": "#0" },"west": { "uv": [5, 5, 6.5, 6.25], "texture": "#0" },"up": { "uv": [5, 5, 6.5, 6.25], "texture": "#0" },"down": { "uv": [5, 5, 6.5, 6.25], "texture": "#0" }}},{"from": [11, 2, 6],"to": [11, 7, 13],"faces": {"north": { "uv": [1.75, 5, 3.25, 6.25], "texture": "#0" },"east": { "uv": [0, 5, 1.75, 6.25], "texture": "#0" },"south": { "uv": [5, 5, 6.5, 6.25], "texture": "#0" },"west": { "uv": [3.25, 5, 5, 6.25], "texture": "#0" },"up": { "uv": [1.75, 3.25, 3.25, 5], "texture": "#0" },"down": { "uv": [3.25, 3.25, 4.75, 5], "texture": "#0" }}},{"from": [10, 2, 1],"to": [10, 7, 6],"faces": {"north": { "uv": [1.25, 7.5, 2.25, 8.75], "texture": "#0" },"east": { "uv": [0, 7.5, 1.25, 8.75], "texture": "#0" },"south": { "uv": [3.5, 7.5, 4.5, 8.75], "texture": "#0" },"west": { "uv": [2.25, 7.5, 3.5, 8.75], "texture": "#0" },"up": { "uv": [1.25, 6.25, 2.25, 7.5], "texture": "#0" },"down": { "uv": [2.25, 6.25, 3.25, 7.5], "texture": "#0" }}},{"from": [6, 2, 1],"to": [10, 7, 1],"faces": {"north": { "uv": [1.25, 7.5, 2.25, 8.75], "texture": "#0" },"east": { "uv": [1.25, 7.5, 2.25, 8.75], "texture": "#0" },"south": { "uv": [1.25, 7.5, 2.25, 8.75], "texture": "#0" },"west": { "uv": [1.25, 7.5, 2.25, 8.75], "texture": "#0" },"up": { "uv": [1.25, 7.5, 2.25, 8.75], "texture": "#0" },"down": { "uv": [1.25, 7.5, 2.25, 8.75], "texture": "#0" }}},{"from": [6, 2, 1],"to": [6, 7, 6],"faces": {"north": { "uv": [1.25, 7.5, 2.25, 8.75], "texture": "#0" },"east": { "uv": [0, 7.5, 1.25, 8.75], "texture": "#0" },"south": { "uv": [3.5, 7.5, 4.5, 8.75], "texture": "#0" },"west": { "uv": [2.25, 7.5, 3.5, 8.75], "texture": "#0" },"up": { "uv": [1.25, 6.25, 2.25, 7.5], "texture": "#0" },"down": { "uv": [2.25, 6.25, 3.25, 7.5], "texture": "#0" }}},{"from": [6, 2, 1],"to": [10, 2, 6],"faces": {"north": { "uv": [2.25, 6.25, 3.25, 7.5], "texture": "#0" },"east": { "uv": [2.25, 6.25, 3.25, 7.5], "texture": "#0" },"south": { "uv": [2.25, 6.25, 3.25, 7.5], "texture": "#0" },"west": { "uv": [2.25, 6.25, 3.25, 7.5], "texture": "#0" },"up": { "uv": [2.25, 7.5, 3.25, 6.25], "texture": "#0" },"down": { "uv": [2.25, 6.25, 3.25, 7.5], "texture": "#0" }}},{"from": [6, 7, 1],"to": [10, 7, 6],"faces": {"north": { "uv": [1.25, 6.25, 2.25, 7.5], "texture": "#0" },"east": { "uv": [1.25, 6.25, 2.25, 7.5], "texture": "#0" },"south": { "uv": [1.25, 6.25, 2.25, 7.5], "texture": "#0" },"west": { "uv": [1.25, 6.25, 2.25, 7.5], "texture": "#0" },"up": { "uv": [1.25, 6.25, 2.25, 7.5], "texture": "#0" },"down": { "uv": [1.25, 7.5, 2.25, 6.25], "texture": "#0" }}},{"from": [4.75, 1.75, 5.75],"to": [4.75, 7.25, 13.25],"faces": {"north": { "uv": [1.75, 1.75, 3.25, 3], "texture": "#0" },"east": { "uv": [0, 1.75, 1.75, 3], "texture": "#0" },"south": { "uv": [5, 1.75, 6.5, 3], "texture": "#0" },"west": { "uv": [3.25, 1.75, 5, 3], "texture": "#0" },"up": { "uv": [1.75, 1, 3.25, 2.75], "texture": "#0" },"down": { "uv": [3.25, 0, 4.75, 1.75], "texture": "#0" }}},{"from": [4.75, 7.25, 5.75],"to": [11.25, 7.25, 13.25],"faces": {"north": { "uv": [1.75, 1.75, 3.25, 3], "texture": "#0" },"east": { "uv": [0, 1.75, 1.75, 3], "texture": "#0" },"south": { "uv": [5, 1.75, 6.5, 3], "texture": "#0" },"west": { "uv": [3.25, 1.75, 5, 3], "texture": "#0" },"up": { "uv": [1.75, 1, 3.25, 2.75], "texture": "#0" },"down": { "uv": [3.25, 0, 4.75, 1.75], "texture": "#0" }}},{"from": [4.75, 1.75, 5.75],"to": [11.25, 1.75, 13.25],"faces": {"north": { "uv": [1.75, 1.75, 3.25, 3], "texture": "#0" },"east": { "uv": [0, 1.75, 1.75, 3], "texture": "#0" },"south": { "uv": [5, 1.75, 6.5, 3], "texture": "#0" },"west": { "uv": [3.25, 1.75, 5, 3], "texture": "#0" },"up": { "uv": [1.75, 1, 3.25, 2.75], "texture": "#0" },"down": { "uv": [3.25, 0, 4.75, 1.75], "texture": "#0" }}},{"from": [4.75, 1.75, 5.75],"to": [11.25, 7.25, 5.75],"faces": {"north": { "uv": [1.75, 1.75, 3.25, 3], "texture": "#0" },"east": { "uv": [1.75, 1.75, 3.25, 3], "texture": "#0" },"south": { "uv": [3.25, 1.75, 1.75, 3], "texture": "#0" },"west": { "uv": [1.75, 1.75, 3.25, 3], "texture": "#0" },"up": { "uv": [1.75, 1.75, 3.25, 3], "texture": "#0" },"down": { "uv": [1.75, 1.75, 3.25, 3], "texture": "#0" }}},{"from": [11.25, 1.75, 5.75],"to": [11.25, 7.25, 13.25],"faces": {"north": { "uv": [1.75, 1.75, 3.25, 3], "texture": "#0" },"east": { "uv": [0, 1.75, 1.75, 3], "texture": "#0" },"south": { "uv": [5, 1.75, 6.5, 3], "texture": "#0" },"west": { "uv": [3.25, 1.75, 5, 3], "texture": "#0" },"up": { "uv": [1.75, 1, 3.25, 2.75], "texture": "#0" },"down": { "uv": [3.25, 0, 4.75, 1.75], "texture": "#0" }}},{"from": [5.75, 7.25, 3.75],"to": [10.25, 7.25, 6.25],"faces": {"north": { "uv": [5.3125, 0.5, 6.1875, 1.75], "texture": "#0" },"east": { "uv": [4.75, 0.5, 5.3125, 1.75], "texture": "#0" },"south": { "uv": [6.75, 0.5, 7.75, 1.75], "texture": "#0" },"west": { "uv": [6.1875, 0.5, 6.75, 1.75], "texture": "#0" },"up": { "uv": [5.3125, 0.1875, 6.25, 0.75], "texture": "#0" },"down": { "uv": [5.25, 0, 6.1875, 0.5625], "texture": "#0" }}},{"from": [10.25, 1.75, 3.75],"to": [10.25, 7.25, 6.25],"faces": {"north": { "uv": [5.3125, 0.5, 6.1875, 1.75], "texture": "#0" },"east": { "uv": [4.75, 0.5, 5.3125, 1.75], "texture": "#0" },"south": { "uv": [6.75, 0.5, 7.75, 1.75], "texture": "#0" },"west": { "uv": [6.1875, 0.5, 6.75, 1.75], "texture": "#0" },"up": { "uv": [5.3125, 0.1875, 6.25, 0.75], "texture": "#0" },"down": { "uv": [5.25, 0, 6.1875, 0.5625], "texture": "#0" }}},{"from": [5.75, 1.75, 3.75],"to": [5.75, 7.25, 6.25],"faces": {"north": { "uv": [5.3125, 0.5, 6.1875, 1.75], "texture": "#0" },"east": { "uv": [4.75, 0.5, 5.3125, 1.75], "texture": "#0" },"south": { "uv": [6.75, 0.5, 7.75, 1.75], "texture": "#0" },"west": { "uv": [6.1875, 0.5, 6.75, 1.75], "texture": "#0" },"up": { "uv": [5.3125, 0.1875, 6.25, 0.75], "texture": "#0" },"down": { "uv": [5.25, 0, 6.1875, 0.5625], "texture": "#0" }}},{"from": [5.75, 1.75, 6.25],"to": [10.25, 7.25, 6.25],"faces": {"north": { "uv": [7.75, 0.5, 6.75, 1.75], "texture": "#0" },"east": { "uv": [6.75, 0.5, 7.75, 1.75], "texture": "#0" },"south": { "uv": [6.75, 0.5, 7.75, 1.75], "texture": "#0" },"west": { "uv": [6.75, 0.5, 7.75, 1.75], "texture": "#0" },"up": { "uv": [6.75, 0.5, 7.75, 1.75], "texture": "#0" },"down": { "uv": [6.75, 0.5, 7.75, 1.75], "texture": "#0" }}},{"from": [5.75, 1.75, 3.75],"to": [10.25, 1.75, 6.25],"faces": {"north": { "uv": [5.3125, 0.5, 6.1875, 1.75], "texture": "#0" },"east": { "uv": [4.75, 0.5, 5.3125, 1.75], "texture": "#0" },"south": { "uv": [6.75, 0.5, 7.75, 1.75], "texture": "#0" },"west": { "uv": [6.1875, 0.5, 6.75, 1.75], "texture": "#0" },"up": { "uv": [5.3125, 0.1875, 6.25, 0.75], "texture": "#0" },"down": { "uv": [5.25, 0, 6.1875, 0.5625], "texture": "#0" }}},{"from": [10, 3, 3],"to": [11, 5, 5],"faces": {"north": { "uv": [8, 1.25, 8.25, 1.75], "texture": "#0" },"east": { "uv": [8.25, 1.75, 8.75, 2.25], "texture": "#0" },"south": { "uv": [7.75, 1.25, 8, 1.75], "texture": "#0" },"west": { "uv": [7.25, 1.75, 7.75, 2.25], "texture": "#0" },"up": { "uv": [7.75, 1.75, 8, 2.25], "texture": "#0" },"down": { "uv": [8, 1.75, 8.25, 2.25], "texture": "#0" }}},{"from": [5, 3, 3],"to": [6, 5, 5],"faces": {"north": { "uv": [7.75, 1.75, 8, 2.25], "texture": "#0" },"east": { "uv": [8.25, 1.75, 8.75, 2.25], "texture": "#0" },"south": { "uv": [7.75, 1.25, 8, 1.75], "texture": "#0" },"west": { "uv": [7.25, 1.75, 7.75, 2.25], "texture": "#0" },"up": { "uv": [8, 1.75, 8.25, 2.25], "texture": "#0" },"down": { "uv": [8, 1.25, 8.25, 1.75], "texture": "#0" }}}],"display": {"thirdperson_righthand": {"translation": [-0.25, 2.5, -1],"scale": [0.57, 0.57, 0.57]},"thirdperson_lefthand": {"translation": [-0.25, 2.5, -1],"scale": [0.57, 0.57, 0.57]},"firstperson_righthand": {"translation": [1.5, 7.25, 1.5],"scale": [1.77, 1.6, 1.04]},"firstperson_lefthand": {"translation": [1.5, 7.25, 1.5],"scale": [1.77, 1.6, 1.04]},"ground": {"translation": [0, 3.25, 0],"scale": [0.98, 0.98, 0.98]},"gui": {"rotation": [16, 144, 0],"translation": [0, 3.5, 0],"scale": [1.24516, 1.2, 1]},"head": {"translation": [0, 10, -3],"scale": [2.42, 2.55, 2.15]},"fixed": {"rotation": [0, -90, 90],"translation": [-0.5, 0.25, -20],"scale": [3.03, 3.03, 3.03]}},"groups": [{"name": "hat","origin": [0, 0, 0],"color": 0,"children": []},0,1,2,3,4,5,6,7,8,9,10,11,12,13,14,15,16,17,18,19,20,21,22]}