{"credit": "Made with Blockbench","texture_size": [64, 64],"textures": {"0": "minecraft:item/tristenlosey/king_trisekiel","particle": "minecraft:item/tristenlosey/king_trisekiel"},"elements": [{"from": [13, 7, 4],"to": [13, 14, 13],"faces": {"north": { "uv": [0, 0, 0, 1.75], "texture": "#0" },"east": { "uv": [2.25, 0, 4.5, 1.75], "texture": "#0" },"south": { "uv": [0, 0, 0, 1.75], "texture": "#0" },"west": { "uv": [2.25, 1.75, 4.5, 3.5], "texture": "#0" },"up": { "uv": [0, 2.25, 0, 0], "texture": "#0" },"down": { "uv": [0, 0, 0, 2.25], "texture": "#0" }}},{"from": [4, 14, 4],"to": [13, 14, 13],"faces": {"north": { "uv": [0, 0, 2.25, 0], "texture": "#0" },"east": { "uv": [0, 0, 2.25, 0], "texture": "#0" },"south": { "uv": [0, 0, 2.25, 0], "texture": "#0" },"west": { "uv": [0, 0, 2.25, 0], "texture": "#0" },"up": { "uv": [2.25, 2.25, 0, 0], "texture": "#0" },"down": { "uv": [2.25, 2.25, 0, 4.5], "texture": "#0" }}},{"from": [4, 7, 4],"to": [13, 14, 4],"faces": {"north": { "uv": [2.25, 3.5, 4.5, 5.25], "texture": "#0" },"east": { "uv": [0, 0, 0, 1.75], "texture": "#0" },"south": { "uv": [0, 4.5, 2.25, 6.25], "texture": "#0" },"west": { "uv": [0, 0, 0, 1.75], "texture": "#0" },"up": { "uv": [2.25, 0, 0, 0], "texture": "#0" },"down": { "uv": [2.25, 0, 0, 0], "texture": "#0" }}},{"from": [4, 7, 4],"to": [4, 14, 13],"faces": {"north": { "uv": [0, 0, 0, 1.75], "texture": "#0" },"east": { "uv": [4.5, 0, 6.75, 1.75], "texture": "#0" },"south": { "uv": [0, 0, 0, 1.75], "texture": "#0" },"west": { "uv": [4.5, 1.75, 6.75, 3.5], "texture": "#0" },"up": { "uv": [0, 2.25, 0, 0], "texture": "#0" },"down": { "uv": [0, 0, 0, 2.25], "texture": "#0" }}},{"from": [4, 7, 13],"to": [13, 14, 13],"faces": {"north": { "uv": [4.5, 3.5, 6.75, 5.25], "texture": "#0" },"east": { "uv": [0, 0, 0, 1.75], "texture": "#0" },"south": { "uv": [2.25, 5.25, 4.5, 7], "texture": "#0" },"west": { "uv": [0, 0, 0, 1.75], "texture": "#0" },"up": { "uv": [2.25, 0, 0, 0], "texture": "#0" },"down": { "uv": [2.25, 0, 0, 0], "texture": "#0" }}},{"from": [12.6194, 5.08658, 2],"to": [13.6194, 5.08658, 15],"rotation": { "angle": 22.5, "axis": "z", "origin": [8, 7, 8] },"faces": {"north": { "uv": [0, 0, 0.25, 0], "texture": "#0" },"east": { "uv": [0, 0, 3.25, 0], "texture": "#0" },"south": { "uv": [0, 0, 0.25, 0], "texture": "#0" },"west": { "uv": [0, 0, 3.25, 0], "texture": "#0" },"up": { "uv": [7, 9.25, 6.75, 6], "texture": "#0" },"down": { "uv": [0.25, 7, 0, 10.25], "texture": "#0" }}},{"from": [13.6194, 5.08658, 3],"to": [14.6194, 5.08658, 14],"rotation": { "angle": 22.5, "axis": "z", "origin": [8, 7, 8] },"faces": {"north": { "uv": [0, 0, 0.25, 0], "texture": "#0" },"east": { "uv": [0, 0, 2.75, 0], "texture": "#0" },"south": { "uv": [0, 0, 0.25, 0], "texture": "#0" },"west": { "uv": [0, 0, 2.75, 0], "texture": "#0" },"up": { "uv": [1, 9.75, 0.75, 7], "texture": "#0" },"down": { "uv": [1.25, 7, 1, 9.75], "texture": "#0" }}},{"from": [3.30448, 5.46927, 2],"to": [4.30448, 5.46927, 15],"rotation": { "angle": -22.5, "axis": "z", "origin": [8, 7, 8] },"faces": {"north": { "uv": [0, 0, 0.25, 0], "texture": "#0" },"east": { "uv": [0, 0, 3.25, 0], "texture": "#0" },"south": { "uv": [0, 0, 0.25, 0], "texture": "#0" },"west": { "uv": [0, 0, 3.25, 0], "texture": "#0" },"up": { "uv": [0.5, 10.25, 0.25, 7], "texture": "#0" },"down": { "uv": [0.75, 7, 0.5, 10.25], "texture": "#0" }}},{"from": [2.30448, 5.46927, 3],"to": [3.30448, 5.46927, 14],"rotation": { "angle": -22.5, "axis": "z", "origin": [8, 7, 8] },"faces": {"north": { "uv": [0, 0, 0.25, 0], "texture": "#0" },"east": { "uv": [0, 0, 2.75, 0], "texture": "#0" },"south": { "uv": [0, 0, 0.25, 0], "texture": "#0" },"west": { "uv": [0, 0, 2.75, 0], "texture": "#0" },"up": { "uv": [1.5, 9.75, 1.25, 7], "texture": "#0" },"down": { "uv": [1.75, 7, 1.5, 9.75], "texture": "#0" }}},{"from": [4, 7, 1],"to": [13, 7, 4],"rotation": { "angle": 0, "axis": "y", "origin": [8, 7, 8] },"faces": {"north": { "uv": [0, 0, 2.25, 0], "texture": "#0" },"east": { "uv": [0, 0, 0.75, 0], "texture": "#0" },"south": { "uv": [0, 0, 2.25, 0], "texture": "#0" },"west": { "uv": [0, 0, 0.75, 0], "texture": "#0" },"up": { "uv": [6.75, 6, 4.5, 5.25], "texture": "#0" },"down": { "uv": [6.75, 6, 4.5, 6.75], "texture": "#0" }}},{"from": [4, 7, 13],"to": [13, 7, 16],"rotation": { "angle": 0, "axis": "y", "origin": [8, 7, 8] },"faces": {"north": { "uv": [0, 0, 2.25, 0], "texture": "#0" },"east": { "uv": [0, 0, 0.75, 0], "texture": "#0" },"south": { "uv": [0, 0, 2.25, 0], "texture": "#0" },"west": { "uv": [0, 0, 0.75, 0], "texture": "#0" },"up": { "uv": [2.25, 7, 0, 6.25], "texture": "#0" },"down": { "uv": [9, 0, 6.75, 0.75], "texture": "#0" }}},{"from": [13.2, 7.1, 3.8],"to": [13.2, 10, 13.2],"faces": {"north": { "uv": [0, 0, 0, 0.75], "texture": "#0" },"east": { "uv": [6.75, 0.75, 9, 1.5], "texture": "#0" },"south": { "uv": [0, 0, 0, 0.75], "texture": "#0" },"west": { "uv": [6.75, 1.5, 9, 2.25], "texture": "#0" },"up": { "uv": [0, 2.25, 0, 0], "texture": "#0" },"down": { "uv": [0, 0, 0, 2.25], "texture": "#0" }}},{"from": [3.8, 7.1, 3.8],"to": [3.8, 10, 13.2],"faces": {"north": { "uv": [0, 0, 0, 0.75], "texture": "#0" },"east": { "uv": [6.75, 2.25, 9, 3], "texture": "#0" },"south": { "uv": [0, 0, 0, 0.75], "texture": "#0" },"west": { "uv": [6.75, 3, 9, 3.75], "texture": "#0" },"up": { "uv": [0, 2.25, 0, 0], "texture": "#0" },"down": { "uv": [0, 0, 0, 2.25], "texture": "#0" }}},{"from": [3.8, 7.1, 13.2],"to": [13.2, 10, 13.2],"faces": {"north": { "uv": [6.75, 3.75, 9, 4.5], "texture": "#0" },"east": { "uv": [0, 0, 0, 0.75], "texture": "#0" },"south": { "uv": [4.5, 6.75, 6.75, 7.5], "texture": "#0" },"west": { "uv": [0, 0, 0, 0.75], "texture": "#0" },"up": { "uv": [2.25, 0, 0, 0], "texture": "#0" },"down": { "uv": [2.25, 0, 0, 0], "texture": "#0" }}},{"from": [3.8, 7.1, 3.8],"to": [13.2, 10, 3.8],"faces": {"north": { "uv": [6.75, 4.5, 9, 5.25], "texture": "#0" },"east": { "uv": [0, 0, 0, 0.75], "texture": "#0" },"south": { "uv": [6.75, 5.25, 9, 6], "texture": "#0" },"west": { "uv": [0, 0, 0, 0.75], "texture": "#0" },"up": { "uv": [2.25, 0, 0, 0], "texture": "#0" },"down": { "uv": [2.25, 0, 0, 0], "texture": "#0" }}}],"display": {"thirdperson_righthand": {"translation": [-0.25, 0, -1],"scale": [0.57, 0.57, 0.57]},"thirdperson_lefthand": {"translation": [-0.25, 0, -1],"scale": [0.57, 0.57, 0.57]},"firstperson_righthand": {"translation": [1.5, 0, 0]},"firstperson_lefthand": {"translation": [1.5, 0, 0]},"ground": {"translation": [0, -1.25, 0],"scale": [0.72, 0.72, 0.72]},"gui": {"rotation": [13, 0, 0],"translation": [-0.5, -1.5, 0],"scale": [0.96, 1.2, 1]},"head": {"rotation": [-6, 0.5, 0],"translation": [-0.75, 3.5, -0.75],"scale": [1.66, 1.32, 1.72]},"fixed": {"rotation": [-89, 0, 0],"translation": [0, 0, -2]}},"groups": [{"name": "top","origin": [0, 0, 0],"color": 0,"children": [0, 1, 2, 3, 4, 5, 6, 7, 8, 9, 10, 11, 12, 13, 14]}]}