{"credit": "Made with Blockbench","texture_size": [32, 32],"textures": {"0": "minecraft:item/tristenlosey/legendary_goat_hood","particle": "minecraft:item/tristenlosey/legendary_goat_hood"},"elements": [{"from": [4, 13, 4],"to": [4, 18, 13],"faces": {"north": { "uv": [0, 0, 0, 2.5], "texture": "#0" },"east": { "uv": [4.5, 8, 9, 10.5], "texture": "#0" },"south": { "uv": [0, 0, 0, 2.5], "texture": "#0" },"west": { "uv": [0, 9, 4.5, 11.5], "texture": "#0" },"up": { "uv": [0, 4.5, 0, 0], "texture": "#0" },"down": { "uv": [0, 0, 0, 4.5], "texture": "#0" }}},{"from": [4, 15, 4],"to": [13, 18, 4],"faces": {"north": { "uv": [9, 10, 13.5, 11.5], "texture": "#0" },"east": { "uv": [0, 0, 0, 1.5], "texture": "#0" },"south": { "uv": [4.5, 10.5, 9, 12], "texture": "#0" },"west": { "uv": [0, 0, 0, 1.5], "texture": "#0" },"up": { "uv": [4.5, 0, 0, 0], "texture": "#0" },"down": { "uv": [4.5, 0, 0, 0], "texture": "#0" }}},{"from": [10, 14, 4],"to": [13, 15, 4],"faces": {"north": { "uv": [11, 14, 12.5, 14.5], "texture": "#0" },"east": { "uv": [0, 0, 0, 0.5], "texture": "#0" },"south": { "uv": [12.5, 14, 14, 14.5], "texture": "#0" },"west": { "uv": [0, 0, 0, 0.5], "texture": "#0" },"up": { "uv": [1.5, 0, 0, 0], "texture": "#0" },"down": { "uv": [1.5, 0, 0, 0], "texture": "#0" }}},{"from": [4, 14, 4],"to": [7, 15, 4],"faces": {"north": { "uv": [14, 13, 15.5, 13.5], "texture": "#0" },"east": { "uv": [0, 0, 0, 0.5], "texture": "#0" },"south": { "uv": [14, 13.5, 15.5, 14], "texture": "#0" },"west": { "uv": [0, 0, 0, 0.5], "texture": "#0" },"up": { "uv": [1.5, 0, 0, 0], "texture": "#0" },"down": { "uv": [1.5, 0, 0, 0], "texture": "#0" }}},{"from": [13, 13, 4],"to": [13, 18, 13],"faces": {"north": { "uv": [0, 0, 0, 2.5], "texture": "#0" },"east": { "uv": [9, 0, 13.5, 2.5], "texture": "#0" },"south": { "uv": [0, 0, 0, 2.5], "texture": "#0" },"west": { "uv": [9, 2.5, 13.5, 5], "texture": "#0" },"up": { "uv": [0, 4.5, 0, 0], "texture": "#0" },"down": { "uv": [0, 0, 0, 4.5], "texture": "#0" }}},{"from": [4, 18, 4],"to": [13, 18, 13],"faces": {"north": { "uv": [0, 0, 4.5, 0], "texture": "#0" },"east": { "uv": [0, 0, 4.5, 0], "texture": "#0" },"south": { "uv": [0, 0, 4.5, 0], "texture": "#0" },"west": { "uv": [0, 0, 4.5, 0], "texture": "#0" },"up": { "uv": [4.5, 4.5, 0, 0], "texture": "#0" },"down": { "uv": [4.5, 4.5, 0, 9], "texture": "#0" }}},{"from": [4, 10, 4],"to": [4, 13, 13],"faces": {"north": { "uv": [0, 0, 0, 1.5], "texture": "#0" },"east": { "uv": [0, 11.5, 4.5, 13], "texture": "#0" },"south": { "uv": [0, 0, 0, 1.5], "texture": "#0" },"west": { "uv": [9, 11.5, 13.5, 13], "texture": "#0" },"up": { "uv": [0, 4.5, 0, 0], "texture": "#0" },"down": { "uv": [0, 0, 0, 4.5], "texture": "#0" }}},{"from": [13, 10, 4],"to": [13, 13, 13],"faces": {"north": { "uv": [0, 0, 0, 1.5], "texture": "#0" },"east": { "uv": [4.5, 12, 9, 13.5], "texture": "#0" },"south": { "uv": [0, 0, 0, 1.5], "texture": "#0" },"west": { "uv": [0, 13, 4.5, 14.5], "texture": "#0" },"up": { "uv": [0, 4.5, 0, 0], "texture": "#0" },"down": { "uv": [0, 0, 0, 4.5], "texture": "#0" }}},{"from": [4, 9, 4],"to": [5, 14, 4],"faces": {"north": { "uv": [9, 13, 9.5, 15.5], "texture": "#0" },"east": { "uv": [0, 0, 0, 2.5], "texture": "#0" },"south": { "uv": [9.5, 13, 10, 15.5], "texture": "#0" },"west": { "uv": [0, 0, 0, 2.5], "texture": "#0" },"up": { "uv": [0.5, 0, 0, 0], "texture": "#0" },"down": { "uv": [0.5, 0, 0, 0], "texture": "#0" }}},{"from": [12, 9, 4],"to": [13, 14, 4],"faces": {"north": { "uv": [10, 13, 10.5, 15.5], "texture": "#0" },"east": { "uv": [0, 0, 0, 2.5], "texture": "#0" },"south": { "uv": [10.5, 13, 11, 15.5], "texture": "#0" },"west": { "uv": [0, 0, 0, 2.5], "texture": "#0" },"up": { "uv": [0.5, 0, 0, 0], "texture": "#0" },"down": { "uv": [0.5, 0, 0, 0], "texture": "#0" }}},{"from": [4, 10, 8],"to": [13, 10, 13],"faces": {"north": { "uv": [0, 0, 4.5, 0], "texture": "#0" },"east": { "uv": [0, 0, 2.5, 0], "texture": "#0" },"south": { "uv": [0, 0, 4.5, 0], "texture": "#0" },"west": { "uv": [0, 0, 2.5, 0], "texture": "#0" },"up": { "uv": [13.5, 7.5, 9, 5], "texture": "#0" },"down": { "uv": [13.5, 7.5, 9, 10], "texture": "#0" }}},{"from": [12, 10, 4],"to": [13, 10, 6],"faces": {"north": { "uv": [0, 0, 0.5, 0], "texture": "#0" },"east": { "uv": [0, 0, 1, 0], "texture": "#0" },"south": { "uv": [0, 0, 0.5, 0], "texture": "#0" },"west": { "uv": [0, 0, 1, 0], "texture": "#0" },"up": { "uv": [9, 14.5, 8.5, 13.5], "texture": "#0" },"down": { "uv": [14.5, 14, 14, 15], "texture": "#0" }}},{"from": [13, 18, 7],"to": [13, 20, 9],"faces": {"north": { "uv": [0, 0, 0, 1], "texture": "#0" },"east": { "uv": [11, 13, 12, 14], "texture": "#0" },"south": { "uv": [0, 0, 0, 1], "texture": "#0" },"west": { "uv": [12, 13, 13, 14], "texture": "#0" },"up": { "uv": [0, 1, 0, 0], "texture": "#0" },"down": { "uv": [0, 0, 0, 1], "texture": "#0" }}},{"from": [11, 18, 7],"to": [13, 20, 7],"faces": {"north": { "uv": [13, 13, 14, 14], "texture": "#0" },"east": { "uv": [0, 0, 0, 1], "texture": "#0" },"south": { "uv": [13.5, 0, 14.5, 1], "texture": "#0" },"west": { "uv": [0, 0, 0, 1], "texture": "#0" },"up": { "uv": [1, 0, 0, 0], "texture": "#0" },"down": { "uv": [1, 0, 0, 0], "texture": "#0" }}},{"from": [11, 20, 7],"to": [13, 20, 9],"faces": {"north": { "uv": [0, 0, 1, 0], "texture": "#0" },"east": { "uv": [0, 0, 1, 0], "texture": "#0" },"south": { "uv": [0, 0, 1, 0], "texture": "#0" },"west": { "uv": [0, 0, 1, 0], "texture": "#0" },"up": { "uv": [14.5, 2, 13.5, 1], "texture": "#0" },"down": { "uv": [14.5, 2, 13.5, 3], "texture": "#0" }}},{"from": [11, 18, 7],"to": [11, 20, 9],"faces": {"north": { "uv": [0, 0, 0, 1], "texture": "#0" },"east": { "uv": [13.5, 3, 14.5, 4], "texture": "#0" },"south": { "uv": [0, 0, 0, 1], "texture": "#0" },"west": { "uv": [13.5, 4, 14.5, 5], "texture": "#0" },"up": { "uv": [0, 1, 0, 0], "texture": "#0" },"down": { "uv": [0, 0, 0, 1], "texture": "#0" }}},{"from": [11, 18, 9],"to": [13, 20, 9],"faces": {"north": { "uv": [4.5, 13.5, 5.5, 14.5], "texture": "#0" },"east": { "uv": [0, 0, 0, 1], "texture": "#0" },"south": { "uv": [13.5, 5, 14.5, 6], "texture": "#0" },"west": { "uv": [0, 0, 0, 1], "texture": "#0" },"up": { "uv": [1, 0, 0, 0], "texture": "#0" },"down": { "uv": [1, 0, 0, 0], "texture": "#0" }}},{"from": [4, 20, 7],"to": [6, 20, 9],"faces": {"north": { "uv": [0, 0, 1, 0], "texture": "#0" },"east": { "uv": [0, 0, 1, 0], "texture": "#0" },"south": { "uv": [0, 0, 1, 0], "texture": "#0" },"west": { "uv": [0, 0, 1, 0], "texture": "#0" },"up": { "uv": [6.5, 14.5, 5.5, 13.5], "texture": "#0" },"down": { "uv": [14.5, 6, 13.5, 7], "texture": "#0" }}},{"from": [4, 18, 7],"to": [4, 20, 9],"faces": {"north": { "uv": [0, 0, 0, 1], "texture": "#0" },"east": { "uv": [6.5, 13.5, 7.5, 14.5], "texture": "#0" },"south": { "uv": [0, 0, 0, 1], "texture": "#0" },"west": { "uv": [13.5, 7, 14.5, 8], "texture": "#0" },"up": { "uv": [0, 1, 0, 0], "texture": "#0" },"down": { "uv": [0, 0, 0, 1], "texture": "#0" }}},{"from": [6, 18, 7],"to": [6, 20, 9],"faces": {"north": { "uv": [0, 0, 0, 1], "texture": "#0" },"east": { "uv": [7.5, 13.5, 8.5, 14.5], "texture": "#0" },"south": { "uv": [0, 0, 0, 1], "texture": "#0" },"west": { "uv": [13.5, 8, 14.5, 9], "texture": "#0" },"up": { "uv": [0, 1, 0, 0], "texture": "#0" },"down": { "uv": [0, 0, 0, 1], "texture": "#0" }}},{"from": [4, 18, 9],"to": [6, 20, 9],"faces": {"north": { "uv": [13.5, 9, 14.5, 10], "texture": "#0" },"east": { "uv": [0, 0, 0, 1], "texture": "#0" },"south": { "uv": [13.5, 10, 14.5, 11], "texture": "#0" },"west": { "uv": [0, 0, 0, 1], "texture": "#0" },"up": { "uv": [1, 0, 0, 0], "texture": "#0" },"down": { "uv": [1, 0, 0, 0], "texture": "#0" }}},{"from": [4, 18, 7],"to": [6, 20, 7],"faces": {"north": { "uv": [13.5, 11, 14.5, 12], "texture": "#0" },"east": { "uv": [0, 0, 0, 1], "texture": "#0" },"south": { "uv": [13.5, 12, 14.5, 13], "texture": "#0" },"west": { "uv": [0, 0, 0, 1], "texture": "#0" },"up": { "uv": [1, 0, 0, 0], "texture": "#0" },"down": { "uv": [1, 0, 0, 0], "texture": "#0" }}},{"from": [4, 10, 13],"to": [13, 18, 13],"faces": {"north": { "uv": [4.5, 0, 9, 4], "texture": "#0" },"east": { "uv": [0, 0, 0, 4], "texture": "#0" },"south": { "uv": [4.5, 4, 9, 8], "texture": "#0" },"west": { "uv": [0, 0, 0, 4], "texture": "#0" },"up": { "uv": [4.5, 0, 0, 0], "texture": "#0" },"down": { "uv": [4.5, 0, 0, 0], "texture": "#0" }}},{"from": [4, 10, 4],"to": [5, 10, 6],"faces": {"north": { "uv": [0, 0, 0.5, 0], "texture": "#0" },"east": { "uv": [0, 0, 1, 0], "texture": "#0" },"south": { "uv": [0, 0, 0.5, 0], "texture": "#0" },"west": { "uv": [0, 0, 1, 0], "texture": "#0" },"up": { "uv": [0.5, 15.5, 0, 14.5], "texture": "#0" },"down": { "uv": [15, 0, 14.5, 1], "texture": "#0" }}},{"from": [5, 9, 13],"to": [6, 10, 13],"faces": {"north": { "uv": [0.5, 14.5, 1, 15], "texture": "#0" },"east": { "uv": [0, 0, 0, 0.5], "texture": "#0" },"south": { "uv": [1, 14.5, 1.5, 15], "texture": "#0" },"west": { "uv": [0, 0, 0, 0.5], "texture": "#0" },"up": { "uv": [0.5, 0, 0, 0], "texture": "#0" },"down": { "uv": [0.5, 0, 0, 0], "texture": "#0" }}},{"from": [12, 9, 13],"to": [13, 10, 13],"faces": {"north": { "uv": [14.5, 1, 15, 1.5], "texture": "#0" },"east": { "uv": [0, 0, 0, 0.5], "texture": "#0" },"south": { "uv": [1.5, 14.5, 2, 15], "texture": "#0" },"west": { "uv": [0, 0, 0, 0.5], "texture": "#0" },"up": { "uv": [0.5, 0, 0, 0], "texture": "#0" },"down": { "uv": [0.5, 0, 0, 0], "texture": "#0" }}},{"from": [11, 9, 13],"to": [12, 10, 13],"faces": {"north": { "uv": [14.5, 1.5, 15.5, 2.5], "texture": "#0" },"east": { "uv": [0, 0, 0, 0.5], "texture": "#0" },"south": { "uv": [2, 14.5, 2.5, 15], "texture": "#0" },"west": { "uv": [0, 0, 0, 0.5], "texture": "#0" },"up": { "uv": [0.5, 0, 0, 0], "texture": "#0" },"down": { "uv": [0.5, 0, 0, 0], "texture": "#0" }}},{"from": [8, 9, 13],"to": [9, 10, 13],"faces": {"north": { "uv": [14.5, 2, 15, 2.5], "texture": "#0" },"east": { "uv": [0, 0, 0, 0.5], "texture": "#0" },"south": { "uv": [2.5, 14.5, 3, 15], "texture": "#0" },"west": { "uv": [0, 0, 0, 0.5], "texture": "#0" },"up": { "uv": [0.5, 0, 0, 0], "texture": "#0" },"down": { "uv": [0.5, 0, 0, 0], "texture": "#0" }}},{"from": [11, 14, 3.8],"to": [12, 15, 3.8],"faces": {"north": { "uv": [14.5, 2.5, 15, 3], "texture": "#0" },"east": { "uv": [0, 0, 0, 0.5], "texture": "#0" },"south": { "uv": [3, 14.5, 3.5, 15], "texture": "#0" },"west": { "uv": [0, 0, 0, 0.5], "texture": "#0" },"up": { "uv": [0.5, 0, 0, 0], "texture": "#0" },"down": { "uv": [0.5, 0, 0, 0], "texture": "#0" }}},{"from": [10, 14, 3.8],"to": [11, 15, 3.8],"faces": {"north": { "uv": [14.5, 3, 15, 3.5], "texture": "#0" },"east": { "uv": [0, 0, 0, 0.5], "texture": "#0" },"south": { "uv": [3.5, 14.5, 4, 15], "texture": "#0" },"west": { "uv": [0, 0, 0, 0.5], "texture": "#0" },"up": { "uv": [0.5, 0, 0, 0], "texture": "#0" },"down": { "uv": [0.5, 0, 0, 0], "texture": "#0" }}},{"from": [9, 15, 3.8],"to": [10, 16, 3.8],"faces": {"north": { "uv": [14.5, 3.5, 15, 4], "texture": "#0" },"east": { "uv": [0, 0, 0, 0.5], "texture": "#0" },"south": { "uv": [4, 14.5, 4.5, 15], "texture": "#0" },"west": { "uv": [0, 0, 0, 0.5], "texture": "#0" },"up": { "uv": [0.5, 0, 0, 0], "texture": "#0" },"down": { "uv": [0.5, 0, 0, 0], "texture": "#0" }}},{"from": [8, 15, 3.8],"to": [9, 16, 3.8],"faces": {"north": { "uv": [14.5, 4, 15, 4.5], "texture": "#0" },"east": { "uv": [0, 0, 0, 0.5], "texture": "#0" },"south": { "uv": [4.5, 14.5, 5, 15], "texture": "#0" },"west": { "uv": [0, 0, 0, 0.5], "texture": "#0" },"up": { "uv": [0.5, 0, 0, 0], "texture": "#0" },"down": { "uv": [0.5, 0, 0, 0], "texture": "#0" }}},{"from": [7, 15, 3.8],"to": [8, 16, 3.8],"faces": {"north": { "uv": [14.5, 4.5, 15, 5], "texture": "#0" },"east": { "uv": [0, 0, 0, 0.5], "texture": "#0" },"south": { "uv": [5, 14.5, 5.5, 15], "texture": "#0" },"west": { "uv": [0, 0, 0, 0.5], "texture": "#0" },"up": { "uv": [0.5, 0, 0, 0], "texture": "#0" },"down": { "uv": [0.5, 0, 0, 0], "texture": "#0" }}},{"from": [6, 14, 3.8],"to": [7, 15, 3.8],"faces": {"north": { "uv": [14.5, 5, 15, 5.5], "texture": "#0" },"east": { "uv": [0, 0, 0, 0.5], "texture": "#0" },"south": { "uv": [5.5, 14.5, 6, 15], "texture": "#0" },"west": { "uv": [0, 0, 0, 0.5], "texture": "#0" },"up": { "uv": [0.5, 0, 0, 0], "texture": "#0" },"down": { "uv": [0.5, 0, 0, 0], "texture": "#0" }}},{"from": [5, 14, 3.8],"to": [6, 15, 3.8],"faces": {"north": { "uv": [14.5, 5.5, 15, 6], "texture": "#0" },"east": { "uv": [0, 0, 0, 0.5], "texture": "#0" },"south": { "uv": [6, 14.5, 6.5, 15], "texture": "#0" },"west": { "uv": [0, 0, 0, 0.5], "texture": "#0" },"up": { "uv": [0.5, 0, 0, 0], "texture": "#0" },"down": { "uv": [0.5, 0, 0, 0], "texture": "#0" }}},{"from": [4, 13, 3.8],"to": [5, 14, 3.8],"faces": {"north": { "uv": [14.5, 6, 15, 6.5], "texture": "#0" },"east": { "uv": [0, 0, 0, 0.5], "texture": "#0" },"south": { "uv": [6.5, 14.5, 7, 15], "texture": "#0" },"west": { "uv": [0, 0, 0, 0.5], "texture": "#0" },"up": { "uv": [0.5, 0, 0, 0], "texture": "#0" },"down": { "uv": [0.5, 0, 0, 0], "texture": "#0" }}},{"from": [12, 13, 3.8],"to": [13, 14, 3.8],"faces": {"north": { "uv": [14.5, 6.5, 15, 7], "texture": "#0" },"east": { "uv": [0, 0, 0, 0.5], "texture": "#0" },"south": { "uv": [7, 14.5, 7.5, 15], "texture": "#0" },"west": { "uv": [0, 0, 0, 0.5], "texture": "#0" },"up": { "uv": [0.5, 0, 0, 0], "texture": "#0" },"down": { "uv": [0.5, 0, 0, 0], "texture": "#0" }}}],"display": {"thirdperson_righthand": {"translation": [-0.25, -3.25, -1],"scale": [0.57, 0.57, 0.57]},"thirdperson_lefthand": {"translation": [-0.25, -3.25, -1],"scale": [0.57, 0.57, 0.57]},"firstperson_righthand": {"translation": [1.5, -5.75, 0]},"firstperson_lefthand": {"translation": [1.5, -5.75, 0]},"ground": {"translation": [0, -4.25, 0],"scale": [0.72, 0.72, 0.72]},"gui": {"rotation": [-1, -180, 0],"translation": [0.75, -7.25, 0.75],"scale": [1.24, 1.17, 1.33]},"head": {"translation": [-1, -10, -1],"scale": [1.67, 1.73, 1.7]},"fixed": {"rotation": [-89, 0, 0],"translation": [0, 0, 1.25]}},"groups": [{"name": "hat","origin": [0, 0, 0],"children": [0, 1, 2, 3, 4, 5, 6, 7, 8, 9, 10, 11, 12, 13, 14, 15, 16, 17,18, 19, 20, 21, 22, 23, 24, 25, 26, 27, 28, 29, 30, 31, 32, 33,34, 35, 36]}]}