{"credit": "Made with Blockbench","texture_size": [32, 32],"textures": {"0": "minecraft:item/tristenlosey/ocelot_hide_hood","particle": "minecraft:item/tristenlosey/ocelot_hide_hood"},"elements": [{"from": [6, 3, 13],"to": [11, 9.75, 13],"faces": {"north": { "uv": [2.5, 3.5, 5, 7], "texture": "#0" },"east": { "uv": [2.5, 3.5, 5, 7], "texture": "#0" },"south": { "uv": [2.5, 3.5, 5, 7], "texture": "#0" },"west": { "uv": [2.5, 3.5, 5, 7], "texture": "#0" },"up": { "uv": [2.5, 3.5, 5, 7], "texture": "#0" },"down": { "uv": [2.5, 3.5, 5, 7], "texture": "#0" }}},{"from": [6, 3, 7.25],"to": [11, 9.75, 7.25],"faces": {"north": { "uv": [0, 3.5, 2.5, 7], "texture": "#0" },"east": { "uv": [0, 3.5, 2.5, 7], "texture": "#0" },"south": { "uv": [0, 3.5, 2.5, 7], "texture": "#0" },"west": { "uv": [0, 3.5, 2.5, 7], "texture": "#0" },"up": { "uv": [0, 3.5, 2.5, 7], "texture": "#0" },"down": { "uv": [0, 3.5, 2.5, 7], "texture": "#0" }}},{"from": [11, 3, 7.25],"to": [11, 9.75, 13],"faces": {"north": { "uv": [0, 3.5, 2.5, 7], "texture": "#0" },"east": { "uv": [0, 0, 3, 3.5], "texture": "#0" },"south": { "uv": [2.5, 3.5, 5, 7], "texture": "#0" },"west": { "uv": [3, 0, 6, 3.5], "texture": "#0" },"up": { "uv": [7.5, 6.5, 5, 3.5], "texture": "#0" },"down": { "uv": [8.5, 0, 6, 3], "texture": "#0" }}},{"from": [6, 9.75, 7.25],"to": [11, 9.75, 13],"faces": {"north": { "uv": [7.5, 6.5, 5, 3.5], "texture": "#0" },"east": { "uv": [7.5, 6.5, 5, 3.5], "texture": "#0" },"south": { "uv": [7.5, 6.5, 5, 3.5], "texture": "#0" },"west": { "uv": [7.5, 6.5, 5, 3.5], "texture": "#0" },"up": { "uv": [7.5, 6.5, 5, 3.5], "texture": "#0" },"down": { "uv": [7.5, 3.5, 5, 6.5], "texture": "#0" }}},{"from": [6, 3, 7.25],"to": [11, 3, 13],"rotation": { "angle": 0, "axis": "y", "origin": [0, 0.05, 0] },"faces": {"north": { "uv": [2.5, 10, 0, 13], "texture": "#0" },"east": { "uv": [2.5, 10, 0, 13], "texture": "#0" },"south": { "uv": [2.5, 10, 0, 13], "texture": "#0" },"west": { "uv": [2.5, 10, 0, 13], "texture": "#0" },"up": { "uv": [2.5, 13, 0, 10], "texture": "#0" },"down": { "uv": [2.5, 10, 0, 13], "texture": "#0" }}},{"from": [6, 3, 7.25],"to": [6, 9.75, 13],"faces": {"north": { "uv": [0, 3.5, 2.5, 7], "texture": "#0" },"east": { "uv": [0, 0, 3, 3.5], "texture": "#0" },"south": { "uv": [2.5, 3.5, 5, 7], "texture": "#0" },"west": { "uv": [3, 0, 6, 3.5], "texture": "#0" },"up": { "uv": [7.5, 6.5, 5, 3.5], "texture": "#0" },"down": { "uv": [8.5, 0, 6, 3], "texture": "#0" }}},{"from": [6.5, 9.5, 10.25],"to": [7.75, 10.75, 12.5],"faces": {"north": { "uv": [2, 8.5, 2.5, 9], "texture": "#0" },"east": { "uv": [8, 7.5, 9, 8], "texture": "#0" },"south": { "uv": [2.5, 8.5, 3, 9], "texture": "#0" },"west": { "uv": [8, 8, 9, 8.5], "texture": "#0" },"up": { "uv": [0.5, 9.5, 0, 8.5], "texture": "#0" },"down": { "uv": [9, 0, 8.5, 1], "texture": "#0" }}},{"from": [9.25, 9.5, 10.25],"to": [10.5, 10.75, 12.5],"faces": {"north": { "uv": [8.5, 2.5, 9, 3], "texture": "#0" },"east": { "uv": [0.5, 8.5, 1.5, 9], "texture": "#0" },"south": { "uv": [3, 8.5, 3.5, 9], "texture": "#0" },"west": { "uv": [8.5, 1, 9.5, 1.5], "texture": "#0" },"up": { "uv": [2, 9.5, 1.5, 8.5], "texture": "#0" },"down": { "uv": [9, 1.5, 8.5, 2.5], "texture": "#0" }}},{"from": [10, 3.01, 7.13],"to": [11, 3.86, 7.13],"rotation": { "angle": 0, "axis": "y", "origin": [0, 0.15, 0] },"faces": {"north": { "uv": [1.5, 9.5, 2, 10], "texture": "#0" },"east": { "uv": [1.5, 9.5, 2, 10], "texture": "#0" },"south": { "uv": [1.5, 9.5, 2, 10], "texture": "#0" },"west": { "uv": [1.5, 9.5, 2, 10], "texture": "#0" },"up": { "uv": [1.5, 9.5, 2, 10], "texture": "#0" },"down": { "uv": [1.5, 9.5, 2, 10], "texture": "#0" }}},{"from": [9, 3.01, 7.13],"to": [10, 3.86, 7.13],"rotation": { "angle": 0, "axis": "y", "origin": [0, -0.1, 0] },"faces": {"north": { "uv": [2, 9.5, 2.5, 10], "texture": "#0" },"east": { "uv": [2, 9.5, 2.5, 10], "texture": "#0" },"south": { "uv": [2, 9.5, 2.5, 10], "texture": "#0" },"west": { "uv": [2, 9.5, 2.5, 10], "texture": "#0" },"up": { "uv": [2, 9.5, 2.5, 10], "texture": "#0" },"down": { "uv": [2, 9.5, 2.5, 10], "texture": "#0" }}},{"from": [6, 3.01, 7.13],"to": [7, 3.86, 7.13],"rotation": { "angle": 0, "axis": "y", "origin": [0.25, 0.15, 0] },"faces": {"north": { "uv": [7, 9.5, 7.5, 10], "texture": "#0" },"east": { "uv": [7, 9.5, 7.5, 10], "texture": "#0" },"south": { "uv": [7, 9.5, 7.5, 10], "texture": "#0" },"west": { "uv": [7, 9.5, 7.5, 10], "texture": "#0" },"up": { "uv": [7, 9.5, 7.5, 10], "texture": "#0" },"down": { "uv": [7, 9.5, 7.5, 10], "texture": "#0" }}},{"from": [9, 2.16, 7.13],"to": [10, 3.01, 7.13],"rotation": { "angle": 0, "axis": "y", "origin": [0, 0.05, 0] },"faces": {"north": { "uv": [3.5, 9.5, 4, 10], "texture": "#0" },"east": { "uv": [3.5, 9.5, 4, 10], "texture": "#0" },"south": { "uv": [3.5, 9.5, 4, 10], "texture": "#0" },"west": { "uv": [3.5, 9.5, 4, 10], "texture": "#0" },"up": { "uv": [3.5, 9.5, 4, 10], "texture": "#0" },"down": { "uv": [3.5, 9.5, 4, 10], "texture": "#0" }}},{"from": [8, 2.16, 7.13],"to": [9, 3.01, 7.13],"rotation": { "angle": 0, "axis": "y", "origin": [0, 0.05, 0] },"faces": {"north": { "uv": [5, 9.5, 5.5, 10], "texture": "#0" },"east": { "uv": [5, 9.5, 5.5, 10], "texture": "#0" },"south": { "uv": [5, 9.5, 5.5, 10], "texture": "#0" },"west": { "uv": [5, 9.5, 5.5, 10], "texture": "#0" },"up": { "uv": [5, 9.5, 5.5, 10], "texture": "#0" },"down": { "uv": [5, 9.5, 5.5, 10], "texture": "#0" }}},{"from": [8, 1.31, 7.13],"to": [9, 2.16, 7.13],"rotation": { "angle": 0, "axis": "y", "origin": [0, 0.1, 0] },"faces": {"north": { "uv": [7.5, 9.5, 8, 10], "texture": "#0" },"east": { "uv": [7.5, 9.5, 8, 10], "texture": "#0" },"south": { "uv": [7.5, 9.5, 8, 10], "texture": "#0" },"west": { "uv": [7.5, 9.5, 8, 10], "texture": "#0" },"up": { "uv": [7.5, 9.5, 8, 10], "texture": "#0" },"down": { "uv": [7.5, 9.5, 8, 10], "texture": "#0" }}},{"from": [7, 2.16, 7.13],"to": [8, 3.01, 7.13],"rotation": { "angle": 0, "axis": "y", "origin": [0, 0.05, 0] },"faces": {"north": { "uv": [6, 9.5, 6.5, 10], "texture": "#0" },"east": { "uv": [6, 9.5, 6.5, 10], "texture": "#0" },"south": { "uv": [6, 9.5, 6.5, 10], "texture": "#0" },"west": { "uv": [6, 9.5, 6.5, 10], "texture": "#0" },"up": { "uv": [6, 9.5, 6.5, 10], "texture": "#0" },"down": { "uv": [6, 9.5, 6.5, 10], "texture": "#0" }}},{"from": [10, 2.15, 11.999],"to": [11, 3, 11.999],"rotation": { "angle": 0, "axis": "y", "origin": [0, 0.29, 0.869] },"faces": {"north": { "uv": [3.5, 8.5, 4, 9], "texture": "#0" },"east": { "uv": [3.5, 8.5, 4, 9], "texture": "#0" },"south": { "uv": [3.5, 8.5, 4, 9], "texture": "#0" },"west": { "uv": [3.5, 8.5, 4, 9], "texture": "#0" },"up": { "uv": [3.5, 8.5, 4, 9], "texture": "#0" },"down": { "uv": [3.5, 8.5, 4, 9], "texture": "#0" }}},{"from": [9, 1.3, 11.999],"to": [10, 2.15, 11.999],"rotation": { "angle": 0, "axis": "y", "origin": [0, 0.19, 0.869] },"faces": {"north": { "uv": [4.5, 8.5, 5, 9], "texture": "#0" },"east": { "uv": [4.5, 8.5, 5, 9], "texture": "#0" },"south": { "uv": [4.5, 8.5, 5, 9], "texture": "#0" },"west": { "uv": [4.5, 8.5, 5, 9], "texture": "#0" },"up": { "uv": [4.5, 8.5, 5, 9], "texture": "#0" },"down": { "uv": [4.5, 8.5, 5, 9], "texture": "#0" }}},{"from": [8, 2.15, 11.999],"to": [9, 3, 11.999],"rotation": { "angle": 0, "axis": "y", "origin": [0, 0.04, 0.869] },"faces": {"north": { "uv": [8, 8.5, 8.5, 9], "texture": "#0" },"east": { "uv": [8, 8.5, 8.5, 9], "texture": "#0" },"south": { "uv": [8, 8.5, 8.5, 9], "texture": "#0" },"west": { "uv": [8, 8.5, 8.5, 9], "texture": "#0" },"up": { "uv": [8, 8.5, 8.5, 9], "texture": "#0" },"down": { "uv": [8, 8.5, 8.5, 9], "texture": "#0" }}},{"from": [7, 2.15, 11.999],"to": [8, 3, 11.999],"rotation": { "angle": 0, "axis": "y", "origin": [0, 0.04, 0.869] },"faces": {"north": { "uv": [8, 8.5, 8.5, 9], "texture": "#0" },"east": { "uv": [8, 8.5, 8.5, 9], "texture": "#0" },"south": { "uv": [8, 8.5, 8.5, 9], "texture": "#0" },"west": { "uv": [8, 8.5, 8.5, 9], "texture": "#0" },"up": { "uv": [8, 8.5, 8.5, 9], "texture": "#0" },"down": { "uv": [8, 8.5, 8.5, 9], "texture": "#0" }}},{"from": [7, 1.3, 11.999],"to": [8, 2.15, 11.999],"rotation": { "angle": 0, "axis": "y", "origin": [0, 0.19, 0.869] },"faces": {"north": { "uv": [8, 8.5, 8.5, 9], "texture": "#0" },"east": { "uv": [8, 8.5, 8.5, 9], "texture": "#0" },"south": { "uv": [8, 8.5, 8.5, 9], "texture": "#0" },"west": { "uv": [8, 8.5, 8.5, 9], "texture": "#0" },"up": { "uv": [8, 8.5, 8.5, 9], "texture": "#0" },"down": { "uv": [8, 8.5, 8.5, 9], "texture": "#0" }}},{"from": [6, 2.15, 11.999],"to": [7, 3, 11.999],"rotation": {"angle": 0,"axis": "y","origin": [0.25, 0.29, 0.869]},"faces": {"north": { "uv": [9, 0.5, 9.5, 1], "texture": "#0" },"east": { "uv": [9, 0.5, 9.5, 1], "texture": "#0" },"south": { "uv": [9, 0.5, 9.5, 1], "texture": "#0" },"west": { "uv": [9, 0.5, 9.5, 1], "texture": "#0" },"up": { "uv": [9, 0.5, 9.5, 1], "texture": "#0" },"down": { "uv": [9, 0.5, 9.5, 1], "texture": "#0" }}},{"from": [9.25, 6.5, 5.25],"to": [9.5, 6.75, 5.25],"rotation": {"angle": 0,"axis": "y","origin": [-0.25, 0.5, -0.75]},"faces": {"north": { "uv": [9, 1.5, 9.5, 2], "texture": "#0" },"east": { "uv": [0, 0, 0, 0.5], "texture": "#0" },"south": { "uv": [2, 9, 2.5, 9.5], "texture": "#0" },"west": { "uv": [0, 0, 0, 0.5], "texture": "#0" },"up": { "uv": [0.5, 0, 0, 0], "texture": "#0" },"down": { "uv": [0.5, 0, 0, 0], "texture": "#0" }}},{"from": [9.5, 6.5, 6.5],"to": [9.5, 6.75, 6.75],"rotation": {"angle": 0,"axis": "y","origin": [-0.25, 0.5, -0.75]},"faces": {"north": { "uv": [0, 0, 0, 0.5], "texture": "#0" },"east": { "uv": [9, 2, 9.5, 2.5], "texture": "#0" },"south": { "uv": [0, 0, 0, 0.5], "texture": "#0" },"west": { "uv": [2.5, 9, 3, 9.5], "texture": "#0" },"up": { "uv": [0, 0.5, 0, 0], "texture": "#0" },"down": { "uv": [0, 0, 0, 0.5], "texture": "#0" }}},{"from": [9.5, 6.5, 5.75],"to": [9.5, 6.75, 6],"rotation": {"angle": 0,"axis": "y","origin": [-0.25, 0.5, -0.75]},"faces": {"north": { "uv": [0, 0, 0, 0.5], "texture": "#0" },"east": { "uv": [9, 2.5, 9.5, 3], "texture": "#0" },"south": { "uv": [0, 0, 0, 0.5], "texture": "#0" },"west": { "uv": [3, 9, 3.5, 9.5], "texture": "#0" },"up": { "uv": [0, 0.5, 0, 0], "texture": "#0" },"down": { "uv": [0, 0, 0, 0.5], "texture": "#0" }}},{"from": [9.5, 6.5, 6],"to": [9.5, 6.75, 6.25],"rotation": {"angle": 0,"axis": "y","origin": [-0.25, 0.5, -0.75]},"faces": {"north": { "uv": [0, 0, 0, 0.5], "texture": "#0" },"east": { "uv": [3.5, 9, 4, 9.5], "texture": "#0" },"south": { "uv": [0, 0, 0, 0.5], "texture": "#0" },"west": { "uv": [4, 9, 4.5, 9.5], "texture": "#0" },"up": { "uv": [0, 0.5, 0, 0], "texture": "#0" },"down": { "uv": [0, 0, 0, 0.5], "texture": "#0" }}},{"from": [7.5, 6.5, 6],"to": [7.5, 6.75, 6.25],"rotation": {"angle": 0,"axis": "y","origin": [-0.25, 0.5, -0.75]},"faces": {"north": { "uv": [0, 0, 0, 0.5], "texture": "#0" },"east": { "uv": [4.5, 9, 5, 9.5], "texture": "#0" },"south": { "uv": [0, 0, 0, 0.5], "texture": "#0" },"west": { "uv": [6.5, 9, 7, 9.5], "texture": "#0" },"up": { "uv": [0, 0.5, 0, 0], "texture": "#0" },"down": { "uv": [0, 0, 0, 0.5], "texture": "#0" }}},{"from": [7.5, 6.5, 5.75],"to": [7.5, 6.75, 6],"rotation": {"angle": 0,"axis": "y","origin": [-0.25, 0.5, -0.75]},"faces": {"north": { "uv": [0, 0, 0, 0.5], "texture": "#0" },"east": { "uv": [7, 9, 7.5, 9.5], "texture": "#0" },"south": { "uv": [0, 0, 0, 0.5], "texture": "#0" },"west": { "uv": [7.5, 9, 8, 9.5], "texture": "#0" },"up": { "uv": [0, 0.5, 0, 0], "texture": "#0" },"down": { "uv": [0, 0, 0, 0.5], "texture": "#0" }}},{"from": [7.5, 6.5, 6.5],"to": [7.5, 6.75, 6.75],"rotation": {"angle": 0,"axis": "y","origin": [-0.25, 0.5, -0.75]},"faces": {"north": { "uv": [0, 0, 0, 0.5], "texture": "#0" },"east": { "uv": [9, 7.5, 9.5, 8], "texture": "#0" },"south": { "uv": [0, 0, 0, 0.5], "texture": "#0" },"west": { "uv": [8, 9, 8.5, 9.5], "texture": "#0" },"up": { "uv": [0, 0.5, 0, 0], "texture": "#0" },"down": { "uv": [0, 0, 0, 0.5], "texture": "#0" }}},{"from": [9.25, 6.25, 5.25],"to": [9.5, 6.5, 5.25],"rotation": {"angle": 0,"axis": "y","origin": [-0.25, 0.5, -0.75]},"faces": {"north": { "uv": [9, 8, 9.5, 8.5], "texture": "#0" },"east": { "uv": [0, 0, 0, 0.5], "texture": "#0" },"south": { "uv": [8.5, 9, 9, 9.5], "texture": "#0" },"west": { "uv": [0, 0, 0, 0.5], "texture": "#0" },"up": { "uv": [0.5, 0, 0, 0], "texture": "#0" },"down": { "uv": [0.5, 0, 0, 0], "texture": "#0" }}},{"from": [7.5, 6.5, 5.25],"to": [7.75, 6.75, 5.25],"rotation": {"angle": 0,"axis": "y","origin": [0.5, 0.5, -0.75]},"faces": {"north": { "uv": [9, 8.5, 9.5, 9], "texture": "#0" },"east": { "uv": [0, 0, 0, 0.5], "texture": "#0" },"south": { "uv": [9, 9, 9.5, 9.5], "texture": "#0" },"west": { "uv": [0, 0, 0, 0.5], "texture": "#0" },"up": { "uv": [0.5, 0, 0, 0], "texture": "#0" },"down": { "uv": [0.5, 0, 0, 0], "texture": "#0" }}},{"from": [8, 6.5, 5.25],"to": [9, 6.75, 5.25],"rotation": {"angle": 0,"axis": "y","origin": [0.5, 0.5, -0.75]},"faces": {"north": { "uv": [0, 9.5, 0.5, 10], "texture": "#0" },"east": { "uv": [0, 0, 0, 0.5], "texture": "#0" },"south": { "uv": [9.5, 0, 10, 0.5], "texture": "#0" },"west": { "uv": [0, 0, 0, 0.5], "texture": "#0" },"up": { "uv": [0.5, 0, 0, 0], "texture": "#0" },"down": { "uv": [0.5, 0, 0, 0], "texture": "#0" }}},{"from": [7.5, 6.25, 5.25],"to": [7.75, 6.5, 5.25],"rotation": {"angle": 0,"axis": "y","origin": [0.5, 0.5, -0.75]},"faces": {"north": { "uv": [0.5, 9.5, 1, 10], "texture": "#0" },"east": { "uv": [0, 0, 0, 0.5], "texture": "#0" },"south": { "uv": [9.5, 0.5, 10, 1], "texture": "#0" },"west": { "uv": [0, 0, 0, 0.5], "texture": "#0" },"up": { "uv": [0.5, 0, 0, 0], "texture": "#0" },"down": { "uv": [0.5, 0, 0, 0], "texture": "#0" }}},{"from": [6, 6.75, 6.25],"to": [11, 9.75, 7.25],"faces": {"north": { "uv": [5, 6.5, 7.5, 8], "texture": "#0" },"east": { "uv": [7.5, 6.5, 8, 8], "texture": "#0" },"south": { "uv": [0, 7, 2.5, 8.5], "texture": "#0" },"west": { "uv": [5, 8, 5.5, 9.5], "texture": "#0" },"up": { "uv": [10, 5, 7.5, 4.5], "texture": "#0" },"down": { "uv": [10, 5, 7.5, 5.5], "texture": "#0" }}},{"from": [6, 6.75, 6],"to": [11, 9.75, 6.25],"faces": {"north": { "uv": [2.5, 7, 5, 8.5], "texture": "#0" },"east": { "uv": [5.5, 8, 6, 9.5], "texture": "#0" },"south": { "uv": [7.5, 3, 10, 4.5], "texture": "#0" },"west": { "uv": [6, 8, 6.5, 9.5], "texture": "#0" },"up": { "uv": [10, 6, 7.5, 5.5], "texture": "#0" },"down": { "uv": [10, 6, 7.5, 6.5], "texture": "#0" }}},{"from": [7, 6.75, 5],"to": [10, 7.75, 6],"faces": {"north": { "uv": [6, 3, 7.5, 3.5], "texture": "#0" },"east": { "uv": [1, 9.5, 1.5, 10], "texture": "#0" },"south": { "uv": [6.5, 8, 8, 8.5], "texture": "#0" },"west": { "uv": [9.5, 1, 10, 1.5], "texture": "#0" },"up": { "uv": [9.5, 7, 8, 6.5], "texture": "#0" },"down": { "uv": [9.5, 7, 8, 7.5], "texture": "#0" }}}],"display": {"thirdperson_righthand": {"translation": [-0.25, 1.5, -1],"scale": [0.57, 0.57, 0.57]},"thirdperson_lefthand": {"translation": [0.25, 1.75, -1],"scale": [0.57, 0.57, 0.57]},"firstperson_righthand": {"translation": [-2.5, 4.25, -0.5],"scale": [1.62, 1.32, 0.98]},"firstperson_lefthand": {"translation": [-2.5, 4.25, -0.5],"scale": [1.62, 1.32, 0.98]},"ground": {"translation": [0, 3.25, 0],"scale": [0.98, 0.98, 0.98]},"gui": {"rotation": [16, 144, 0],"translation": [-1, 2, 0],"scale": [1.34, 1.34, 1.13]},"head": {"translation": [-1.5, 6, -3],"scale": [2.96344, 2.65672, 2.12]},"fixed": {"rotation": [-90, 0, 0],"translation": [-1, -1.75, -11.25],"scale": [1.69, 1.69, 1.69]}}}