{"credit": "Made with Blockbench","texture_size": [64, 64],"textures": {"3": "minecraft:item/tristenlosey/phantom_hide"},"elements": [{"from": [13, 7, 4],"to": [13, 11, 13],"faces": {"north": { "uv": [0, 0, 0, 1], "texture": "#3" },"east": { "uv": [2.25, 0, 4.5, 1], "texture": "#3" },"south": { "uv": [0, 0, 0, 1], "texture": "#3" },"west": { "uv": [2.25, 1, 4.5, 2], "texture": "#3" },"up": { "uv": [0, 2.25, 0, 0], "texture": "#3" },"down": { "uv": [0, 0, 0, 2.25], "texture": "#3" }}},{"from": [4, 7, 4],"to": [4, 11, 13],"faces": {"north": { "uv": [0, 0, 0, 1], "texture": "#3" },"east": { "uv": [2.25, 2, 4.5, 3], "texture": "#3" },"south": { "uv": [0, 0, 0, 1], "texture": "#3" },"west": { "uv": [2.25, 3, 4.5, 4], "texture": "#3" },"up": { "uv": [0, 2.25, 0, 0], "texture": "#3" },"down": { "uv": [0, 0, 0, 2.25], "texture": "#3" }}},{"from": [4, 7, 13],"to": [13, 11, 13],"faces": {"north": { "uv": [2.25, 4, 4.5, 5], "texture": "#3" },"east": { "uv": [0, 0, 0, 1], "texture": "#3" },"south": { "uv": [0, 4.5, 2.25, 5.5], "texture": "#3" },"west": { "uv": [0, 0, 0, 1], "texture": "#3" },"up": { "uv": [2.25, 0, 0, 0], "texture": "#3" },"down": { "uv": [2.25, 0, 0, 0], "texture": "#3" }}},{"from": [4, 7, 4],"to": [13, 11, 4],"faces": {"north": { "uv": [4.5, 0, 6.75, 1], "texture": "#3" },"east": { "uv": [0, 0, 0, 1], "texture": "#3" },"south": { "uv": [4.5, 1, 6.75, 2], "texture": "#3" },"west": { "uv": [0, 0, 0, 1], "texture": "#3" },"up": { "uv": [2.25, 0, 0, 0], "texture": "#3" },"down": { "uv": [2.25, 0, 0, 0], "texture": "#3" }}},{"from": [4, 11, 4],"to": [13, 11, 13],"faces": {"north": { "uv": [0, 0, 2.25, 0], "texture": "#3" },"east": { "uv": [0, 0, 2.25, 0], "texture": "#3" },"south": { "uv": [0, 0, 2.25, 0], "texture": "#3" },"west": { "uv": [0, 0, 2.25, 0], "texture": "#3" },"up": { "uv": [2.25, 2.25, 0, 0], "texture": "#3" },"down": { "uv": [2.25, 2.25, 0, 4.5], "texture": "#3" }}},{"from": [13, 7, 4],"to": [16, 7, 13],"faces": {"north": { "uv": [0, 0, 0.75, 0], "texture": "#3" },"east": { "uv": [0, 0, 2.25, 0], "texture": "#3" },"south": { "uv": [0, 0, 0.75, 0], "texture": "#3" },"west": { "uv": [0, 0, 2.25, 0], "texture": "#3" },"up": { "uv": [5.25, 4.25, 4.5, 2], "texture": "#3" },"down": { "uv": [5.25, 4.25, 4.5, 6.5], "texture": "#3" }}},{"from": [1, 7, 4],"to": [4, 7, 13],"faces": {"north": { "uv": [0, 0, 0.75, 0], "texture": "#3" },"east": { "uv": [0, 0, 2.25, 0], "texture": "#3" },"south": { "uv": [0, 0, 0.75, 0], "texture": "#3" },"west": { "uv": [0, 0, 2.25, 0], "texture": "#3" },"up": { "uv": [3, 7.25, 2.25, 5], "texture": "#3" },"down": { "uv": [3.75, 5, 3, 7.25], "texture": "#3" }}},{"from": [4, 7, 1],"to": [13, 7, 4],"faces": {"north": { "uv": [0, 0, 2.25, 0], "texture": "#3" },"east": { "uv": [0, 0, 0.75, 0], "texture": "#3" },"south": { "uv": [0, 0, 2.25, 0], "texture": "#3" },"west": { "uv": [0, 0, 0.75, 0], "texture": "#3" },"up": { "uv": [7.5, 2.75, 5.25, 2], "texture": "#3" },"down": { "uv": [7.5, 2.75, 5.25, 3.5], "texture": "#3" }}},{"from": [4, 7, 13],"to": [13, 7, 16],"faces": {"north": { "uv": [0, 0, 2.25, 0], "texture": "#3" },"east": { "uv": [0, 0, 0.75, 0], "texture": "#3" },"south": { "uv": [0, 0, 2.25, 0], "texture": "#3" },"west": { "uv": [0, 0, 0.75, 0], "texture": "#3" },"up": { "uv": [7.5, 4.25, 5.25, 3.5], "texture": "#3" },"down": { "uv": [7.5, 4.25, 5.25, 5], "texture": "#3" }}},{"from": [13, 7, 2],"to": [15, 7, 4],"faces": {"north": { "uv": [0, 0, 0.5, 0], "texture": "#3" },"east": { "uv": [0, 0, 0.5, 0], "texture": "#3" },"south": { "uv": [0, 0, 0.5, 0], "texture": "#3" },"west": { "uv": [0, 0, 0.5, 0], "texture": "#3" },"up": { "uv": [0.5, 6, 0, 5.5], "texture": "#3" },"down": { "uv": [1, 5.5, 0.5, 6], "texture": "#3" }}},{"from": [13, 7, 13],"to": [15, 7, 15],"faces": {"north": { "uv": [0, 0, 0.5, 0], "texture": "#3" },"east": { "uv": [0, 0, 0.5, 0], "texture": "#3" },"south": { "uv": [0, 0, 0.5, 0], "texture": "#3" },"west": { "uv": [0, 0, 0.5, 0], "texture": "#3" },"up": { "uv": [1.5, 6, 1, 5.5], "texture": "#3" },"down": { "uv": [2, 5.5, 1.5, 6], "texture": "#3" }}},{"from": [2, 7, 13],"to": [4, 7, 15],"faces": {"north": { "uv": [0, 0, 0.5, 0], "texture": "#3" },"east": { "uv": [0, 0, 0.5, 0], "texture": "#3" },"south": { "uv": [0, 0, 0.5, 0], "texture": "#3" },"west": { "uv": [0, 0, 0.5, 0], "texture": "#3" },"up": { "uv": [0.5, 6.5, 0, 6], "texture": "#3" },"down": { "uv": [1, 6, 0.5, 6.5], "texture": "#3" }}},{"from": [2, 7, 2],"to": [4, 7, 4],"faces": {"north": { "uv": [0, 0, 0.5, 0], "texture": "#3" },"east": { "uv": [0, 0, 0.5, 0], "texture": "#3" },"south": { "uv": [0, 0, 0.5, 0], "texture": "#3" },"west": { "uv": [0, 0, 0.5, 0], "texture": "#3" },"up": { "uv": [1.5, 6.5, 1, 6], "texture": "#3" },"down": { "uv": [2, 6, 1.5, 6.5], "texture": "#3" }}},{"from": [1, 7, 1],"to": [4, 7, 2],"faces": {"north": { "uv": [0, 0, 0.75, 0], "texture": "#3" },"east": { "uv": [0, 0, 0.25, 0], "texture": "#3" },"south": { "uv": [0, 0, 0.75, 0], "texture": "#3" },"west": { "uv": [0, 0, 0.25, 0], "texture": "#3" },"up": { "uv": [6.25, 6.25, 5.5, 6], "texture": "#3" },"down": { "uv": [6.25, 6.25, 5.5, 6.5], "texture": "#3" }}},{"from": [1, 7, 2],"to": [2, 7, 4],"faces": {"north": { "uv": [0, 0, 0.25, 0], "texture": "#3" },"east": { "uv": [0, 0, 0.5, 0], "texture": "#3" },"south": { "uv": [0, 0, 0.25, 0], "texture": "#3" },"west": { "uv": [0, 0, 0.5, 0], "texture": "#3" },"up": { "uv": [1.75, 7, 1.5, 6.5], "texture": "#3" },"down": { "uv": [2, 6.5, 1.75, 7], "texture": "#3" }}},{"from": [1, 7, 13],"to": [2, 7, 16],"faces": {"north": { "uv": [0, 0, 0.25, 0], "texture": "#3" },"east": { "uv": [0, 0, 0.75, 0], "texture": "#3" },"south": { "uv": [0, 0, 0.25, 0], "texture": "#3" },"west": { "uv": [0, 0, 0.75, 0], "texture": "#3" },"up": { "uv": [2.25, 6.25, 2, 5.5], "texture": "#3" },"down": { "uv": [2.25, 6.25, 2, 7], "texture": "#3" }}},{"from": [2, 7, 15],"to": [4, 7, 16],"faces": {"north": { "uv": [0, 0, 0.5, 0], "texture": "#3" },"east": { "uv": [0, 0, 0.25, 0], "texture": "#3" },"south": { "uv": [0, 0, 0.5, 0], "texture": "#3" },"west": { "uv": [0, 0, 0.25, 0], "texture": "#3" },"up": { "uv": [5, 6.75, 4.5, 6.5], "texture": "#3" },"down": { "uv": [6, 6.5, 5.5, 6.75], "texture": "#3" }}},{"from": [13, 7, 15],"to": [16, 7, 16],"faces": {"north": { "uv": [0, 0, 0.75, 0], "texture": "#3" },"east": { "uv": [0, 0, 0.25, 0], "texture": "#3" },"south": { "uv": [0, 0, 0.75, 0], "texture": "#3" },"west": { "uv": [0, 0, 0.25, 0], "texture": "#3" },"up": { "uv": [7, 6.25, 6.25, 6], "texture": "#3" },"down": { "uv": [7, 6.25, 6.25, 6.5], "texture": "#3" }}},{"from": [15, 7, 13],"to": [16, 7, 15],"faces": {"north": { "uv": [0, 0, 0.25, 0], "texture": "#3" },"east": { "uv": [0, 0, 0.5, 0], "texture": "#3" },"south": { "uv": [0, 0, 0.25, 0], "texture": "#3" },"west": { "uv": [0, 0, 0.5, 0], "texture": "#3" },"up": { "uv": [5.25, 7, 5, 6.5], "texture": "#3" },"down": { "uv": [6.25, 6.5, 6, 7], "texture": "#3" }}},{"from": [15, 7, 2],"to": [16, 7, 4],"faces": {"north": { "uv": [0, 0, 0.25, 0], "texture": "#3" },"east": { "uv": [0, 0, 0.5, 0], "texture": "#3" },"south": { "uv": [0, 0, 0.25, 0], "texture": "#3" },"west": { "uv": [0, 0, 0.5, 0], "texture": "#3" },"up": { "uv": [6.5, 7, 6.25, 6.5], "texture": "#3" },"down": { "uv": [6.75, 6.5, 6.5, 7], "texture": "#3" }}},{"from": [13, 7, 1],"to": [16, 7, 2],"faces": {"north": { "uv": [0, 0, 0.75, 0], "texture": "#3" },"east": { "uv": [0, 0, 0.25, 0], "texture": "#3" },"south": { "uv": [0, 0, 0.75, 0], "texture": "#3" },"west": { "uv": [0, 0, 0.25, 0], "texture": "#3" },"up": { "uv": [0.75, 6.75, 0, 6.5], "texture": "#3" },"down": { "uv": [1.5, 6.5, 0.75, 6.75], "texture": "#3" }}},{"from": [0, 7, 2],"to": [1, 7, 15],"faces": {"north": { "uv": [0, 0, 0.25, 0], "texture": "#3" },"east": { "uv": [0, 0, 3.25, 0], "texture": "#3" },"south": { "uv": [0, 0, 0.25, 0], "texture": "#3" },"west": { "uv": [0, 0, 3.25, 0], "texture": "#3" },"up": { "uv": [4, 8.25, 3.75, 5], "texture": "#3" },"down": { "uv": [4.25, 5, 4, 8.25], "texture": "#3" }}},{"from": [16, 7, 2],"to": [17, 7, 15],"faces": {"north": { "uv": [0, 0, 0.25, 0], "texture": "#3" },"east": { "uv": [0, 0, 3.25, 0], "texture": "#3" },"south": { "uv": [0, 0, 0.25, 0], "texture": "#3" },"west": { "uv": [0, 0, 3.25, 0], "texture": "#3" },"up": { "uv": [4.5, 8.25, 4.25, 5], "texture": "#3" },"down": { "uv": [5.5, 5, 5.25, 8.25], "texture": "#3" }}},{"from": [2, 7, 16],"to": [15, 7, 17],"faces": {"north": { "uv": [0, 0, 3.25, 0], "texture": "#3" },"east": { "uv": [0, 0, 0.25, 0], "texture": "#3" },"south": { "uv": [0, 0, 3.25, 0], "texture": "#3" },"west": { "uv": [0, 0, 0.25, 0], "texture": "#3" },"up": { "uv": [8.75, 5.25, 5.5, 5], "texture": "#3" },"down": { "uv": [8.75, 5.25, 5.5, 5.5], "texture": "#3" }}},{"from": [2, 7, 0],"to": [15, 7, 1],"faces": {"north": { "uv": [0, 0, 3.25, 0], "texture": "#3" },"east": { "uv": [0, 0, 0.25, 0], "texture": "#3" },"south": { "uv": [0, 0, 3.25, 0], "texture": "#3" },"west": { "uv": [0, 0, 0.25, 0], "texture": "#3" },"up": { "uv": [8.75, 5.75, 5.5, 5.5], "texture": "#3" },"down": { "uv": [8.75, 5.75, 5.5, 6], "texture": "#3" }}},{"from": [6, 6, 0],"to": [7, 7, 0],"faces": {"north": { "uv": [0, 6.75, 0.25, 7], "texture": "#3" },"east": { "uv": [0, 0, 0, 0.25], "texture": "#3" },"south": { "uv": [6.75, 0, 7, 0.25], "texture": "#3" },"west": { "uv": [0, 0, 0, 0.25], "texture": "#3" },"up": { "uv": [0.25, 0, 0, 0], "texture": "#3" },"down": { "uv": [0.25, 0, 0, 0], "texture": "#3" }}},{"from": [3, 6, 0],"to": [4, 7, 0],"faces": {"north": { "uv": [0.25, 6.75, 0.5, 7], "texture": "#3" },"east": { "uv": [0, 0, 0, 0.25], "texture": "#3" },"south": { "uv": [6.75, 0.25, 7, 0.5], "texture": "#3" },"west": { "uv": [0, 0, 0, 0.25], "texture": "#3" },"up": { "uv": [0.25, 0, 0, 0], "texture": "#3" },"down": { "uv": [0.25, 0, 0, 0], "texture": "#3" }}},{"from": [0, 6, 2],"to": [1, 7, 2],"faces": {"north": { "uv": [0.5, 6.75, 0.75, 7], "texture": "#3" },"east": { "uv": [0, 0, 0, 0.25], "texture": "#3" },"south": { "uv": [6.75, 0.5, 7, 0.75], "texture": "#3" },"west": { "uv": [0, 0, 0, 0.25], "texture": "#3" },"up": { "uv": [0.25, 0, 0, 0], "texture": "#3" },"down": { "uv": [0.25, 0, 0, 0], "texture": "#3" }}},{"from": [0, 6, 4],"to": [0, 7, 5],"faces": {"north": { "uv": [0, 0, 0, 0.25], "texture": "#3" },"east": { "uv": [0.75, 6.75, 1, 7], "texture": "#3" },"south": { "uv": [0, 0, 0, 0.25], "texture": "#3" },"west": { "uv": [6.75, 0.75, 7, 1], "texture": "#3" },"up": { "uv": [0, 0.25, 0, 0], "texture": "#3" },"down": { "uv": [0, 0, 0, 0.25], "texture": "#3" }}},{"from": [0, 6, 6],"to": [0, 7, 7],"faces": {"north": { "uv": [0, 0, 0, 0.25], "texture": "#3" },"east": { "uv": [1, 6.75, 1.25, 7], "texture": "#3" },"south": { "uv": [0, 0, 0, 0.25], "texture": "#3" },"west": { "uv": [6.75, 1, 7, 1.25], "texture": "#3" },"up": { "uv": [0, 0.25, 0, 0], "texture": "#3" },"down": { "uv": [0, 0, 0, 0.25], "texture": "#3" }}},{"from": [0, 6, 11],"to": [0, 7, 12],"faces": {"north": { "uv": [0, 0, 0, 0.25], "texture": "#3" },"east": { "uv": [1.25, 6.75, 1.5, 7], "texture": "#3" },"south": { "uv": [0, 0, 0, 0.25], "texture": "#3" },"west": { "uv": [6.75, 1.25, 7, 1.5], "texture": "#3" },"up": { "uv": [0, 0.25, 0, 0], "texture": "#3" },"down": { "uv": [0, 0, 0, 0.25], "texture": "#3" }}},{"from": [0, 6, 12],"to": [0, 7, 13],"faces": {"north": { "uv": [0, 0, 0, 0.25], "texture": "#3" },"east": { "uv": [6.75, 1.5, 7, 1.75], "texture": "#3" },"south": { "uv": [0, 0, 0, 0.25], "texture": "#3" },"west": { "uv": [6.75, 1.75, 7, 2], "texture": "#3" },"up": { "uv": [0, 0.25, 0, 0], "texture": "#3" },"down": { "uv": [0, 0, 0, 0.25], "texture": "#3" }}},{"from": [0, 6, 15],"to": [1, 7, 15],"faces": {"north": { "uv": [4.5, 6.75, 4.75, 7], "texture": "#3" },"east": { "uv": [0, 0, 0, 0.25], "texture": "#3" },"south": { "uv": [4.75, 6.75, 5, 7], "texture": "#3" },"west": { "uv": [0, 0, 0, 0.25], "texture": "#3" },"up": { "uv": [0.25, 0, 0, 0], "texture": "#3" },"down": { "uv": [0.25, 0, 0, 0], "texture": "#3" }}},{"from": [3, 6, 17],"to": [4, 7, 17],"faces": {"north": { "uv": [5.5, 6.75, 5.75, 7], "texture": "#3" },"east": { "uv": [0, 0, 0, 0.25], "texture": "#3" },"south": { "uv": [5.75, 6.75, 6, 7], "texture": "#3" },"west": { "uv": [0, 0, 0, 0.25], "texture": "#3" },"up": { "uv": [0.25, 0, 0, 0], "texture": "#3" },"down": { "uv": [0.25, 0, 0, 0], "texture": "#3" }}},{"from": [4, 6, 17],"to": [5, 7, 17],"faces": {"north": { "uv": [6.75, 6.5, 7, 6.75], "texture": "#3" },"east": { "uv": [0, 0, 0, 0.25], "texture": "#3" },"south": { "uv": [6.75, 6.75, 7, 7], "texture": "#3" },"west": { "uv": [0, 0, 0, 0.25], "texture": "#3" },"up": { "uv": [0.25, 0, 0, 0], "texture": "#3" },"down": { "uv": [0.25, 0, 0, 0], "texture": "#3" }}},{"from": [7, 6, 17],"to": [8, 7, 17],"faces": {"north": { "uv": [0, 7, 0.25, 7.25], "texture": "#3" },"east": { "uv": [0, 0, 0, 0.25], "texture": "#3" },"south": { "uv": [7, 0, 7.25, 0.25], "texture": "#3" },"west": { "uv": [0, 0, 0, 0.25], "texture": "#3" },"up": { "uv": [0.25, 0, 0, 0], "texture": "#3" },"down": { "uv": [0.25, 0, 0, 0], "texture": "#3" }}},{"from": [9, 6, 17],"to": [10, 7, 17],"faces": {"north": { "uv": [0.25, 7, 0.5, 7.25], "texture": "#3" },"east": { "uv": [0, 0, 0, 0.25], "texture": "#3" },"south": { "uv": [7, 0.25, 7.25, 0.5], "texture": "#3" },"west": { "uv": [0, 0, 0, 0.25], "texture": "#3" },"up": { "uv": [0.25, 0, 0, 0], "texture": "#3" },"down": { "uv": [0.25, 0, 0, 0], "texture": "#3" }}},{"from": [11, 6, 17],"to": [12, 7, 17],"faces": {"north": { "uv": [0.5, 7, 0.75, 7.25], "texture": "#3" },"east": { "uv": [0, 0, 0, 0.25], "texture": "#3" },"south": { "uv": [7, 0.5, 7.25, 0.75], "texture": "#3" },"west": { "uv": [0, 0, 0, 0.25], "texture": "#3" },"up": { "uv": [0.25, 0, 0, 0], "texture": "#3" },"down": { "uv": [0.25, 0, 0, 0], "texture": "#3" }}},{"from": [15, 6, 16],"to": [16, 7, 16],"faces": {"north": { "uv": [0.75, 7, 1, 7.25], "texture": "#3" },"east": { "uv": [0, 0, 0, 0.25], "texture": "#3" },"south": { "uv": [7, 0.75, 7.25, 1], "texture": "#3" },"west": { "uv": [0, 0, 0, 0.25], "texture": "#3" },"up": { "uv": [0.25, 0, 0, 0], "texture": "#3" },"down": { "uv": [0.25, 0, 0, 0], "texture": "#3" }}},{"from": [17, 6, 13],"to": [17, 7, 14],"faces": {"north": { "uv": [0, 0, 0, 0.25], "texture": "#3" },"east": { "uv": [1, 7, 1.25, 7.25], "texture": "#3" },"south": { "uv": [0, 0, 0, 0.25], "texture": "#3" },"west": { "uv": [7, 1, 7.25, 1.25], "texture": "#3" },"up": { "uv": [0, 0.25, 0, 0], "texture": "#3" },"down": { "uv": [0, 0, 0, 0.25], "texture": "#3" }}},{"from": [17, 6, 11],"to": [17, 7, 12],"faces": {"north": { "uv": [0, 0, 0, 0.25], "texture": "#3" },"east": { "uv": [1.25, 7, 1.5, 7.25], "texture": "#3" },"south": { "uv": [0, 0, 0, 0.25], "texture": "#3" },"west": { "uv": [7, 1.25, 7.25, 1.5], "texture": "#3" },"up": { "uv": [0, 0.25, 0, 0], "texture": "#3" },"down": { "uv": [0, 0, 0, 0.25], "texture": "#3" }}},{"from": [17, 6, 7],"to": [17, 7, 8],"faces": {"north": { "uv": [0, 0, 0, 0.25], "texture": "#3" },"east": { "uv": [1.5, 7, 1.75, 7.25], "texture": "#3" },"south": { "uv": [0, 0, 0, 0.25], "texture": "#3" },"west": { "uv": [7, 1.5, 7.25, 1.75], "texture": "#3" },"up": { "uv": [0, 0.25, 0, 0], "texture": "#3" },"down": { "uv": [0, 0, 0, 0.25], "texture": "#3" }}},{"from": [17, 6, 6],"to": [17, 7, 7],"faces": {"north": { "uv": [0, 0, 0, 0.25], "texture": "#3" },"east": { "uv": [1.75, 7, 2, 7.25], "texture": "#3" },"south": { "uv": [0, 0, 0, 0.25], "texture": "#3" },"west": { "uv": [7, 1.75, 7.25, 2], "texture": "#3" },"up": { "uv": [0, 0.25, 0, 0], "texture": "#3" },"down": { "uv": [0, 0, 0, 0.25], "texture": "#3" }}},{"from": [17, 6, 3],"to": [17, 7, 4],"faces": {"north": { "uv": [0, 0, 0, 0.25], "texture": "#3" },"east": { "uv": [2, 7, 2.25, 7.25], "texture": "#3" },"south": { "uv": [0, 0, 0, 0.25], "texture": "#3" },"west": { "uv": [4.5, 7, 4.75, 7.25], "texture": "#3" },"up": { "uv": [0, 0.25, 0, 0], "texture": "#3" },"down": { "uv": [0, 0, 0, 0.25], "texture": "#3" }}},{"from": [12, 6, 0],"to": [13, 7, 0],"faces": {"north": { "uv": [4.75, 7, 5, 7.25], "texture": "#3" },"east": { "uv": [0, 0, 0, 0.25], "texture": "#3" },"south": { "uv": [5, 7, 5.25, 7.25], "texture": "#3" },"west": { "uv": [0, 0, 0, 0.25], "texture": "#3" },"up": { "uv": [0.25, 0, 0, 0], "texture": "#3" },"down": { "uv": [0.25, 0, 0, 0], "texture": "#3" }}},{"from": [16, 6, 1],"to": [16, 7, 2],"faces": {"north": { "uv": [0, 0, 0, 0.25], "texture": "#3" },"east": { "uv": [5.5, 7, 5.75, 7.25], "texture": "#3" },"south": { "uv": [0, 0, 0, 0.25], "texture": "#3" },"west": { "uv": [5.75, 7, 6, 7.25], "texture": "#3" },"up": { "uv": [0, 0.25, 0, 0], "texture": "#3" },"down": { "uv": [0, 0, 0, 0.25], "texture": "#3" }}},{"from": [11, 6, 0],"to": [12, 7, 0],"faces": {"north": { "uv": [6, 7, 6.25, 7.25], "texture": "#3" },"east": { "uv": [0, 0, 0, 0.25], "texture": "#3" },"south": { "uv": [7, 6, 7.25, 6.25], "texture": "#3" },"west": { "uv": [0, 0, 0, 0.25], "texture": "#3" },"up": { "uv": [0.25, 0, 0, 0], "texture": "#3" },"down": { "uv": [0.25, 0, 0, 0], "texture": "#3" }}},{"from": [15, 6, 1],"to": [16, 7, 1],"faces": {"north": { "uv": [6.25, 7, 6.5, 7.25], "texture": "#3" },"east": { "uv": [0, 0, 0, 0.25], "texture": "#3" },"south": { "uv": [7, 6.25, 7.25, 6.5], "texture": "#3" },"west": { "uv": [0, 0, 0, 0.25], "texture": "#3" },"up": { "uv": [0.25, 0, 0, 0], "texture": "#3" },"down": { "uv": [0.25, 0, 0, 0], "texture": "#3" }}}],"display": {"thirdperson_righthand": {"translation": [-0.25, 0, -1],"scale": [0.57, 0.57, 0.57]},"thirdperson_lefthand": {"translation": [-0.25, 0, -1],"scale": [0.57, 0.57, 0.57]},"firstperson_righthand": {"translation": [1.5, 0, 0]},"firstperson_lefthand": {"translation": [1.5, 0, 0]},"ground": {"scale": [0.72, 0.72, 0.72]},"gui": {"rotation": [12, -180, 0],"translation": [0.5, 0, 0],"scale": [0.96, 1.2, 1]},"head": {"translation": [-0.75, 3.25, -0.75],"scale": [1.62, 1.59, 1.62]},"fixed": {"rotation": [-89, 0, 0],"translation": [0, 0, -2]}},"groups": [{"name": "hat","origin": [0, 0, 0],"children": [0, 1, 2, 3, 4, 5, 6, 7, 8, 9, 10, 11, 12, 13, 14, 15, 16, 17,18, 19, 20, 21, 22, 23, 24, 25, 26, 27, 28, 29, 30, 31, 32, 33,34, 35, 36, 37, 38, 39, 40, 41, 42, 43, 44, 45, 46, 47]}]}