{"credit": "Made with Blockbench","texture_size": [32, 32],"textures": {"0": "minecraft:item/tristenlosey/pufferfish_hide","particle": "minecraft:item/tristenlosey/pufferfish_hide"},"elements": [{"from": [13, 7, 4],"to": [13, 12, 13],"rotation": { "angle": 0, "axis": "y", "origin": [0, 1, 0] },"faces": {"north": { "uv": [4.5, 0, 8.5, 2.5], "texture": "#0" },"east": { "uv": [4.5, 2.5, 8.5, 5], "texture": "#0" },"south": { "uv": [4.5, 5, 8.5, 7.5], "texture": "#0" },"west": { "uv": [4.5, 7.5, 8.5, 10], "texture": "#0" },"up": { "uv": [4, 4.5, 0, 0.5], "texture": "#0" },"down": { "uv": [4.5, 4.5, 4, 5], "texture": "#0" }}},{"from": [4, 7, 4],"to": [4, 12, 13],"rotation": { "angle": 0, "axis": "y", "origin": [0, 1, 0] },"faces": {"north": { "uv": [4.5, 0, 8.5, 2.5], "texture": "#0" },"east": { "uv": [4.5, 2.5, 8.5, 5], "texture": "#0" },"south": { "uv": [4.5, 5, 8.5, 7.5], "texture": "#0" },"west": { "uv": [4.5, 7.5, 8.5, 10], "texture": "#0" },"up": { "uv": [4, 4.5, 0, 0.5], "texture": "#0" },"down": { "uv": [4.5, 4.5, 4, 5], "texture": "#0" }}},{"from": [4, 7, 4],"to": [13, 12, 4],"rotation": { "angle": 0, "axis": "y", "origin": [0, 1, 0] },"faces": {"north": { "uv": [4.5, 0, 8.5, 2.5], "texture": "#0" },"east": { "uv": [4.5, 2.5, 8.5, 5], "texture": "#0" },"south": { "uv": [4.5, 5, 8.5, 7.5], "texture": "#0" },"west": { "uv": [4.5, 7.5, 8.5, 10], "texture": "#0" },"up": { "uv": [4, 4.5, 0, 0.5], "texture": "#0" },"down": { "uv": [4.5, 4.5, 4, 5], "texture": "#0" }}},{"from": [4, 7, 13],"to": [13, 12, 13],"rotation": { "angle": 0, "axis": "y", "origin": [0, 1, 0] },"faces": {"north": { "uv": [4.5, 5, 8.5, 7.5], "texture": "#0" },"east": { "uv": [4.5, 5, 8.5, 7.5], "texture": "#0" },"south": { "uv": [4.5, 5, 8.5, 7.5], "texture": "#0" },"west": { "uv": [4.5, 5, 8.5, 7.5], "texture": "#0" },"up": { "uv": [4.5, 5, 8.5, 7.5], "texture": "#0" },"down": { "uv": [4.5, 5, 8.5, 7.5], "texture": "#0" }}},{"from": [4, 12, 4],"to": [13, 12, 13],"rotation": { "angle": 0, "axis": "y", "origin": [0, 1, 0] },"faces": {"north": { "uv": [4, 4.5, 0, 0.5], "texture": "#0" },"east": { "uv": [4, 4.5, 0, 0.5], "texture": "#0" },"south": { "uv": [4, 4.5, 0, 0.5], "texture": "#0" },"west": { "uv": [4, 4.5, 0, 0.5], "texture": "#0" },"up": { "uv": [4, 4.5, 0, 0.5], "texture": "#0" },"down": { "uv": [4, 4.5, 0, 0.5], "texture": "#0" }}},{"from": [13, 7, 4],"to": [16, 7, 13],"faces": {"north": { "uv": [0, 0, 1.5, 0], "texture": "#0" },"east": { "uv": [0, 0, 4.5, 0], "texture": "#0" },"south": { "uv": [0, 0, 1.5, 0], "texture": "#0" },"west": { "uv": [0, 0, 4.5, 0], "texture": "#0" },"up": { "uv": [1.5, 13.5, 0, 9], "texture": "#0" },"down": { "uv": [10.5, 0, 9, 4.5], "texture": "#0" }}},{"from": [4, 7, 3],"to": [4, 12, 4],"rotation": { "angle": 45, "axis": "y", "origin": [4, 8, 4] },"faces": {"north": { "uv": [5, 13, 5.5, 15.5], "texture": "#0" },"east": { "uv": [5, 13, 5.5, 15.5], "texture": "#0" },"south": { "uv": [5, 13, 5.5, 15.5], "texture": "#0" },"west": { "uv": [5, 13, 5.5, 15.5], "texture": "#0" },"up": { "uv": [5, 13, 5.5, 15.5], "texture": "#0" },"down": { "uv": [5, 13, 5.5, 15.5], "texture": "#0" }}},{"from": [3, 7, 13],"to": [4, 12, 13],"rotation": { "angle": 45, "axis": "y", "origin": [4, 8, 13] },"faces": {"north": { "uv": [6.5, 13, 7, 15.5], "texture": "#0" },"east": { "uv": [6.5, 13, 7, 15.5], "texture": "#0" },"south": { "uv": [6.5, 13, 7, 15.5], "texture": "#0" },"west": { "uv": [6.5, 13, 7, 15.5], "texture": "#0" },"up": { "uv": [6.5, 13, 7, 15.5], "texture": "#0" },"down": { "uv": [6.5, 13, 7, 15.5], "texture": "#0" }}},{"from": [1, 7, 4],"to": [4, 7, 13],"faces": {"north": { "uv": [0, 0, 1.5, 0], "texture": "#0" },"east": { "uv": [0, 0, 4.5, 0], "texture": "#0" },"south": { "uv": [0, 0, 1.5, 0], "texture": "#0" },"west": { "uv": [0, 0, 4.5, 0], "texture": "#0" },"up": { "uv": [3, 13.5, 1.5, 9], "texture": "#0" },"down": { "uv": [4.5, 9, 3, 13.5], "texture": "#0" }}},{"from": [4, 7, 1],"to": [13, 7, 4],"faces": {"north": { "uv": [0, 0, 4.5, 0], "texture": "#0" },"east": { "uv": [0, 0, 1.5, 0], "texture": "#0" },"south": { "uv": [0, 0, 4.5, 0], "texture": "#0" },"west": { "uv": [0, 0, 1.5, 0], "texture": "#0" },"up": { "uv": [13.5, 6, 9, 4.5], "texture": "#0" },"down": { "uv": [13.5, 6, 9, 7.5], "texture": "#0" }}},{"from": [4, 7, 13],"to": [13, 7, 16],"faces": {"north": { "uv": [0, 0, 4.5, 0], "texture": "#0" },"east": { "uv": [0, 0, 1.5, 0], "texture": "#0" },"south": { "uv": [0, 0, 4.5, 0], "texture": "#0" },"west": { "uv": [0, 0, 1.5, 0], "texture": "#0" },"up": { "uv": [13.5, 9, 9, 7.5], "texture": "#0" },"down": { "uv": [13.5, 9, 9, 10.5], "texture": "#0" }}},{"from": [13, 7, 2],"to": [15, 7, 4],"faces": {"north": { "uv": [0, 0, 1, 0], "texture": "#0" },"east": { "uv": [0, 0, 1, 0], "texture": "#0" },"south": { "uv": [0, 0, 1, 0], "texture": "#0" },"west": { "uv": [0, 0, 1, 0], "texture": "#0" },"up": { "uv": [4, 14.5, 3, 13.5], "texture": "#0" },"down": { "uv": [14.5, 4.5, 13.5, 5.5], "texture": "#0" }}},{"from": [13, 7, 13],"to": [15, 7, 15],"faces": {"north": { "uv": [0, 0, 1, 0], "texture": "#0" },"east": { "uv": [0, 0, 1, 0], "texture": "#0" },"south": { "uv": [0, 0, 1, 0], "texture": "#0" },"west": { "uv": [0, 0, 1, 0], "texture": "#0" },"up": { "uv": [14.5, 6.5, 13.5, 5.5], "texture": "#0" },"down": { "uv": [14.5, 6.5, 13.5, 7.5], "texture": "#0" }}},{"from": [2, 7, 13],"to": [4, 7, 15],"faces": {"north": { "uv": [0, 0, 1, 0], "texture": "#0" },"east": { "uv": [0, 0, 1, 0], "texture": "#0" },"south": { "uv": [0, 0, 1, 0], "texture": "#0" },"west": { "uv": [0, 0, 1, 0], "texture": "#0" },"up": { "uv": [14.5, 8.5, 13.5, 7.5], "texture": "#0" },"down": { "uv": [14.5, 8.5, 13.5, 9.5], "texture": "#0" }}},{"from": [2, 7, 2],"to": [4, 7, 4],"faces": {"north": { "uv": [0, 0, 1, 0], "texture": "#0" },"east": { "uv": [0, 0, 1, 0], "texture": "#0" },"south": { "uv": [0, 0, 1, 0], "texture": "#0" },"west": { "uv": [0, 0, 1, 0], "texture": "#0" },"up": { "uv": [14.5, 10.5, 13.5, 9.5], "texture": "#0" },"down": { "uv": [14.5, 10.5, 13.5, 11.5], "texture": "#0" }}},{"from": [3, 7, 1],"to": [4, 7, 2],"faces": {"north": { "uv": [0, 0, 0.5, 0], "texture": "#0" },"east": { "uv": [0, 0, 0.5, 0], "texture": "#0" },"south": { "uv": [0, 0, 0.5, 0], "texture": "#0" },"west": { "uv": [0, 0, 0.5, 0], "texture": "#0" },"up": { "uv": [15, 5, 14.5, 4.5], "texture": "#0" },"down": { "uv": [15, 5, 14.5, 5.5], "texture": "#0" }}},{"from": [1, 7, 3],"to": [2, 7, 4],"faces": {"north": { "uv": [0, 0, 0.5, 0], "texture": "#0" },"east": { "uv": [0, 0, 0.5, 0], "texture": "#0" },"south": { "uv": [0, 0, 0.5, 0], "texture": "#0" },"west": { "uv": [0, 0, 0.5, 0], "texture": "#0" },"up": { "uv": [15, 6, 14.5, 5.5], "texture": "#0" },"down": { "uv": [15, 6, 14.5, 6.5], "texture": "#0" }}},{"from": [1, 7, 13],"to": [2, 7, 14],"faces": {"north": { "uv": [0, 0, 0.5, 0], "texture": "#0" },"east": { "uv": [0, 0, 0.5, 0], "texture": "#0" },"south": { "uv": [0, 0, 0.5, 0], "texture": "#0" },"west": { "uv": [0, 0, 0.5, 0], "texture": "#0" },"up": { "uv": [15, 7, 14.5, 6.5], "texture": "#0" },"down": { "uv": [15, 7, 14.5, 7.5], "texture": "#0" }}},{"from": [3, 7, 15],"to": [4, 7, 16],"faces": {"north": { "uv": [0, 0, 0.5, 0], "texture": "#0" },"east": { "uv": [0, 0, 0.5, 0], "texture": "#0" },"south": { "uv": [0, 0, 0.5, 0], "texture": "#0" },"west": { "uv": [0, 0, 0.5, 0], "texture": "#0" },"up": { "uv": [15, 8, 14.5, 7.5], "texture": "#0" },"down": { "uv": [15, 8, 14.5, 8.5], "texture": "#0" }}},{"from": [13, 7, 15],"to": [14, 7, 16],"faces": {"north": { "uv": [0, 0, 0.5, 0], "texture": "#0" },"east": { "uv": [0, 0, 0.5, 0], "texture": "#0" },"south": { "uv": [0, 0, 0.5, 0], "texture": "#0" },"west": { "uv": [0, 0, 0.5, 0], "texture": "#0" },"up": { "uv": [15, 9, 14.5, 8.5], "texture": "#0" },"down": { "uv": [15, 9, 14.5, 9.5], "texture": "#0" }}},{"from": [15, 7, 13],"to": [16, 7, 14],"faces": {"north": { "uv": [0, 0, 0.5, 0], "texture": "#0" },"east": { "uv": [0, 0, 0.5, 0], "texture": "#0" },"south": { "uv": [0, 0, 0.5, 0], "texture": "#0" },"west": { "uv": [0, 0, 0.5, 0], "texture": "#0" },"up": { "uv": [15, 10, 14.5, 9.5], "texture": "#0" },"down": { "uv": [15, 10, 14.5, 10.5], "texture": "#0" }}},{"from": [15, 7, 3],"to": [16, 7, 4],"faces": {"north": { "uv": [0, 0, 0.5, 0], "texture": "#0" },"east": { "uv": [0, 0, 0.5, 0], "texture": "#0" },"south": { "uv": [0, 0, 0.5, 0], "texture": "#0" },"west": { "uv": [0, 0, 0.5, 0], "texture": "#0" },"up": { "uv": [15, 11, 14.5, 10.5], "texture": "#0" },"down": { "uv": [15, 11, 14.5, 11.5], "texture": "#0" }}},{"from": [13, 7, 1],"to": [14, 7, 2],"faces": {"north": { "uv": [0, 0, 0.5, 0], "texture": "#0" },"east": { "uv": [0, 0, 0.5, 0], "texture": "#0" },"south": { "uv": [0, 0, 0.5, 0], "texture": "#0" },"west": { "uv": [0, 0, 0.5, 0], "texture": "#0" },"up": { "uv": [15, 12, 14.5, 11.5], "texture": "#0" },"down": { "uv": [15, 12, 14.5, 12.5], "texture": "#0" }}},{"from": [13, 7, 3],"to": [13, 12, 4],"rotation": { "angle": -45, "axis": "y", "origin": [13, 8, 4] },"faces": {"north": { "uv": [10, 13, 10.5, 15.5], "texture": "#0" },"east": { "uv": [10, 13, 10.5, 15.5], "texture": "#0" },"south": { "uv": [10, 13, 10.5, 15.5], "texture": "#0" },"west": { "uv": [10, 13, 10.5, 15.5], "texture": "#0" },"up": { "uv": [10, 13, 10.5, 15.5], "texture": "#0" },"down": { "uv": [10, 13, 10.5, 15.5], "texture": "#0" }}},{"from": [13, 7, 13],"to": [14, 12, 13],"rotation": { "angle": -45, "axis": "y", "origin": [13, 8, 13] },"faces": {"north": { "uv": [10.5, 13, 11, 15.5], "texture": "#0" },"east": { "uv": [10.5, 13, 11, 15.5], "texture": "#0" },"south": { "uv": [10.5, 13, 11, 15.5], "texture": "#0" },"west": { "uv": [10.5, 13, 11, 15.5], "texture": "#0" },"up": { "uv": [10.5, 13, 11, 15.5], "texture": "#0" },"down": { "uv": [10.5, 13, 11, 15.5], "texture": "#0" }}},{"from": [4, 12, 3],"to": [13, 12, 4],"rotation": { "angle": 45, "axis": "x", "origin": [8, 12, 4] },"faces": {"north": { "uv": [13, 10.5, 9, 11], "texture": "#0" },"east": { "uv": [13, 10.5, 9, 11], "texture": "#0" },"south": { "uv": [13, 10.5, 9, 11], "texture": "#0" },"west": { "uv": [13, 10.5, 9, 11], "texture": "#0" },"up": { "uv": [13, 10.5, 9, 11], "texture": "#0" },"down": { "uv": [13, 10.5, 9, 11], "texture": "#0" }}},{"from": [3, 7, 8],"to": [4, 12, 8],"rotation": { "angle": 0, "axis": "y", "origin": [0, 1, 0] },"faces": {"north": { "uv": [12.5, 13, 13, 15.5], "texture": "#0" },"east": { "uv": [12.5, 13, 13, 15.5], "texture": "#0" },"south": { "uv": [12.5, 13, 13, 15.5], "texture": "#0" },"west": { "uv": [12.5, 13, 13, 15.5], "texture": "#0" },"up": { "uv": [12.5, 13, 13, 15.5], "texture": "#0" },"down": { "uv": [12.5, 13, 13, 15.5], "texture": "#0" }}},{"from": [13, 7, 8],"to": [14, 12, 8],"rotation": { "angle": 0, "axis": "y", "origin": [0, 1, 0] },"faces": {"north": { "uv": [1, 13.5, 1.5, 16], "texture": "#0" },"east": { "uv": [1, 13.5, 1.5, 16], "texture": "#0" },"south": { "uv": [1, 13.5, 1.5, 16], "texture": "#0" },"west": { "uv": [1, 13.5, 1.5, 16], "texture": "#0" },"up": { "uv": [1, 13.5, 1.5, 16], "texture": "#0" },"down": { "uv": [1, 13.5, 1.5, 16], "texture": "#0" }}},{"from": [4, 12, 8],"to": [13, 13, 8],"rotation": { "angle": 0, "axis": "y", "origin": [0, 1, 0] },"faces": {"north": { "uv": [4.5, 11, 8.5, 11.5], "texture": "#0" },"east": { "uv": [4.5, 11, 8.5, 11.5], "texture": "#0" },"south": { "uv": [8.5, 11, 4.5, 11.5], "texture": "#0" },"west": { "uv": [4.5, 11, 8.5, 11.5], "texture": "#0" },"up": { "uv": [4.5, 11, 8.5, 11.5], "texture": "#0" },"down": { "uv": [4.5, 11, 8.5, 11.5], "texture": "#0" }}},{"from": [4, 12, 13],"to": [13, 13, 13],"rotation": { "angle": 45, "axis": "x", "origin": [9, 12, 13] },"faces": {"north": { "uv": [4.5, 12, 8.5, 12.5], "texture": "#0" },"east": { "uv": [4.5, 12, 8.5, 12.5], "texture": "#0" },"south": { "uv": [8.5, 12, 4.5, 12.5], "texture": "#0" },"west": { "uv": [4.5, 12, 8.5, 12.5], "texture": "#0" },"up": { "uv": [4.5, 12, 8.5, 12.5], "texture": "#0" },"down": { "uv": [4.5, 12, 8.5, 12.5], "texture": "#0" }}},{"from": [3, 11, 5.25],"to": [4, 11, 7.25],"rotation": { "angle": 0, "axis": "y", "origin": [0, 1, 0] },"faces": {"north": { "uv": [4.5, 14.5, 4, 13.5], "texture": "#0" },"east": { "uv": [4.5, 14.5, 4, 13.5], "texture": "#0" },"south": { "uv": [4.5, 14.5, 4, 13.5], "texture": "#0" },"west": { "uv": [4.5, 14.5, 4, 13.5], "texture": "#0" },"up": { "uv": [4.5, 14.5, 4, 13.5], "texture": "#0" },"down": { "uv": [4.5, 14.5, 4, 13.5], "texture": "#0" }}},{"from": [13, 11, 5.25],"to": [14, 11, 7.25],"rotation": { "angle": 0, "axis": "y", "origin": [0, 1, 0] },"faces": {"north": { "uv": [14, 15, 13.5, 14], "texture": "#0" },"east": { "uv": [14, 15, 13.5, 14], "texture": "#0" },"south": { "uv": [14, 15, 13.5, 14], "texture": "#0" },"west": { "uv": [14, 15, 13.5, 14], "texture": "#0" },"up": { "uv": [14, 15, 13.5, 14], "texture": "#0" },"down": { "uv": [13.5, 15, 14, 14], "texture": "#0" }}},{"from": [15.60858, 5.25, 3.14142],"to": [15.85858, 5.5, 3.39142],"rotation": {"angle": -45,"axis": "y","origin": [15.10858, 6.75, 4.14142]},"faces": {"north": { "uv": [15, 9.5, 15.5, 10], "texture": "#0" },"east": { "uv": [15, 10, 15.5, 10.5], "texture": "#0" },"south": { "uv": [15, 10.5, 15.5, 11], "texture": "#0" },"west": { "uv": [15, 11, 15.5, 11.5], "texture": "#0" },"up": { "uv": [15.5, 12, 15, 11.5], "texture": "#0" },"down": { "uv": [15.5, 12, 15, 12.5], "texture": "#0" }}},{"from": [15.21464, 5.25, 3.18536],"to": [15.46464, 5.5, 3.43536],"rotation": {"angle": -45,"axis": "y","origin": [15.21464, 6.75, 4.03536]},"faces": {"north": { "uv": [15, 12.5, 15.5, 13], "texture": "#0" },"east": { "uv": [15, 13, 15.5, 13.5], "texture": "#0" },"south": { "uv": [13.5, 15, 14, 15.5], "texture": "#0" },"west": { "uv": [15, 13.5, 15.5, 14], "texture": "#0" },"up": { "uv": [14.5, 15.5, 14, 15], "texture": "#0" },"down": { "uv": [15.5, 14, 15, 14.5], "texture": "#0" }}},{"from": [15, 5.25, 3.75],"to": [15.25, 5.75, 4],"rotation": {"angle": -45,"axis": "y","origin": [15.25, 6.75, 4]},"faces": {"north": { "uv": [14.5, 15, 15, 15.5], "texture": "#0" },"east": { "uv": [15, 14.5, 15.5, 15], "texture": "#0" },"south": { "uv": [15, 15, 15.5, 15.5], "texture": "#0" },"west": { "uv": [15.5, 0, 16, 0.5], "texture": "#0" },"up": { "uv": [16, 1, 15.5, 0.5], "texture": "#0" },"down": { "uv": [16, 1, 15.5, 1.5], "texture": "#0" }}},{"from": [16, 5.25, 3.75],"to": [16.25, 5.75, 4],"rotation": {"angle": -45,"axis": "y","origin": [15.25, 6.75, 4]},"faces": {"north": { "uv": [15.5, 1.5, 16, 2], "texture": "#0" },"east": { "uv": [15.5, 2, 16, 2.5], "texture": "#0" },"south": { "uv": [15.5, 2.5, 16, 3], "texture": "#0" },"west": { "uv": [3, 15.5, 3.5, 16], "texture": "#0" },"up": { "uv": [16, 3.5, 15.5, 3], "texture": "#0" },"down": { "uv": [4, 15.5, 3.5, 16], "texture": "#0" }}},{"from": [15.25, 5.25, 3.45],"to": [16, 6, 4],"rotation": {"angle": -45,"axis": "y","origin": [15.25, 6.75, 4]},"faces": {"north": { "uv": [0, 6.5, 1.5, 8], "texture": "#0" },"east": { "uv": [2.5, 7.5, 3.5, 9], "texture": "#0" },"south": { "uv": [0, 5, 1.5, 6.5], "texture": "#0" },"west": { "uv": [1.5, 7.5, 2.5, 9], "texture": "#0" },"up": { "uv": [3, 7.5, 1.5, 6.5], "texture": "#0" },"down": { "uv": [1.5, 8, 0, 9], "texture": "#0" }}},{"from": [15.75, 6.75, 3.75],"to": [16, 7, 3.75],"rotation": {"angle": -45,"axis": "y","origin": [15.25, 6.75, 4]},"faces": {"north": { "uv": [15.5, 5, 16, 5.5], "texture": "#0" },"east": { "uv": [0, 0, 0, 0.5], "texture": "#0" },"south": { "uv": [5.5, 15.5, 6, 16], "texture": "#0" },"west": { "uv": [0, 0, 0, 0.5], "texture": "#0" },"up": { "uv": [0.5, 0, 0, 0], "texture": "#0" },"down": { "uv": [0.5, 0, 0, 0], "texture": "#0" }}},{"from": [15.75, 7, 3.75],"to": [16, 7.25, 3.75],"rotation": {"angle": -45,"axis": "y","origin": [15.25, 6.75, 4]},"faces": {"north": { "uv": [15.5, 5.5, 16, 6], "texture": "#0" },"east": { "uv": [0, 0, 0, 0.5], "texture": "#0" },"south": { "uv": [6, 15.5, 6.5, 16], "texture": "#0" },"west": { "uv": [0, 0, 0, 0.5], "texture": "#0" },"up": { "uv": [0.5, 0, 0, 0], "texture": "#0" },"down": { "uv": [0.5, 0, 0, 0], "texture": "#0" }}},{"from": [15.25, 6, 3.75],"to": [16, 6.75, 3.75],"rotation": {"angle": -45,"axis": "y","origin": [15.25, 6.75, 4]},"faces": {"north": { "uv": [1.5, 5, 3, 6.5], "texture": "#0" },"east": { "uv": [0, 0, 0, 0.5], "texture": "#0" },"south": { "uv": [7, 14.5, 8.5, 16], "texture": "#0" },"west": { "uv": [0, 0, 0, 0.5], "texture": "#0" },"up": { "uv": [0.5, 0, 0, 0], "texture": "#0" },"down": { "uv": [0.5, 0, 0, 0], "texture": "#0" }}},{"from": [3.75, 7, 3.75],"to": [13.25, 8, 3.75],"faces": {"north": { "uv": [10.5, 0, 15.5, 0.5], "texture": "#0" },"east": { "uv": [10.5, 0, 15.5, 0.5], "texture": "#0" },"south": { "uv": [10.5, 0, 15.5, 0.5], "texture": "#0" },"west": { "uv": [10.5, 0, 15.5, 0.5], "texture": "#0" },"up": { "uv": [10.5, 0, 15.5, 0.5], "texture": "#0" },"down": { "uv": [10.5, 0, 15.5, 0.5], "texture": "#0" }}},{"from": [3.75, 7, 13.25],"to": [13.25, 8, 13.25],"faces": {"north": { "uv": [10.5, 1.5, 15.5, 2], "texture": "#0" },"east": { "uv": [10.5, 1.5, 15.5, 2], "texture": "#0" },"south": { "uv": [10.5, 1.5, 15.5, 2], "texture": "#0" },"west": { "uv": [10.5, 1.5, 15.5, 2], "texture": "#0" },"up": { "uv": [10.5, 1.5, 15.5, 2], "texture": "#0" },"down": { "uv": [10.5, 1.5, 15.5, 2], "texture": "#0" }}},{"from": [13.249, 7, 3.751],"to": [13.249, 8, 13.251],"rotation": {"angle": 0,"axis": "y","origin": [12.999, 7, 13.251]},"faces": {"north": { "uv": [10.5, 2, 15.5, 2.5], "texture": "#0" },"east": { "uv": [10.5, 2, 15.5, 2.5], "texture": "#0" },"south": { "uv": [10.5, 2, 15.5, 2.5], "texture": "#0" },"west": { "uv": [10.5, 2, 15.5, 2.5], "texture": "#0" },"up": { "uv": [10.5, 2, 15.5, 2.5], "texture": "#0" },"down": { "uv": [10.5, 2, 15.5, 2.5], "texture": "#0" }}},{"from": [3.749, 7, 3.751],"to": [3.749, 8, 13.251],"rotation": {"angle": 0,"axis": "y","origin": [12.999, 7, 13.251]},"faces": {"north": { "uv": [10.5, 3.5, 15.5, 4], "texture": "#0" },"east": { "uv": [10.5, 3.5, 15.5, 4], "texture": "#0" },"south": { "uv": [10.5, 3.5, 15.5, 4], "texture": "#0" },"west": { "uv": [10.5, 3.5, 15.5, 4], "texture": "#0" },"up": { "uv": [10.5, 3.5, 15.5, 4], "texture": "#0" },"down": { "uv": [10.5, 3.5, 15.5, 4], "texture": "#0" }}}],"display": {"thirdperson_righthand": {"translation": [-0.25, 0, -1],"scale": [0.57, 0.57, 0.57]},"thirdperson_lefthand": {"translation": [-0.25, 0, -1],"scale": [0.57, 0.57, 0.57]},"firstperson_righthand": {"translation": [1.5, 1.5, 0]},"firstperson_lefthand": {"translation": [1.5, 1.5, 0]},"ground": {"scale": [0.72, 0.72, 0.72]},"gui": {"rotation": [18, -180, 0],"translation": [0.5, 0, 0],"scale": [0.96, 1.13, 1]},"head": {"rotation": [-5, 0, 0],"translation": [-0.75, 3.25, -0.75],"scale": [1.62, 1.69, 1.68]},"fixed": {"rotation": [-89, 0, 0],"translation": [0, 0, -3]}},"groups": [{"name": "bottom","origin": [0, 0, 0],"color": 0,"children": [0, 1, 2, 3, 4, 5, 6, 7, 8, 9, 10, 11, 12, 13, 14, 15, 16, 17,18, 19, 20, 21, 22, 23, 24, 25, 26, 27, 28, 29, 30, 31, 32, 33,34, 35, 36, 37, 38, 39, 40, 41, 42, 43]}]}