{"credit": "Made with Blockbench","texture_size": [64, 64],"textures": {"0": "minecraft:item/tristenlosey/ravager_hat","particle": "minecraft:item/tristenlosey/ravager_hat"},"elements": [{"from": [13, 7, 4],"to": [13, 11, 13],"faces": {"north": { "uv": [0, 0, 0, 1], "texture": "#0" },"east": { "uv": [2.25, 0, 4.5, 1], "texture": "#0" },"south": { "uv": [0, 0, 0, 1], "texture": "#0" },"west": { "uv": [2.25, 1, 4.5, 2], "texture": "#0" },"up": { "uv": [0, 2.25, 0, 0], "texture": "#0" },"down": { "uv": [0, 0, 0, 2.25], "texture": "#0" }}},{"from": [12.5, 2, 4],"to": [12.5, 8, 13],"faces": {"north": { "uv": [0, 0, 0, 1], "texture": "#0" },"east": { "uv": [2.25, 9.25, 4.5, 10.75], "texture": "#0" },"south": { "uv": [0, 0, 0, 1], "texture": "#0" },"west": { "uv": [0, 9.5, 2.25, 11], "texture": "#0" },"up": { "uv": [0, 2.25, 0, 0], "texture": "#0" },"down": { "uv": [0, 0, 0, 2.25], "texture": "#0" }}},{"from": [13.25, 7, 3.75],"to": [13.25, 9, 13.25],"faces": {"north": { "uv": [0, 0, 0, 0.5], "texture": "#0" },"east": { "uv": [5.5, 4.25, 8, 4.75], "texture": "#0" },"south": { "uv": [0, 0, 0, 0.5], "texture": "#0" },"west": { "uv": [5.5, 4.25, 8, 4.75], "texture": "#0" },"up": { "uv": [0, 2.5, 0, 0], "texture": "#0" },"down": { "uv": [0, 0, 0, 2.5], "texture": "#0" }}},{"from": [4, 7, 4],"to": [4, 11, 13],"faces": {"north": { "uv": [0, 0, 0, 1], "texture": "#0" },"east": { "uv": [2.25, 2, 4.5, 3], "texture": "#0" },"south": { "uv": [0, 0, 0, 1], "texture": "#0" },"west": { "uv": [2.25, 3, 4.5, 4], "texture": "#0" },"up": { "uv": [0, 2.25, 0, 0], "texture": "#0" },"down": { "uv": [0, 0, 0, 2.25], "texture": "#0" }}},{"from": [4.5, 2, 4],"to": [4.5, 8, 13],"faces": {"north": { "uv": [0, 0, 0, 1], "texture": "#0" },"east": { "uv": [13.75, 9.5, 16, 11], "texture": "#0" },"south": { "uv": [0, 0, 0, 1], "texture": "#0" },"west": { "uv": [11.5, 9.5, 13.75, 11], "texture": "#0" },"up": { "uv": [0, 2.25, 0, 0], "texture": "#0" },"down": { "uv": [0, 0, 0, 2.25], "texture": "#0" }}},{"from": [3.75, 7.25, 3.75],"to": [3.75, 9, 13.25],"faces": {"north": { "uv": [0, 0, 0, 0.5], "texture": "#0" },"east": { "uv": [6.25, 5.75, 8.75, 6.25], "texture": "#0" },"south": { "uv": [0, 0, 0, 0.5], "texture": "#0" },"west": { "uv": [3.75, 5.75, 6.25, 6.25], "texture": "#0" },"up": { "uv": [0, 2.5, 0, 0], "texture": "#0" },"down": { "uv": [0, 0, 0, 2.5], "texture": "#0" }}},{"from": [4, 7, 13],"to": [13, 11, 13],"faces": {"north": { "uv": [2.25, 4, 4.5, 5], "texture": "#0" },"east": { "uv": [0, 0, 0, 1], "texture": "#0" },"south": { "uv": [0, 4.5, 2.25, 5.5], "texture": "#0" },"west": { "uv": [0, 0, 0, 1], "texture": "#0" },"up": { "uv": [2.25, 0, 0, 0], "texture": "#0" },"down": { "uv": [2.25, 0, 0, 0], "texture": "#0" }}},{"from": [3.75, 7, 13.25],"to": [13.25, 9, 13.25],"faces": {"north": { "uv": [3.75, 5.75, 6.25, 6.25], "texture": "#0" },"east": { "uv": [0, 0, 0, 0.5], "texture": "#0" },"south": { "uv": [6.25, 5.75, 8.75, 6.25], "texture": "#0" },"west": { "uv": [0, 0, 0, 0.5], "texture": "#0" },"up": { "uv": [2.5, 0, 0, 0], "texture": "#0" },"down": { "uv": [2.5, 0, 0, 0], "texture": "#0" }}},{"from": [4, 7, 4],"to": [13, 11, 4],"faces": {"north": { "uv": [4.5, 0, 6.75, 1], "texture": "#0" },"east": { "uv": [0, 0, 0, 1], "texture": "#0" },"south": { "uv": [4.5, 1, 6.75, 2], "texture": "#0" },"west": { "uv": [0, 0, 0, 1], "texture": "#0" },"up": { "uv": [2.25, 0, 0, 0], "texture": "#0" },"down": { "uv": [2.25, 0, 0, 0], "texture": "#0" }}},{"from": [3.75, 7, 3.75],"to": [13.25, 9, 3.75],"faces": {"north": { "uv": [6.25, 6.25, 8.75, 6.75], "texture": "#0" },"east": { "uv": [0, 0, 0, 0.5], "texture": "#0" },"south": { "uv": [6.25, 6.25, 8.75, 6.75], "texture": "#0" },"west": { "uv": [0, 0, 0, 0.5], "texture": "#0" },"up": { "uv": [2.5, 0, 0, 0], "texture": "#0" },"down": { "uv": [2.5, 0, 0, 0], "texture": "#0" }}},{"from": [4, 11, 4],"to": [13, 11, 13],"faces": {"north": { "uv": [0, 0, 2.25, 0], "texture": "#0" },"east": { "uv": [0, 0, 2.25, 0], "texture": "#0" },"south": { "uv": [0, 0, 2.25, 0], "texture": "#0" },"west": { "uv": [0, 0, 2.25, 0], "texture": "#0" },"up": { "uv": [2.25, 2.25, 0, 0], "texture": "#0" },"down": { "uv": [2.25, 2.25, 0, 4.5], "texture": "#0" }}},{"from": [13, 7, 4],"to": [16, 7, 13],"faces": {"north": { "uv": [0, 0, 0.75, 0], "texture": "#0" },"east": { "uv": [0, 0, 2.25, 0], "texture": "#0" },"south": { "uv": [0, 0, 0.75, 0], "texture": "#0" },"west": { "uv": [0, 0, 2.25, 0], "texture": "#0" },"up": { "uv": [3, 7.25, 2.25, 5], "texture": "#0" },"down": { "uv": [3.75, 5, 3, 7.25], "texture": "#0" }}},{"from": [2, 7, 1],"to": [4, 7, 16],"rotation": { "angle": -45, "axis": "z", "origin": [4, 7, 8] },"faces": {"north": { "uv": [0, 0, 0.5, 0], "texture": "#0" },"east": { "uv": [0, 0, 3.75, 0], "texture": "#0" },"south": { "uv": [0, 0, 0.5, 0], "texture": "#0" },"west": { "uv": [0, 0, 3.75, 0], "texture": "#0" },"up": { "uv": [5, 5.75, 4.5, 2], "texture": "#0" },"down": { "uv": [5.5, 2, 5, 5.75], "texture": "#0" }}},{"from": [2, 7, 0],"to": [4, 7, 1],"rotation": { "angle": -45, "axis": "z", "origin": [4, 7, 8] },"faces": {"north": { "uv": [0, 0, 0.5, 0], "texture": "#0" },"east": { "uv": [0, 0, 0.25, 0], "texture": "#0" },"south": { "uv": [0, 0, 0.5, 0], "texture": "#0" },"west": { "uv": [0, 0, 0.25, 0], "texture": "#0" },"up": { "uv": [1.75, 7.25, 1.25, 7], "texture": "#0" },"down": { "uv": [2.25, 7, 1.75, 7.25], "texture": "#0" }}},{"from": [2, 7, 16],"to": [4, 7, 17],"rotation": { "angle": -45, "axis": "z", "origin": [4, 7, 8] },"faces": {"north": { "uv": [0, 0, 0.5, 0], "texture": "#0" },"east": { "uv": [0, 0, 0.25, 0], "texture": "#0" },"south": { "uv": [0, 0, 0.5, 0], "texture": "#0" },"west": { "uv": [0, 0, 0.25, 0], "texture": "#0" },"up": { "uv": [5, 7.5, 4.5, 7.25], "texture": "#0" },"down": { "uv": [5.5, 7.25, 5, 7.5], "texture": "#0" }}},{"from": [2.53914, 9.4053, 1],"to": [2.53914, 10.4053, 16],"rotation": {"angle": 22.5,"axis": "z","origin": [2.53914, 8.52662, 8]},"faces": {"north": { "uv": [0, 0, 0, 0.25], "texture": "#0" },"east": { "uv": [6.75, 1, 10.5, 1.25], "texture": "#0" },"south": { "uv": [0, 0, 0, 0.25], "texture": "#0" },"west": { "uv": [6.75, 1.25, 10.5, 1.5], "texture": "#0" },"up": { "uv": [0, 3.75, 0, 0], "texture": "#0" },"down": { "uv": [0, 0, 0, 3.75], "texture": "#0" }}},{"from": [2.53914, 8.4053, 0],"to": [2.53914, 9.4053, 17],"rotation": {"angle": 22.5,"axis": "z","origin": [2.53914, 8.52662, 8]},"faces": {"north": { "uv": [0, 0, 0, 0.25], "texture": "#0" },"east": { "uv": [6.75, 0.5, 11, 0.75], "texture": "#0" },"south": { "uv": [0, 0, 0, 0.25], "texture": "#0" },"west": { "uv": [6.75, 0.75, 11, 1], "texture": "#0" },"up": { "uv": [0, 4.25, 0, 0], "texture": "#0" },"down": { "uv": [0, 0, 0, 4.25], "texture": "#0" }}},{"from": [2.53914, 10.4053, 2],"to": [2.53914, 11.4053, 15],"rotation": {"angle": 22.5,"axis": "z","origin": [2.53914, 8.52662, 8]},"faces": {"north": { "uv": [0, 0, 0, 0.25], "texture": "#0" },"east": { "uv": [6.75, 1.5, 10, 1.75], "texture": "#0" },"south": { "uv": [0, 0, 0, 0.25], "texture": "#0" },"west": { "uv": [6.75, 1.75, 10, 2], "texture": "#0" },"up": { "uv": [0, 3.25, 0, 0], "texture": "#0" },"down": { "uv": [0, 0, 0, 3.25], "texture": "#0" }}},{"from": [4, 7, 1],"to": [13, 7, 4],"faces": {"north": { "uv": [0, 0, 2.25, 0], "texture": "#0" },"east": { "uv": [0, 0, 0.75, 0], "texture": "#0" },"south": { "uv": [0, 0, 2.25, 0], "texture": "#0" },"west": { "uv": [0, 0, 0.75, 0], "texture": "#0" },"up": { "uv": [2.25, 6.25, 0, 5.5], "texture": "#0" },"down": { "uv": [7.75, 2, 5.5, 2.75], "texture": "#0" }}},{"from": [4, 7, 13],"to": [13, 7, 16],"faces": {"north": { "uv": [0, 0, 2.25, 0], "texture": "#0" },"east": { "uv": [0, 0, 0.75, 0], "texture": "#0" },"south": { "uv": [0, 0, 2.25, 0], "texture": "#0" },"west": { "uv": [0, 0, 0.75, 0], "texture": "#0" },"up": { "uv": [7.75, 3.5, 5.5, 2.75], "texture": "#0" },"down": { "uv": [7.75, 3.5, 5.5, 4.25], "texture": "#0" }}},{"from": [13, 7, 2],"to": [15, 7, 4],"faces": {"north": { "uv": [0, 0, 0.5, 0], "texture": "#0" },"east": { "uv": [0, 0, 0.5, 0], "texture": "#0" },"south": { "uv": [0, 0, 0.5, 0], "texture": "#0" },"west": { "uv": [0, 0, 0.5, 0], "texture": "#0" },"up": { "uv": [4.25, 5.5, 3.75, 5], "texture": "#0" },"down": { "uv": [1, 6.25, 0.5, 6.75], "texture": "#0" }}},{"from": [13, 7, 13],"to": [15, 7, 15],"faces": {"north": { "uv": [0, 0, 0.5, 0], "texture": "#0" },"east": { "uv": [0, 0, 0.5, 0], "texture": "#0" },"south": { "uv": [0, 0, 0.5, 0], "texture": "#0" },"west": { "uv": [0, 0, 0.5, 0], "texture": "#0" },"up": { "uv": [1.5, 6.75, 1, 6.25], "texture": "#0" },"down": { "uv": [2, 6.25, 1.5, 6.75], "texture": "#0" }}},{"from": [13, 7, 15],"to": [16, 7, 16],"faces": {"north": { "uv": [0, 0, 0.75, 0], "texture": "#0" },"east": { "uv": [0, 0, 0.25, 0], "texture": "#0" },"south": { "uv": [0, 0, 0.75, 0], "texture": "#0" },"west": { "uv": [0, 0, 0.25, 0], "texture": "#0" },"up": { "uv": [4.5, 5.75, 3.75, 5.5], "texture": "#0" },"down": { "uv": [1.25, 6.75, 0.5, 7], "texture": "#0" }}},{"from": [15, 7, 13],"to": [16, 7, 15],"faces": {"north": { "uv": [0, 0, 0.25, 0], "texture": "#0" },"east": { "uv": [0, 0, 0.5, 0], "texture": "#0" },"south": { "uv": [0, 0, 0.25, 0], "texture": "#0" },"west": { "uv": [0, 0, 0.5, 0], "texture": "#0" },"up": { "uv": [4.5, 5.5, 4.25, 5], "texture": "#0" },"down": { "uv": [2.25, 6.25, 2, 6.75], "texture": "#0" }}},{"from": [15, 7, 2],"to": [16, 7, 4],"faces": {"north": { "uv": [0, 0, 0.25, 0], "texture": "#0" },"east": { "uv": [0, 0, 0.5, 0], "texture": "#0" },"south": { "uv": [0, 0, 0.25, 0], "texture": "#0" },"west": { "uv": [0, 0, 0.5, 0], "texture": "#0" },"up": { "uv": [5.75, 7.75, 5.5, 7.25], "texture": "#0" },"down": { "uv": [6, 7.25, 5.75, 7.75], "texture": "#0" }}},{"from": [13, 7, 1],"to": [16, 7, 2],"faces": {"north": { "uv": [0, 0, 0.75, 0], "texture": "#0" },"east": { "uv": [0, 0, 0.25, 0], "texture": "#0" },"south": { "uv": [0, 0, 0.75, 0], "texture": "#0" },"west": { "uv": [0, 0, 0.25, 0], "texture": "#0" },"up": { "uv": [2, 7, 1.25, 6.75], "texture": "#0" },"down": { "uv": [1.25, 7, 0.5, 7.25], "texture": "#0" }}},{"from": [16, 7, 2],"to": [17, 7, 15],"faces": {"north": { "uv": [0, 0, 0.25, 0], "texture": "#0" },"east": { "uv": [0, 0, 3.25, 0], "texture": "#0" },"south": { "uv": [0, 0, 0.25, 0], "texture": "#0" },"west": { "uv": [0, 0, 3.25, 0], "texture": "#0" },"up": { "uv": [0.25, 9.5, 0, 6.25], "texture": "#0" },"down": { "uv": [0.5, 6.25, 0.25, 9.5], "texture": "#0" }}},{"from": [4, 7, 16],"to": [15, 7, 17],"faces": {"north": { "uv": [0, 0, 2.75, 0], "texture": "#0" },"east": { "uv": [0, 0, 0.25, 0], "texture": "#0" },"south": { "uv": [0, 0, 2.75, 0], "texture": "#0" },"west": { "uv": [0, 0, 0.25, 0], "texture": "#0" },"up": { "uv": [6.5, 7, 3.75, 6.75], "texture": "#0" },"down": { "uv": [9.25, 6.75, 6.5, 7], "texture": "#0" }}},{"from": [4, 7, 0],"to": [15, 7, 1],"faces": {"north": { "uv": [0, 0, 2.75, 0], "texture": "#0" },"east": { "uv": [0, 0, 0.25, 0], "texture": "#0" },"south": { "uv": [0, 0, 2.75, 0], "texture": "#0" },"west": { "uv": [0, 0, 0.25, 0], "texture": "#0" },"up": { "uv": [6.5, 7.25, 3.75, 7], "texture": "#0" },"down": { "uv": [9.25, 7, 6.5, 7.25], "texture": "#0" }}},{"from": [4, 7, -1],"to": [12, 7, 0],"faces": {"north": { "uv": [0, 0, 2, 0], "texture": "#0" },"east": { "uv": [0, 0, 0.25, 0], "texture": "#0" },"south": { "uv": [0, 0, 2, 0], "texture": "#0" },"west": { "uv": [0, 0, 0.25, 0], "texture": "#0" },"up": { "uv": [2.5, 7.5, 0.5, 7.25], "texture": "#0" },"down": { "uv": [4.5, 7.25, 2.5, 7.5], "texture": "#0" }}},{"from": [12.75, 6, 0.75],"to": [13, 6.25, 0.75],"faces": {"north": { "uv": [2, 6.75, 2.25, 7], "texture": "#0" },"east": { "uv": [2, 6.75, 2.25, 7], "texture": "#0" },"south": { "uv": [2, 6.75, 2.25, 7], "texture": "#0" },"west": { "uv": [2, 6.75, 2.25, 7], "texture": "#0" },"up": { "uv": [2, 6.75, 2.25, 7], "texture": "#0" },"down": { "uv": [2, 6.75, 2.25, 7], "texture": "#0" }}},{"from": [12.75, 6.25, 0.75],"to": [13, 6.5, 0.75],"faces": {"north": { "uv": [6.25, 7.25, 6.5, 7.5], "texture": "#0" },"east": { "uv": [6.25, 7.25, 6.5, 7.5], "texture": "#0" },"south": { "uv": [6.25, 7.25, 6.5, 7.5], "texture": "#0" },"west": { "uv": [6.25, 7.25, 6.5, 7.5], "texture": "#0" },"up": { "uv": [6.25, 7.25, 6.5, 7.5], "texture": "#0" },"down": { "uv": [6.25, 7.25, 6.5, 7.5], "texture": "#0" }}},{"from": [12.5, 5, 0.75],"to": [12.75, 5.25, 0.75],"faces": {"north": { "uv": [6.75, 7.25, 7, 7.5], "texture": "#0" },"east": { "uv": [6.75, 7.25, 7, 7.5], "texture": "#0" },"south": { "uv": [6.75, 7.25, 7, 7.5], "texture": "#0" },"west": { "uv": [6.75, 7.25, 7, 7.5], "texture": "#0" },"up": { "uv": [6.75, 7.25, 7, 7.5], "texture": "#0" },"down": { "uv": [6.75, 7.25, 7, 7.5], "texture": "#0" }}},{"from": [12.75, 5.5, 0.75],"to": [13, 5.75, 0.75],"faces": {"north": { "uv": [7.25, 7.25, 7.5, 7.5], "texture": "#0" },"east": { "uv": [7.25, 7.25, 7.5, 7.5], "texture": "#0" },"south": { "uv": [7.25, 7.25, 7.5, 7.5], "texture": "#0" },"west": { "uv": [7.25, 7.25, 7.5, 7.5], "texture": "#0" },"up": { "uv": [7.25, 7.25, 7.5, 7.5], "texture": "#0" },"down": { "uv": [7.25, 7.25, 7.5, 7.5], "texture": "#0" }}},{"from": [12.75, 5.25, 0.75],"to": [13, 5.5, 0.75],"faces": {"north": { "uv": [0.75, 7.5, 1, 7.75], "texture": "#0" },"east": { "uv": [0.75, 7.5, 1, 7.75], "texture": "#0" },"south": { "uv": [0.75, 7.5, 1, 7.75], "texture": "#0" },"west": { "uv": [0.75, 7.5, 1, 7.75], "texture": "#0" },"up": { "uv": [0.75, 7.5, 1, 7.75], "texture": "#0" },"down": { "uv": [0.75, 7.5, 1, 7.75], "texture": "#0" }}},{"from": [12.75, 4.5, 0.75],"to": [13, 4.75, 0.75],"faces": {"north": { "uv": [1.25, 7.5, 1.5, 7.75], "texture": "#0" },"east": { "uv": [1.25, 7.5, 1.5, 7.75], "texture": "#0" },"south": { "uv": [1.25, 7.5, 1.5, 7.75], "texture": "#0" },"west": { "uv": [1.25, 7.5, 1.5, 7.75], "texture": "#0" },"up": { "uv": [1.25, 7.5, 1.5, 7.75], "texture": "#0" },"down": { "uv": [1.25, 7.5, 1.5, 7.75], "texture": "#0" }}},{"from": [12.75, 4.75, 0.75],"to": [13, 5, 0.75],"faces": {"north": { "uv": [1.75, 7.5, 2, 7.75], "texture": "#0" },"east": { "uv": [1.75, 7.5, 2, 7.75], "texture": "#0" },"south": { "uv": [1.75, 7.5, 2, 7.75], "texture": "#0" },"west": { "uv": [1.75, 7.5, 2, 7.75], "texture": "#0" },"up": { "uv": [1.75, 7.5, 2, 7.75], "texture": "#0" },"down": { "uv": [1.75, 7.5, 2, 7.75], "texture": "#0" }}},{"from": [12.25, 6.25, 0.75],"to": [12.5, 6.5, 0.75],"faces": {"north": { "uv": [2.25, 7.5, 2.5, 7.75], "texture": "#0" },"east": { "uv": [2.25, 7.5, 2.5, 7.75], "texture": "#0" },"south": { "uv": [2.25, 7.5, 2.5, 7.75], "texture": "#0" },"west": { "uv": [2.25, 7.5, 2.5, 7.75], "texture": "#0" },"up": { "uv": [2.25, 7.5, 2.5, 7.75], "texture": "#0" },"down": { "uv": [2.25, 7.5, 2.5, 7.75], "texture": "#0" }}},{"from": [12.5, 6.5, 0.75],"to": [12.75, 6.75, 0.75],"faces": {"north": { "uv": [2.75, 7.5, 3, 7.75], "texture": "#0" },"east": { "uv": [2.75, 7.5, 3, 7.75], "texture": "#0" },"south": { "uv": [2.75, 7.5, 3, 7.75], "texture": "#0" },"west": { "uv": [2.75, 7.5, 3, 7.75], "texture": "#0" },"up": { "uv": [2.75, 7.5, 3, 7.75], "texture": "#0" },"down": { "uv": [2.75, 7.5, 3, 7.75], "texture": "#0" }}},{"from": [12.25, 6.75, 0.75],"to": [12.5, 7, 0.75],"faces": {"north": { "uv": [3.25, 7.5, 3.5, 7.75], "texture": "#0" },"east": { "uv": [3.25, 7.5, 3.5, 7.75], "texture": "#0" },"south": { "uv": [3.25, 7.5, 3.5, 7.75], "texture": "#0" },"west": { "uv": [3.25, 7.5, 3.5, 7.75], "texture": "#0" },"up": { "uv": [3.25, 7.5, 3.5, 7.75], "texture": "#0" },"down": { "uv": [3.25, 7.5, 3.5, 7.75], "texture": "#0" }}},{"from": [12.75, 6.75, 0.75],"to": [13, 7, 0.75],"faces": {"north": { "uv": [3.75, 7.5, 4, 7.75], "texture": "#0" },"east": { "uv": [3.75, 7.5, 4, 7.75], "texture": "#0" },"south": { "uv": [3.75, 7.5, 4, 7.75], "texture": "#0" },"west": { "uv": [3.75, 7.5, 4, 7.75], "texture": "#0" },"up": { "uv": [3.75, 7.5, 4, 7.75], "texture": "#0" },"down": { "uv": [3.75, 7.5, 4, 7.75], "texture": "#0" }}},{"from": [12.25, 6, 0.75],"to": [12.5, 6.25, 0.75],"faces": {"north": { "uv": [4.25, 7.5, 4.5, 7.75], "texture": "#0" },"east": { "uv": [4.25, 7.5, 4.5, 7.75], "texture": "#0" },"south": { "uv": [4.25, 7.5, 4.5, 7.75], "texture": "#0" },"west": { "uv": [4.25, 7.5, 4.5, 7.75], "texture": "#0" },"up": { "uv": [4.25, 7.5, 4.5, 7.75], "texture": "#0" },"down": { "uv": [4.25, 7.5, 4.5, 7.75], "texture": "#0" }}},{"from": [12.5, 5.75, 0.75],"to": [12.75, 6, 0.75],"faces": {"north": { "uv": [4.75, 7.5, 5, 7.75], "texture": "#0" },"east": { "uv": [4.75, 7.5, 5, 7.75], "texture": "#0" },"south": { "uv": [4.75, 7.5, 5, 7.75], "texture": "#0" },"west": { "uv": [4.75, 7.5, 5, 7.75], "texture": "#0" },"up": { "uv": [4.75, 7.5, 5, 7.75], "texture": "#0" },"down": { "uv": [4.75, 7.5, 5, 7.75], "texture": "#0" }}},{"from": [12.25, 5.5, 0.75],"to": [12.5, 5.75, 0.75],"faces": {"north": { "uv": [5.25, 7.5, 5.5, 7.75], "texture": "#0" },"east": { "uv": [5.25, 7.5, 5.5, 7.75], "texture": "#0" },"south": { "uv": [5.25, 7.5, 5.5, 7.75], "texture": "#0" },"west": { "uv": [5.25, 7.5, 5.5, 7.75], "texture": "#0" },"up": { "uv": [5.25, 7.5, 5.5, 7.75], "texture": "#0" },"down": { "uv": [5.25, 7.5, 5.5, 7.75], "texture": "#0" }}},{"from": [12.25, 5.25, 0.75],"to": [12.5, 5.5, 0.75],"faces": {"north": { "uv": [6.25, 7.5, 6.5, 7.75], "texture": "#0" },"east": { "uv": [6.25, 7.5, 6.5, 7.75], "texture": "#0" },"south": { "uv": [6.25, 7.5, 6.5, 7.75], "texture": "#0" },"west": { "uv": [6.25, 7.5, 6.5, 7.75], "texture": "#0" },"up": { "uv": [6.25, 7.5, 6.5, 7.75], "texture": "#0" },"down": { "uv": [6.25, 7.5, 6.5, 7.75], "texture": "#0" }}},{"from": [12.25, 4.5, 0.75],"to": [12.5, 4.75, 0.75],"faces": {"north": { "uv": [6.75, 7.5, 7, 7.75], "texture": "#0" },"east": { "uv": [6.75, 7.5, 7, 7.75], "texture": "#0" },"south": { "uv": [6.75, 7.5, 7, 7.75], "texture": "#0" },"west": { "uv": [6.75, 7.5, 7, 7.75], "texture": "#0" },"up": { "uv": [6.75, 7.5, 7, 7.75], "texture": "#0" },"down": { "uv": [6.75, 7.5, 7, 7.75], "texture": "#0" }}},{"from": [12.25, 4.75, 0.75],"to": [12.5, 5, 0.75],"faces": {"north": { "uv": [7.25, 7.5, 7.5, 7.75], "texture": "#0" },"east": { "uv": [7.25, 7.5, 7.5, 7.75], "texture": "#0" },"south": { "uv": [7.25, 7.5, 7.5, 7.75], "texture": "#0" },"west": { "uv": [7.25, 7.5, 7.5, 7.75], "texture": "#0" },"up": { "uv": [7.25, 7.5, 7.5, 7.75], "texture": "#0" },"down": { "uv": [7.25, 7.5, 7.5, 7.75], "texture": "#0" }}},{"from": [15.75, 6.75, 8],"to": [15.75, 7, 8.25],"rotation": { "angle": 0, "axis": "y", "origin": [16, 7, 8] },"faces": {"north": { "uv": [3.75, 7.5, 4, 7.75], "texture": "#0" },"east": { "uv": [3.75, 7.5, 4, 7.75], "texture": "#0" },"south": { "uv": [3.75, 7.5, 4, 7.75], "texture": "#0" },"west": { "uv": [3.75, 7.5, 4, 7.75], "texture": "#0" },"up": {"uv": [3.75, 7.5, 4, 7.75],"rotation": 270,"texture": "#0"},"down": {"uv": [3.75, 7.5, 4, 7.75],"rotation": 90,"texture": "#0"}}},{"from": [15.75, 6.75, 8.5],"to": [15.75, 7, 8.75],"rotation": { "angle": 0, "axis": "y", "origin": [16, 7, 8] },"faces": {"north": { "uv": [3.25, 7.5, 3.5, 7.75], "texture": "#0" },"east": { "uv": [3.25, 7.5, 3.5, 7.75], "texture": "#0" },"south": { "uv": [3.25, 7.5, 3.5, 7.75], "texture": "#0" },"west": { "uv": [3.25, 7.5, 3.5, 7.75], "texture": "#0" },"up": {"uv": [3.25, 7.5, 3.5, 7.75],"rotation": 270,"texture": "#0"},"down": {"uv": [3.25, 7.5, 3.5, 7.75],"rotation": 90,"texture": "#0"}}},{"from": [15.75, 6.5, 8.25],"to": [15.75, 6.75, 8.5],"rotation": { "angle": 0, "axis": "y", "origin": [16, 7, 8] },"faces": {"north": { "uv": [2.75, 7.5, 3, 7.75], "texture": "#0" },"east": { "uv": [2.75, 7.5, 3, 7.75], "texture": "#0" },"south": { "uv": [2.75, 7.5, 3, 7.75], "texture": "#0" },"west": { "uv": [2.75, 7.5, 3, 7.75], "texture": "#0" },"up": {"uv": [2.75, 7.5, 3, 7.75],"rotation": 270,"texture": "#0"},"down": {"uv": [2.75, 7.5, 3, 7.75],"rotation": 90,"texture": "#0"}}},{"from": [15.75, 6.25, 8],"to": [15.75, 6.5, 8.25],"rotation": { "angle": 0, "axis": "y", "origin": [16, 7, 8] },"faces": {"north": { "uv": [6.25, 7.25, 6.5, 7.5], "texture": "#0" },"east": { "uv": [6.25, 7.25, 6.5, 7.5], "texture": "#0" },"south": { "uv": [6.25, 7.25, 6.5, 7.5], "texture": "#0" },"west": { "uv": [6.25, 7.25, 6.5, 7.5], "texture": "#0" },"up": {"uv": [6.25, 7.25, 6.5, 7.5],"rotation": 270,"texture": "#0"},"down": {"uv": [6.25, 7.25, 6.5, 7.5],"rotation": 90,"texture": "#0"}}},{"from": [15.75, 6.25, 8.5],"to": [15.75, 6.5, 8.75],"rotation": { "angle": 0, "axis": "y", "origin": [16, 7, 8] },"faces": {"north": { "uv": [2.25, 7.5, 2.5, 7.75], "texture": "#0" },"east": { "uv": [2.25, 7.5, 2.5, 7.75], "texture": "#0" },"south": { "uv": [2.25, 7.5, 2.5, 7.75], "texture": "#0" },"west": { "uv": [2.25, 7.5, 2.5, 7.75], "texture": "#0" },"up": {"uv": [2.25, 7.5, 2.5, 7.75],"rotation": 270,"texture": "#0"},"down": {"uv": [2.25, 7.5, 2.5, 7.75],"rotation": 90,"texture": "#0"}}},{"from": [15.75, 6, 8.5],"to": [15.75, 6.25, 8.75],"rotation": { "angle": 0, "axis": "y", "origin": [16, 7, 8] },"faces": {"north": { "uv": [4.25, 7.5, 4.5, 7.75], "texture": "#0" },"east": { "uv": [4.25, 7.5, 4.5, 7.75], "texture": "#0" },"south": { "uv": [4.25, 7.5, 4.5, 7.75], "texture": "#0" },"west": { "uv": [4.25, 7.5, 4.5, 7.75], "texture": "#0" },"up": {"uv": [4.25, 7.5, 4.5, 7.75],"rotation": 270,"texture": "#0"},"down": {"uv": [4.25, 7.5, 4.5, 7.75],"rotation": 90,"texture": "#0"}}},{"from": [15.75, 6, 8],"to": [15.75, 6.25, 8.25],"rotation": { "angle": 0, "axis": "y", "origin": [16, 7, 8] },"faces": {"north": { "uv": [2, 6.75, 2.25, 7], "texture": "#0" },"east": { "uv": [2, 6.75, 2.25, 7], "texture": "#0" },"south": { "uv": [2, 6.75, 2.25, 7], "texture": "#0" },"west": { "uv": [2, 6.75, 2.25, 7], "texture": "#0" },"up": {"uv": [2, 6.75, 2.25, 7],"rotation": 270,"texture": "#0"},"down": {"uv": [2, 6.75, 2.25, 7],"rotation": 90,"texture": "#0"}}},{"from": [15.75, 5.75, 8.25],"to": [15.75, 6, 8.5],"rotation": { "angle": 0, "axis": "y", "origin": [16, 7, 8] },"faces": {"north": { "uv": [4.75, 7.5, 5, 7.75], "texture": "#0" },"east": { "uv": [4.75, 7.5, 5, 7.75], "texture": "#0" },"south": { "uv": [4.75, 7.5, 5, 7.75], "texture": "#0" },"west": { "uv": [4.75, 7.5, 5, 7.75], "texture": "#0" },"up": {"uv": [4.75, 7.5, 5, 7.75],"rotation": 270,"texture": "#0"},"down": {"uv": [4.75, 7.5, 5, 7.75],"rotation": 90,"texture": "#0"}}},{"from": [15.75, 5.5, 8],"to": [15.75, 5.75, 8.25],"rotation": { "angle": 0, "axis": "y", "origin": [16, 7, 8] },"faces": {"north": { "uv": [7.25, 7.25, 7.5, 7.5], "texture": "#0" },"east": { "uv": [7.25, 7.25, 7.5, 7.5], "texture": "#0" },"south": { "uv": [7.25, 7.25, 7.5, 7.5], "texture": "#0" },"west": { "uv": [7.25, 7.25, 7.5, 7.5], "texture": "#0" },"up": {"uv": [7.25, 7.25, 7.5, 7.5],"rotation": 270,"texture": "#0"},"down": {"uv": [7.25, 7.25, 7.5, 7.5],"rotation": 90,"texture": "#0"}}},{"from": [15.75, 5.25, 8],"to": [15.75, 5.5, 8.25],"rotation": { "angle": 0, "axis": "y", "origin": [16, 7, 8] },"faces": {"north": { "uv": [0.75, 7.5, 1, 7.75], "texture": "#0" },"east": { "uv": [0.75, 7.5, 1, 7.75], "texture": "#0" },"south": { "uv": [0.75, 7.5, 1, 7.75], "texture": "#0" },"west": { "uv": [0.75, 7.5, 1, 7.75], "texture": "#0" },"up": {"uv": [0.75, 7.5, 1, 7.75],"rotation": 270,"texture": "#0"},"down": {"uv": [0.75, 7.5, 1, 7.75],"rotation": 90,"texture": "#0"}}},{"from": [15.75, 5.5, 8.5],"to": [15.75, 5.75, 8.75],"rotation": { "angle": 0, "axis": "y", "origin": [16, 7, 8] },"faces": {"north": { "uv": [5.25, 7.5, 5.5, 7.75], "texture": "#0" },"east": { "uv": [5.25, 7.5, 5.5, 7.75], "texture": "#0" },"south": { "uv": [5.25, 7.5, 5.5, 7.75], "texture": "#0" },"west": { "uv": [5.25, 7.5, 5.5, 7.75], "texture": "#0" },"up": {"uv": [5.25, 7.5, 5.5, 7.75],"rotation": 270,"texture": "#0"},"down": {"uv": [5.25, 7.5, 5.5, 7.75],"rotation": 90,"texture": "#0"}}},{"from": [15.75, 5.25, 8.5],"to": [15.75, 5.5, 8.75],"rotation": { "angle": 0, "axis": "y", "origin": [16, 7, 8] },"faces": {"north": { "uv": [6.25, 7.5, 6.5, 7.75], "texture": "#0" },"east": { "uv": [6.25, 7.5, 6.5, 7.75], "texture": "#0" },"south": { "uv": [6.25, 7.5, 6.5, 7.75], "texture": "#0" },"west": { "uv": [6.25, 7.5, 6.5, 7.75], "texture": "#0" },"up": {"uv": [6.25, 7.5, 6.5, 7.75],"rotation": 270,"texture": "#0"},"down": {"uv": [6.25, 7.5, 6.5, 7.75],"rotation": 90,"texture": "#0"}}},{"from": [15.75, 5, 8.25],"to": [15.75, 5.25, 8.5],"rotation": { "angle": 0, "axis": "y", "origin": [16, 7, 8] },"faces": {"north": { "uv": [6.75, 7.25, 7, 7.5], "texture": "#0" },"east": { "uv": [6.75, 7.25, 7, 7.5], "texture": "#0" },"south": { "uv": [6.75, 7.25, 7, 7.5], "texture": "#0" },"west": { "uv": [6.75, 7.25, 7, 7.5], "texture": "#0" },"up": {"uv": [6.75, 7.25, 7, 7.5],"rotation": 270,"texture": "#0"},"down": {"uv": [6.75, 7.25, 7, 7.5],"rotation": 90,"texture": "#0"}}},{"from": [7.75, 6.75, 15],"to": [8, 7, 15],"faces": {"north": { "uv": [3.75, 7.5, 4, 7.75], "texture": "#0" },"east": { "uv": [3.75, 7.5, 4, 7.75], "texture": "#0" },"south": { "uv": [3.75, 7.5, 4, 7.75], "texture": "#0" },"west": { "uv": [3.75, 7.5, 4, 7.75], "texture": "#0" },"up": { "uv": [3.75, 7.5, 4, 7.75], "texture": "#0" },"down": { "uv": [3.75, 7.5, 4, 7.75], "texture": "#0" }}},{"from": [7.25, 6.75, 15],"to": [7.5, 7, 15],"faces": {"north": { "uv": [3.25, 7.5, 3.5, 7.75], "texture": "#0" },"east": { "uv": [3.25, 7.5, 3.5, 7.75], "texture": "#0" },"south": { "uv": [3.25, 7.5, 3.5, 7.75], "texture": "#0" },"west": { "uv": [3.25, 7.5, 3.5, 7.75], "texture": "#0" },"up": { "uv": [3.25, 7.5, 3.5, 7.75], "texture": "#0" },"down": { "uv": [3.25, 7.5, 3.5, 7.75], "texture": "#0" }}},{"from": [7.5, 6.5, 15],"to": [7.75, 6.75, 15],"faces": {"north": { "uv": [2.75, 7.5, 3, 7.75], "texture": "#0" },"east": { "uv": [2.75, 7.5, 3, 7.75], "texture": "#0" },"south": { "uv": [2.75, 7.5, 3, 7.75], "texture": "#0" },"west": { "uv": [2.75, 7.5, 3, 7.75], "texture": "#0" },"up": { "uv": [2.75, 7.5, 3, 7.75], "texture": "#0" },"down": { "uv": [2.75, 7.5, 3, 7.75], "texture": "#0" }}},{"from": [7.75, 6.25, 15],"to": [8, 6.5, 15],"faces": {"north": { "uv": [6.25, 7.25, 6.5, 7.5], "texture": "#0" },"east": { "uv": [6.25, 7.25, 6.5, 7.5], "texture": "#0" },"south": { "uv": [6.25, 7.25, 6.5, 7.5], "texture": "#0" },"west": { "uv": [6.25, 7.25, 6.5, 7.5], "texture": "#0" },"up": { "uv": [6.25, 7.25, 6.5, 7.5], "texture": "#0" },"down": { "uv": [6.25, 7.25, 6.5, 7.5], "texture": "#0" }}},{"from": [7.75, 6, 15],"to": [8, 6.25, 15],"faces": {"north": { "uv": [2, 6.75, 2.25, 7], "texture": "#0" },"east": { "uv": [2, 6.75, 2.25, 7], "texture": "#0" },"south": { "uv": [2, 6.75, 2.25, 7], "texture": "#0" },"west": { "uv": [2, 6.75, 2.25, 7], "texture": "#0" },"up": { "uv": [2, 6.75, 2.25, 7], "texture": "#0" },"down": { "uv": [2, 6.75, 2.25, 7], "texture": "#0" }}},{"from": [7.25, 6.25, 15],"to": [7.5, 6.5, 15],"faces": {"north": { "uv": [2.25, 7.5, 2.5, 7.75], "texture": "#0" },"east": { "uv": [2.25, 7.5, 2.5, 7.75], "texture": "#0" },"south": { "uv": [2.25, 7.5, 2.5, 7.75], "texture": "#0" },"west": { "uv": [2.25, 7.5, 2.5, 7.75], "texture": "#0" },"up": { "uv": [2.25, 7.5, 2.5, 7.75], "texture": "#0" },"down": { "uv": [2.25, 7.5, 2.5, 7.75], "texture": "#0" }}},{"from": [7.25, 6, 15],"to": [7.5, 6.25, 15],"faces": {"north": { "uv": [4.25, 7.5, 4.5, 7.75], "texture": "#0" },"east": { "uv": [4.25, 7.5, 4.5, 7.75], "texture": "#0" },"south": { "uv": [4.25, 7.5, 4.5, 7.75], "texture": "#0" },"west": { "uv": [4.25, 7.5, 4.5, 7.75], "texture": "#0" },"up": { "uv": [4.25, 7.5, 4.5, 7.75], "texture": "#0" },"down": { "uv": [4.25, 7.5, 4.5, 7.75], "texture": "#0" }}},{"from": [5.25, 6.75, 0.75],"to": [5.25, 7, 1],"rotation": { "angle": 45, "axis": "y", "origin": [6, 7, 1] },"faces": {"north": { "uv": [3.75, 7.5, 4, 7.75], "texture": "#0" },"east": { "uv": [3.75, 7.5, 4, 7.75], "texture": "#0" },"south": { "uv": [3.75, 7.5, 4, 7.75], "texture": "#0" },"west": { "uv": [3.75, 7.5, 4, 7.75], "texture": "#0" },"up": {"uv": [3.75, 7.5, 4, 7.75],"rotation": 90,"texture": "#0"},"down": {"uv": [3.75, 7.5, 4, 7.75],"rotation": 270,"texture": "#0"}}},{"from": [5.25, 6.75, 0.25],"to": [5.25, 7, 0.5],"rotation": { "angle": 45, "axis": "y", "origin": [6, 7, 1] },"faces": {"north": { "uv": [3.25, 7.5, 3.5, 7.75], "texture": "#0" },"east": { "uv": [3.25, 7.5, 3.5, 7.75], "texture": "#0" },"south": { "uv": [3.25, 7.5, 3.5, 7.75], "texture": "#0" },"west": { "uv": [3.25, 7.5, 3.5, 7.75], "texture": "#0" },"up": {"uv": [3.25, 7.5, 3.5, 7.75],"rotation": 90,"texture": "#0"},"down": {"uv": [3.25, 7.5, 3.5, 7.75],"rotation": 270,"texture": "#0"}}},{"from": [5.25, 6.5, 0.5],"to": [5.25, 6.75, 0.75],"rotation": { "angle": 45, "axis": "y", "origin": [6, 7, 1] },"faces": {"north": { "uv": [2.75, 7.5, 3, 7.75], "texture": "#0" },"east": { "uv": [2.75, 7.5, 3, 7.75], "texture": "#0" },"south": { "uv": [2.75, 7.5, 3, 7.75], "texture": "#0" },"west": { "uv": [2.75, 7.5, 3, 7.75], "texture": "#0" },"up": {"uv": [2.75, 7.5, 3, 7.75],"rotation": 90,"texture": "#0"},"down": {"uv": [2.75, 7.5, 3, 7.75],"rotation": 270,"texture": "#0"}}},{"from": [5.25, 6.25, 0.75],"to": [5.25, 6.5, 1],"rotation": { "angle": 45, "axis": "y", "origin": [6, 7, 1] },"faces": {"north": { "uv": [6.25, 7.25, 6.5, 7.5], "texture": "#0" },"east": { "uv": [6.25, 7.25, 6.5, 7.5], "texture": "#0" },"south": { "uv": [6.25, 7.25, 6.5, 7.5], "texture": "#0" },"west": { "uv": [6.25, 7.25, 6.5, 7.5], "texture": "#0" },"up": {"uv": [6.25, 7.25, 6.5, 7.5],"rotation": 90,"texture": "#0"},"down": {"uv": [6.25, 7.25, 6.5, 7.5],"rotation": 270,"texture": "#0"}}},{"from": [5.25, 6, 0.75],"to": [5.25, 6.25, 1],"rotation": { "angle": 45, "axis": "y", "origin": [6, 7, 1] },"faces": {"north": { "uv": [2, 6.75, 2.25, 7], "texture": "#0" },"east": { "uv": [2, 6.75, 2.25, 7], "texture": "#0" },"south": { "uv": [2, 6.75, 2.25, 7], "texture": "#0" },"west": { "uv": [2, 6.75, 2.25, 7], "texture": "#0" },"up": {"uv": [2, 6.75, 2.25, 7],"rotation": 90,"texture": "#0"},"down": {"uv": [2, 6.75, 2.25, 7],"rotation": 270,"texture": "#0"}}},{"from": [5.25, 6.25, 0.25],"to": [5.25, 6.5, 0.5],"rotation": { "angle": 45, "axis": "y", "origin": [6, 7, 1] },"faces": {"north": { "uv": [2.25, 7.5, 2.5, 7.75], "texture": "#0" },"east": { "uv": [2.25, 7.5, 2.5, 7.75], "texture": "#0" },"south": { "uv": [2.25, 7.5, 2.5, 7.75], "texture": "#0" },"west": { "uv": [2.25, 7.5, 2.5, 7.75], "texture": "#0" },"up": {"uv": [2.25, 7.5, 2.5, 7.75],"rotation": 90,"texture": "#0"},"down": {"uv": [2.25, 7.5, 2.5, 7.75],"rotation": 270,"texture": "#0"}}},{"from": [5.25, 6, 0.25],"to": [5.25, 6.25, 0.5],"rotation": { "angle": 45, "axis": "y", "origin": [6, 7, 1] },"faces": {"north": { "uv": [4.25, 7.5, 4.5, 7.75], "texture": "#0" },"east": { "uv": [4.25, 7.5, 4.5, 7.75], "texture": "#0" },"south": { "uv": [4.25, 7.5, 4.5, 7.75], "texture": "#0" },"west": { "uv": [4.25, 7.5, 4.5, 7.75], "texture": "#0" },"up": {"uv": [4.25, 7.5, 4.5, 7.75],"rotation": 90,"texture": "#0"},"down": {"uv": [4.25, 7.5, 4.5, 7.75],"rotation": 270,"texture": "#0"}}},{"from": [5.25, 5.75, 0.5],"to": [5.25, 6, 0.75],"rotation": { "angle": 45, "axis": "y", "origin": [6, 7, 1] },"faces": {"north": { "uv": [4.75, 7.5, 5, 7.75], "texture": "#0" },"east": { "uv": [4.75, 7.5, 5, 7.75], "texture": "#0" },"south": { "uv": [4.75, 7.5, 5, 7.75], "texture": "#0" },"west": { "uv": [4.75, 7.5, 5, 7.75], "texture": "#0" },"up": {"uv": [4.75, 7.5, 5, 7.75],"rotation": 90,"texture": "#0"},"down": {"uv": [4.75, 7.5, 5, 7.75],"rotation": 270,"texture": "#0"}}},{"from": [5.25, 5.5, 0.75],"to": [5.25, 5.75, 1],"rotation": { "angle": 45, "axis": "y", "origin": [6, 7, 1] },"faces": {"north": { "uv": [7.25, 7.25, 7.5, 7.5], "texture": "#0" },"east": { "uv": [7.25, 7.25, 7.5, 7.5], "texture": "#0" },"south": { "uv": [7.25, 7.25, 7.5, 7.5], "texture": "#0" },"west": { "uv": [7.25, 7.25, 7.5, 7.5], "texture": "#0" },"up": {"uv": [7.25, 7.25, 7.5, 7.5],"rotation": 90,"texture": "#0"},"down": {"uv": [7.25, 7.25, 7.5, 7.5],"rotation": 270,"texture": "#0"}}},{"from": [5.25, 5.5, 0.25],"to": [5.25, 5.75, 0.5],"rotation": { "angle": 45, "axis": "y", "origin": [6, 7, 1] },"faces": {"north": { "uv": [5.25, 7.5, 5.5, 7.75], "texture": "#0" },"east": { "uv": [5.25, 7.5, 5.5, 7.75], "texture": "#0" },"south": { "uv": [5.25, 7.5, 5.5, 7.75], "texture": "#0" },"west": { "uv": [5.25, 7.5, 5.5, 7.75], "texture": "#0" },"up": {"uv": [5.25, 7.5, 5.5, 7.75],"rotation": 90,"texture": "#0"},"down": {"uv": [5.25, 7.5, 5.5, 7.75],"rotation": 270,"texture": "#0"}}},{"from": [5.25, 5.25, 0.75],"to": [5.25, 5.5, 1],"rotation": { "angle": 45, "axis": "y", "origin": [6, 7, 1] },"faces": {"north": { "uv": [0.75, 7.5, 1, 7.75], "texture": "#0" },"east": { "uv": [0.75, 7.5, 1, 7.75], "texture": "#0" },"south": { "uv": [0.75, 7.5, 1, 7.75], "texture": "#0" },"west": { "uv": [0.75, 7.5, 1, 7.75], "texture": "#0" },"up": {"uv": [0.75, 7.5, 1, 7.75],"rotation": 90,"texture": "#0"},"down": {"uv": [0.75, 7.5, 1, 7.75],"rotation": 270,"texture": "#0"}}},{"from": [16.25, 6.75, 13.75],"to": [16.25, 7, 14],"rotation": { "angle": 45, "axis": "y", "origin": [16, 7, 14] },"faces": {"north": { "uv": [3.75, 7.5, 4, 7.75], "texture": "#0" },"east": { "uv": [3.75, 7.5, 4, 7.75], "texture": "#0" },"south": { "uv": [3.75, 7.5, 4, 7.75], "texture": "#0" },"west": { "uv": [3.75, 7.5, 4, 7.75], "texture": "#0" },"up": {"uv": [3.75, 7.5, 4, 7.75],"rotation": 90,"texture": "#0"},"down": {"uv": [3.75, 7.5, 4, 7.75],"rotation": 270,"texture": "#0"}}},{"from": [16.25, 6.75, 13.25],"to": [16.25, 7, 13.5],"rotation": { "angle": 45, "axis": "y", "origin": [16, 7, 14] },"faces": {"north": { "uv": [3.25, 7.5, 3.5, 7.75], "texture": "#0" },"east": { "uv": [3.25, 7.5, 3.5, 7.75], "texture": "#0" },"south": { "uv": [3.25, 7.5, 3.5, 7.75], "texture": "#0" },"west": { "uv": [3.25, 7.5, 3.5, 7.75], "texture": "#0" },"up": {"uv": [3.25, 7.5, 3.5, 7.75],"rotation": 90,"texture": "#0"},"down": {"uv": [3.25, 7.5, 3.5, 7.75],"rotation": 270,"texture": "#0"}}},{"from": [16.25, 6.5, 13.5],"to": [16.25, 6.75, 13.75],"rotation": { "angle": 45, "axis": "y", "origin": [16, 7, 14] },"faces": {"north": { "uv": [2.75, 7.5, 3, 7.75], "texture": "#0" },"east": { "uv": [2.75, 7.5, 3, 7.75], "texture": "#0" },"south": { "uv": [2.75, 7.5, 3, 7.75], "texture": "#0" },"west": { "uv": [2.75, 7.5, 3, 7.75], "texture": "#0" },"up": {"uv": [2.75, 7.5, 3, 7.75],"rotation": 90,"texture": "#0"},"down": {"uv": [2.75, 7.5, 3, 7.75],"rotation": 270,"texture": "#0"}}},{"from": [16.25, 6.25, 13.75],"to": [16.25, 6.5, 14],"rotation": { "angle": 45, "axis": "y", "origin": [16, 7, 14] },"faces": {"north": { "uv": [6.25, 7.25, 6.5, 7.5], "texture": "#0" },"east": { "uv": [6.25, 7.25, 6.5, 7.5], "texture": "#0" },"south": { "uv": [6.25, 7.25, 6.5, 7.5], "texture": "#0" },"west": { "uv": [6.25, 7.25, 6.5, 7.5], "texture": "#0" },"up": {"uv": [6.25, 7.25, 6.5, 7.5],"rotation": 90,"texture": "#0"},"down": {"uv": [6.25, 7.25, 6.5, 7.5],"rotation": 270,"texture": "#0"}}},{"from": [16.25, 6, 13.75],"to": [16.25, 6.25, 14],"rotation": { "angle": 45, "axis": "y", "origin": [16, 7, 14] },"faces": {"north": { "uv": [2, 6.75, 2.25, 7], "texture": "#0" },"east": { "uv": [2, 6.75, 2.25, 7], "texture": "#0" },"south": { "uv": [2, 6.75, 2.25, 7], "texture": "#0" },"west": { "uv": [2, 6.75, 2.25, 7], "texture": "#0" },"up": {"uv": [2, 6.75, 2.25, 7],"rotation": 90,"texture": "#0"},"down": {"uv": [2, 6.75, 2.25, 7],"rotation": 270,"texture": "#0"}}},{"from": [16.25, 6.25, 13.25],"to": [16.25, 6.5, 13.5],"rotation": { "angle": 45, "axis": "y", "origin": [16, 7, 14] },"faces": {"north": { "uv": [2.25, 7.5, 2.5, 7.75], "texture": "#0" },"east": { "uv": [2.25, 7.5, 2.5, 7.75], "texture": "#0" },"south": { "uv": [2.25, 7.5, 2.5, 7.75], "texture": "#0" },"west": { "uv": [2.25, 7.5, 2.5, 7.75], "texture": "#0" },"up": {"uv": [2.25, 7.5, 2.5, 7.75],"rotation": 90,"texture": "#0"},"down": {"uv": [2.25, 7.5, 2.5, 7.75],"rotation": 270,"texture": "#0"}}},{"from": [16.25, 6, 13.25],"to": [16.25, 6.25, 13.5],"rotation": { "angle": 45, "axis": "y", "origin": [16, 7, 14] },"faces": {"north": { "uv": [4.25, 7.5, 4.5, 7.75], "texture": "#0" },"east": { "uv": [4.25, 7.5, 4.5, 7.75], "texture": "#0" },"south": { "uv": [4.25, 7.5, 4.5, 7.75], "texture": "#0" },"west": { "uv": [4.25, 7.5, 4.5, 7.75], "texture": "#0" },"up": {"uv": [4.25, 7.5, 4.5, 7.75],"rotation": 90,"texture": "#0"},"down": {"uv": [4.25, 7.5, 4.5, 7.75],"rotation": 270,"texture": "#0"}}},{"from": [16.25, 5.75, 13.5],"to": [16.25, 6, 13.75],"rotation": { "angle": 45, "axis": "y", "origin": [16, 7, 14] },"faces": {"north": { "uv": [4.75, 7.5, 5, 7.75], "texture": "#0" },"east": { "uv": [4.75, 7.5, 5, 7.75], "texture": "#0" },"south": { "uv": [4.75, 7.5, 5, 7.75], "texture": "#0" },"west": { "uv": [4.75, 7.5, 5, 7.75], "texture": "#0" },"up": {"uv": [4.75, 7.5, 5, 7.75],"rotation": 90,"texture": "#0"},"down": {"uv": [4.75, 7.5, 5, 7.75],"rotation": 270,"texture": "#0"}}},{"from": [16.25, 5.5, 13.75],"to": [16.25, 5.75, 14],"rotation": { "angle": 45, "axis": "y", "origin": [16, 7, 14] },"faces": {"north": { "uv": [7.25, 7.25, 7.5, 7.5], "texture": "#0" },"east": { "uv": [7.25, 7.25, 7.5, 7.5], "texture": "#0" },"south": { "uv": [7.25, 7.25, 7.5, 7.5], "texture": "#0" },"west": { "uv": [7.25, 7.25, 7.5, 7.5], "texture": "#0" },"up": {"uv": [7.25, 7.25, 7.5, 7.5],"rotation": 90,"texture": "#0"},"down": {"uv": [7.25, 7.25, 7.5, 7.5],"rotation": 270,"texture": "#0"}}},{"from": [16.25, 5.25, 13.75],"to": [16.25, 5.5, 14],"rotation": { "angle": 45, "axis": "y", "origin": [16, 7, 14] },"faces": {"north": { "uv": [0.75, 7.5, 1, 7.75], "texture": "#0" },"east": { "uv": [0.75, 7.5, 1, 7.75], "texture": "#0" },"south": { "uv": [0.75, 7.5, 1, 7.75], "texture": "#0" },"west": { "uv": [0.75, 7.5, 1, 7.75], "texture": "#0" },"up": {"uv": [0.75, 7.5, 1, 7.75],"rotation": 90,"texture": "#0"},"down": {"uv": [0.75, 7.5, 1, 7.75],"rotation": 270,"texture": "#0"}}},{"from": [16.25, 5.5, 13.25],"to": [16.25, 5.75, 13.5],"rotation": { "angle": 45, "axis": "y", "origin": [16, 7, 14] },"faces": {"north": { "uv": [5.25, 7.5, 5.5, 7.75], "texture": "#0" },"east": { "uv": [5.25, 7.5, 5.5, 7.75], "texture": "#0" },"south": { "uv": [5.25, 7.5, 5.5, 7.75], "texture": "#0" },"west": { "uv": [5.25, 7.5, 5.5, 7.75], "texture": "#0" },"up": {"uv": [5.25, 7.5, 5.5, 7.75],"rotation": 90,"texture": "#0"},"down": {"uv": [5.25, 7.5, 5.5, 7.75],"rotation": 270,"texture": "#0"}}},{"from": [16.25, 5.25, 13.25],"to": [16.25, 5.5, 13.5],"rotation": { "angle": 45, "axis": "y", "origin": [16, 7, 14] },"faces": {"north": { "uv": [6.25, 7.5, 6.5, 7.75], "texture": "#0" },"east": { "uv": [6.25, 7.5, 6.5, 7.75], "texture": "#0" },"south": { "uv": [6.25, 7.5, 6.5, 7.75], "texture": "#0" },"west": { "uv": [6.25, 7.5, 6.5, 7.75], "texture": "#0" },"up": {"uv": [6.25, 7.5, 6.5, 7.75],"rotation": 90,"texture": "#0"},"down": {"uv": [6.25, 7.5, 6.5, 7.75],"rotation": 270,"texture": "#0"}}},{"from": [16.25, 5, 13.5],"to": [16.25, 5.25, 13.75],"rotation": { "angle": 45, "axis": "y", "origin": [16, 7, 14] },"faces": {"north": { "uv": [6.75, 7.25, 7, 7.5], "texture": "#0" },"east": { "uv": [6.75, 7.25, 7, 7.5], "texture": "#0" },"south": { "uv": [6.75, 7.25, 7, 7.5], "texture": "#0" },"west": { "uv": [6.75, 7.25, 7, 7.5], "texture": "#0" },"up": {"uv": [6.75, 7.25, 7, 7.5],"rotation": 90,"texture": "#0"},"down": {"uv": [6.75, 7.25, 7, 7.5],"rotation": 270,"texture": "#0"}}},{"from": [16.25, 4.75, 13.75],"to": [16.25, 5, 14],"rotation": { "angle": 45, "axis": "y", "origin": [16, 7, 14] },"faces": {"north": { "uv": [1.75, 7.5, 2, 7.75], "texture": "#0" },"east": { "uv": [1.75, 7.5, 2, 7.75], "texture": "#0" },"south": { "uv": [1.75, 7.5, 2, 7.75], "texture": "#0" },"west": { "uv": [1.75, 7.5, 2, 7.75], "texture": "#0" },"up": {"uv": [1.75, 7.5, 2, 7.75],"rotation": 90,"texture": "#0"},"down": {"uv": [1.75, 7.5, 2, 7.75],"rotation": 270,"texture": "#0"}}},{"from": [16.25, 4.5, 13.75],"to": [16.25, 4.75, 14],"rotation": { "angle": 45, "axis": "y", "origin": [16, 7, 14] },"faces": {"north": { "uv": [1.25, 7.5, 1.5, 7.75], "texture": "#0" },"east": { "uv": [1.25, 7.5, 1.5, 7.75], "texture": "#0" },"south": { "uv": [1.25, 7.5, 1.5, 7.75], "texture": "#0" },"west": { "uv": [1.25, 7.5, 1.5, 7.75], "texture": "#0" },"up": {"uv": [1.25, 7.5, 1.5, 7.75],"rotation": 90,"texture": "#0"},"down": {"uv": [1.25, 7.5, 1.5, 7.75],"rotation": 270,"texture": "#0"}}},{"from": [16.25, 4.75, 13.25],"to": [16.25, 5, 13.5],"rotation": { "angle": 45, "axis": "y", "origin": [16, 7, 14] },"faces": {"north": { "uv": [7.25, 7.5, 7.5, 7.75], "texture": "#0" },"east": { "uv": [7.25, 7.5, 7.5, 7.75], "texture": "#0" },"south": { "uv": [7.25, 7.5, 7.5, 7.75], "texture": "#0" },"west": { "uv": [7.25, 7.5, 7.5, 7.75], "texture": "#0" },"up": {"uv": [7.25, 7.5, 7.5, 7.75],"rotation": 90,"texture": "#0"},"down": {"uv": [7.25, 7.5, 7.5, 7.75],"rotation": 270,"texture": "#0"}}},{"from": [16.25, 4.5, 13.25],"to": [16.25, 4.75, 13.5],"rotation": { "angle": 45, "axis": "y", "origin": [16, 7, 14] },"faces": {"north": { "uv": [6.75, 7.5, 7, 7.75], "texture": "#0" },"east": { "uv": [6.75, 7.5, 7, 7.75], "texture": "#0" },"south": { "uv": [6.75, 7.5, 7, 7.75], "texture": "#0" },"west": { "uv": [6.75, 7.5, 7, 7.75], "texture": "#0" },"up": {"uv": [6.75, 7.5, 7, 7.75],"rotation": 90,"texture": "#0"},"down": {"uv": [6.75, 7.5, 7, 7.75],"rotation": 270,"texture": "#0"}}},{"from": [7.25, 6.75, 8.75],"to": [7.25, 7, 9],"rotation": { "angle": 45, "axis": "y", "origin": [16, 7, 14] },"faces": {"north": { "uv": [3.75, 7.5, 4, 7.75], "texture": "#0" },"east": { "uv": [3.75, 7.5, 4, 7.75], "texture": "#0" },"south": { "uv": [3.75, 7.5, 4, 7.75], "texture": "#0" },"west": { "uv": [3.75, 7.5, 4, 7.75], "texture": "#0" },"up": {"uv": [3.75, 7.5, 4, 7.75],"rotation": 90,"texture": "#0"},"down": {"uv": [3.75, 7.5, 4, 7.75],"rotation": 270,"texture": "#0"}}},{"from": [7.25, 6.75, 8.25],"to": [7.25, 7, 8.5],"rotation": { "angle": 45, "axis": "y", "origin": [16, 7, 14] },"faces": {"north": { "uv": [3.25, 7.5, 3.5, 7.75], "texture": "#0" },"east": { "uv": [3.25, 7.5, 3.5, 7.75], "texture": "#0" },"south": { "uv": [3.25, 7.5, 3.5, 7.75], "texture": "#0" },"west": { "uv": [3.25, 7.5, 3.5, 7.75], "texture": "#0" },"up": {"uv": [3.25, 7.5, 3.5, 7.75],"rotation": 90,"texture": "#0"},"down": {"uv": [3.25, 7.5, 3.5, 7.75],"rotation": 270,"texture": "#0"}}},{"from": [7.25, 6.5, 8.5],"to": [7.25, 6.75, 8.75],"rotation": { "angle": 45, "axis": "y", "origin": [16, 7, 14] },"faces": {"north": { "uv": [2.75, 7.5, 3, 7.75], "texture": "#0" },"east": { "uv": [2.75, 7.5, 3, 7.75], "texture": "#0" },"south": { "uv": [2.75, 7.5, 3, 7.75], "texture": "#0" },"west": { "uv": [2.75, 7.5, 3, 7.75], "texture": "#0" },"up": {"uv": [2.75, 7.5, 3, 7.75],"rotation": 90,"texture": "#0"},"down": {"uv": [2.75, 7.5, 3, 7.75],"rotation": 270,"texture": "#0"}}},{"from": [7.25, 6.25, 8.75],"to": [7.25, 6.5, 9],"rotation": { "angle": 45, "axis": "y", "origin": [16, 7, 14] },"faces": {"north": { "uv": [6.25, 7.25, 6.5, 7.5], "texture": "#0" },"east": { "uv": [6.25, 7.25, 6.5, 7.5], "texture": "#0" },"south": { "uv": [6.25, 7.25, 6.5, 7.5], "texture": "#0" },"west": { "uv": [6.25, 7.25, 6.5, 7.5], "texture": "#0" },"up": {"uv": [6.25, 7.25, 6.5, 7.5],"rotation": 90,"texture": "#0"},"down": {"uv": [6.25, 7.25, 6.5, 7.5],"rotation": 270,"texture": "#0"}}},{"from": [7.25, 6, 8.75],"to": [7.25, 6.25, 9],"rotation": { "angle": 45, "axis": "y", "origin": [16, 7, 14] },"faces": {"north": { "uv": [2, 6.75, 2.25, 7], "texture": "#0" },"east": { "uv": [2, 6.75, 2.25, 7], "texture": "#0" },"south": { "uv": [2, 6.75, 2.25, 7], "texture": "#0" },"west": { "uv": [2, 6.75, 2.25, 7], "texture": "#0" },"up": {"uv": [2, 6.75, 2.25, 7],"rotation": 90,"texture": "#0"},"down": {"uv": [2, 6.75, 2.25, 7],"rotation": 270,"texture": "#0"}}},{"from": [7.25, 6.25, 8.25],"to": [7.25, 6.5, 8.5],"rotation": { "angle": 45, "axis": "y", "origin": [16, 7, 14] },"faces": {"north": { "uv": [2.25, 7.5, 2.5, 7.75], "texture": "#0" },"east": { "uv": [2.25, 7.5, 2.5, 7.75], "texture": "#0" },"south": { "uv": [2.25, 7.5, 2.5, 7.75], "texture": "#0" },"west": { "uv": [2.25, 7.5, 2.5, 7.75], "texture": "#0" },"up": {"uv": [2.25, 7.5, 2.5, 7.75],"rotation": 90,"texture": "#0"},"down": {"uv": [2.25, 7.5, 2.5, 7.75],"rotation": 270,"texture": "#0"}}},{"from": [7.25, 6, 8.25],"to": [7.25, 6.25, 8.5],"rotation": { "angle": 45, "axis": "y", "origin": [16, 7, 14] },"faces": {"north": { "uv": [4.25, 7.5, 4.5, 7.75], "texture": "#0" },"east": { "uv": [4.25, 7.5, 4.5, 7.75], "texture": "#0" },"south": { "uv": [4.25, 7.5, 4.5, 7.75], "texture": "#0" },"west": { "uv": [4.25, 7.5, 4.5, 7.75], "texture": "#0" },"up": {"uv": [4.25, 7.5, 4.5, 7.75],"rotation": 90,"texture": "#0"},"down": {"uv": [4.25, 7.5, 4.5, 7.75],"rotation": 270,"texture": "#0"}}},{"from": [7.25, 5.75, 8.5],"to": [7.25, 6, 8.75],"rotation": { "angle": 45, "axis": "y", "origin": [16, 7, 14] },"faces": {"north": { "uv": [4.75, 7.5, 5, 7.75], "texture": "#0" },"east": { "uv": [4.75, 7.5, 5, 7.75], "texture": "#0" },"south": { "uv": [4.75, 7.5, 5, 7.75], "texture": "#0" },"west": { "uv": [4.75, 7.5, 5, 7.75], "texture": "#0" },"up": {"uv": [4.75, 7.5, 5, 7.75],"rotation": 90,"texture": "#0"},"down": {"uv": [4.75, 7.5, 5, 7.75],"rotation": 270,"texture": "#0"}}},{"from": [7.25, 5.5, 8.75],"to": [7.25, 5.75, 9],"rotation": { "angle": 45, "axis": "y", "origin": [16, 7, 14] },"faces": {"north": { "uv": [7.25, 7.25, 7.5, 7.5], "texture": "#0" },"east": { "uv": [7.25, 7.25, 7.5, 7.5], "texture": "#0" },"south": { "uv": [7.25, 7.25, 7.5, 7.5], "texture": "#0" },"west": { "uv": [7.25, 7.25, 7.5, 7.5], "texture": "#0" },"up": {"uv": [7.25, 7.25, 7.5, 7.5],"rotation": 90,"texture": "#0"},"down": {"uv": [7.25, 7.25, 7.5, 7.5],"rotation": 270,"texture": "#0"}}},{"from": [7.25, 5.25, 8.75],"to": [7.25, 5.5, 9],"rotation": { "angle": 45, "axis": "y", "origin": [16, 7, 14] },"faces": {"north": { "uv": [0.75, 7.5, 1, 7.75], "texture": "#0" },"east": { "uv": [0.75, 7.5, 1, 7.75], "texture": "#0" },"south": { "uv": [0.75, 7.5, 1, 7.75], "texture": "#0" },"west": { "uv": [0.75, 7.5, 1, 7.75], "texture": "#0" },"up": {"uv": [0.75, 7.5, 1, 7.75],"rotation": 90,"texture": "#0"},"down": {"uv": [0.75, 7.5, 1, 7.75],"rotation": 270,"texture": "#0"}}},{"from": [7.25, 5.5, 8.25],"to": [7.25, 5.75, 8.5],"rotation": { "angle": 45, "axis": "y", "origin": [16, 7, 14] },"faces": {"north": { "uv": [5.25, 7.5, 5.5, 7.75], "texture": "#0" },"east": { "uv": [5.25, 7.5, 5.5, 7.75], "texture": "#0" },"south": { "uv": [5.25, 7.5, 5.5, 7.75], "texture": "#0" },"west": { "uv": [5.25, 7.5, 5.5, 7.75], "texture": "#0" },"up": {"uv": [5.25, 7.5, 5.5, 7.75],"rotation": 90,"texture": "#0"},"down": {"uv": [5.25, 7.5, 5.5, 7.75],"rotation": 270,"texture": "#0"}}},{"from": [7.25, 5.25, 8.25],"to": [7.25, 5.5, 8.5],"rotation": { "angle": 45, "axis": "y", "origin": [16, 7, 14] },"faces": {"north": { "uv": [6.25, 7.5, 6.5, 7.75], "texture": "#0" },"east": { "uv": [6.25, 7.5, 6.5, 7.75], "texture": "#0" },"south": { "uv": [6.25, 7.5, 6.5, 7.75], "texture": "#0" },"west": { "uv": [6.25, 7.5, 6.5, 7.75], "texture": "#0" },"up": {"uv": [6.25, 7.5, 6.5, 7.75],"rotation": 90,"texture": "#0"},"down": {"uv": [6.25, 7.5, 6.5, 7.75],"rotation": 270,"texture": "#0"}}},{"from": [7.25, 5, 8.5],"to": [7.25, 5.25, 8.75],"rotation": { "angle": 45, "axis": "y", "origin": [16, 7, 14] },"faces": {"north": { "uv": [6.75, 7.25, 7, 7.5], "texture": "#0" },"east": { "uv": [6.75, 7.25, 7, 7.5], "texture": "#0" },"south": { "uv": [6.75, 7.25, 7, 7.5], "texture": "#0" },"west": { "uv": [6.75, 7.25, 7, 7.5], "texture": "#0" },"up": {"uv": [6.75, 7.25, 7, 7.5],"rotation": 90,"texture": "#0"},"down": {"uv": [6.75, 7.25, 7, 7.5],"rotation": 270,"texture": "#0"}}},{"from": [7.25, 4.75, 8.75],"to": [7.25, 5, 9],"rotation": { "angle": 45, "axis": "y", "origin": [16, 7, 14] },"faces": {"north": { "uv": [1.75, 7.5, 2, 7.75], "texture": "#0" },"east": { "uv": [1.75, 7.5, 2, 7.75], "texture": "#0" },"south": { "uv": [1.75, 7.5, 2, 7.75], "texture": "#0" },"west": { "uv": [1.75, 7.5, 2, 7.75], "texture": "#0" },"up": {"uv": [1.75, 7.5, 2, 7.75],"rotation": 90,"texture": "#0"},"down": {"uv": [1.75, 7.5, 2, 7.75],"rotation": 270,"texture": "#0"}}},{"from": [8.25, 7, 3.25],"to": [8.75, 8.25, 3.75],"faces": {"north": { "uv": [7.75, 2.75, 8, 3.5], "texture": "#0" },"east": { "uv": [3.5, 7.5, 3.75, 8.25], "texture": "#0" },"south": { "uv": [8, 3.5, 8.25, 4.25], "texture": "#0" },"west": { "uv": [3.75, 7.75, 4, 8.5], "texture": "#0" },"up": { "uv": [8, 4, 7.75, 3.75], "texture": "#0" },"down": { "uv": [4.25, 7.75, 4, 8], "texture": "#0" }}},{"from": [10.25, 7, 3.25],"to": [10.75, 8.25, 3.75],"faces": {"north": { "uv": [7.75, 2.75, 8, 3.5], "texture": "#0" },"east": { "uv": [3.5, 7.5, 3.75, 8.25], "texture": "#0" },"south": { "uv": [8, 3.5, 8.25, 4.25], "texture": "#0" },"west": { "uv": [3.75, 7.75, 4, 8.5], "texture": "#0" },"up": { "uv": [8, 4, 7.75, 3.75], "texture": "#0" },"down": { "uv": [4.25, 7.75, 4, 8], "texture": "#0" }}},{"from": [12.25, 7, 3.25],"to": [12.75, 8.25, 3.75],"faces": {"north": { "uv": [7.75, 2.75, 8, 3.5], "texture": "#0" },"east": { "uv": [3.5, 7.5, 3.75, 8.25], "texture": "#0" },"south": { "uv": [8, 3.5, 8.25, 4.25], "texture": "#0" },"west": { "uv": [3.75, 7.75, 4, 8.5], "texture": "#0" },"up": { "uv": [8, 4, 7.75, 3.75], "texture": "#0" },"down": { "uv": [4.25, 7.75, 4, 8], "texture": "#0" }}},{"from": [13.25, 7, 4.25],"to": [13.75, 8.25, 4.75],"rotation": { "angle": 0, "axis": "y", "origin": [14.25, 7, 3.25] },"faces": {"north": { "uv": [3.75, 7.75, 4, 8.5], "texture": "#0" },"east": { "uv": [7.75, 2.75, 8, 3.5], "texture": "#0" },"south": { "uv": [3.5, 7.5, 3.75, 8.25], "texture": "#0" },"west": { "uv": [8, 3.5, 8.25, 4.25], "texture": "#0" },"up": {"uv": [8, 4, 7.75, 3.75],"rotation": 90,"texture": "#0"},"down": {"uv": [4.25, 7.75, 4, 8],"rotation": 270,"texture": "#0"}}},{"from": [13.25, 7, 6.25],"to": [13.75, 8.25, 6.75],"rotation": { "angle": 0, "axis": "y", "origin": [14.25, 7, 3.25] },"faces": {"north": { "uv": [3.75, 7.75, 4, 8.5], "texture": "#0" },"east": { "uv": [7.75, 2.75, 8, 3.5], "texture": "#0" },"south": { "uv": [3.5, 7.5, 3.75, 8.25], "texture": "#0" },"west": { "uv": [8, 3.5, 8.25, 4.25], "texture": "#0" },"up": {"uv": [8, 4, 7.75, 3.75],"rotation": 90,"texture": "#0"},"down": {"uv": [4.25, 7.75, 4, 8],"rotation": 270,"texture": "#0"}}},{"from": [13.25, 7, 8.25],"to": [13.75, 8.25, 8.75],"rotation": { "angle": 0, "axis": "y", "origin": [14.25, 7, 3.25] },"faces": {"north": { "uv": [3.75, 7.75, 4, 8.5], "texture": "#0" },"east": { "uv": [7.75, 2.75, 8, 3.5], "texture": "#0" },"south": { "uv": [3.5, 7.5, 3.75, 8.25], "texture": "#0" },"west": { "uv": [8, 3.5, 8.25, 4.25], "texture": "#0" },"up": {"uv": [8, 4, 7.75, 3.75],"rotation": 90,"texture": "#0"},"down": {"uv": [4.25, 7.75, 4, 8],"rotation": 270,"texture": "#0"}}}],"display": {"thirdperson_righthand": {"translation": [-0.25, 0, -1],"scale": [0.57, 0.57, 0.57]},"thirdperson_lefthand": {"translation": [-0.25, 0, -1],"scale": [0.57, 0.57, 0.57]},"firstperson_righthand": {"translation": [1.5, 1.5, 0],"scale": [0.98, 1.15, 0.86]},"firstperson_lefthand": {"translation": [1.5, 1.5, 0],"scale": [0.98, 1.15, 0.86]},"ground": {"scale": [0.72, 0.72, 0.72]},"gui": {"rotation": [16, -152, 0],"translation": [0.75, -1, 0],"scale": [0.72, 0.93, 0.89]},"head": {"rotation": [-5.5, 0, -2],"translation": [-1, 3.5, -1],"scale": [1.73, 1.63, 1.73]},"fixed": {"rotation": [-89, 0, 0],"translation": [-1, 0, -5]}},"groups": [{"name": "hat","origin": [0, 0, 0],"color": 0,"children": [0, 1, 2, 3, 4, 5, 6, 7, 8, 9, 10, 11, 12, 13, 14, 15, 16, 17,18, 19, 20, 21, 22, 23, 24, 25, 26, 27, 28, 29, 30, 31, 32, 33,34, 35, 36, 37, 38, 39, 40, 41, 42, 43, 44, 45, 46, 47, 48, 49,50, 51, 52, 53, 54, 55, 56, 57, 58, 59, 60, 61, 62, 63, 64, 65,66, 67, 68, 69, 70, 71, 72, 73, 74, 75, 76, 77, 78, 79, 80, 81,82, 83, 84, 85, 86, 87, 88, 89, 90, 91, 92, 93, 94, 95, 96, 97,98, 99, 100, 101, 102, 103, 104, 105, 106, 107, 108, 109, 110,111, 112, 113, 114]}]}