{"credit": "Made with Blockbench","texture_size": [32, 32],"textures": {"0": "minecraft:item/tristenlosey/salmon_scaled_hat","particle": "minecraft:item/tristenlosey/salmon_scaled_hat"},"elements": [{"from": [8, 19, 5],"to": [14, 24, 8],"rotation": { "angle": -22.5, "axis": "z", "origin": [9, 19, 5] },"faces": {"north": { "uv": [4, 4, 7, 6.5], "texture": "#0" },"east": { "uv": [6, 8, 7.5, 10.5], "texture": "#0" },"south": { "uv": [0, 5, 3, 7.5], "texture": "#0" },"west": { "uv": [7.5, 8, 9, 10.5], "texture": "#0" },"up": { "uv": [11, 1.5, 8, 0], "texture": "#0" },"down": { "uv": [11, 1.5, 8, 3], "texture": "#0" }}},{"from": [-2, 19, 5],"to": [2, 24, 8],"rotation": { "angle": 0, "axis": "y", "origin": [3, 19, 7] },"faces": {"north": { "uv": [7, 5.5, 9, 8], "texture": "#0" },"east": { "uv": [9, 5.5, 10.5, 8], "texture": "#0" },"south": { "uv": [0, 7.5, 2, 10], "texture": "#0" },"west": { "uv": [9, 8, 10.5, 10.5], "texture": "#0" },"up": { "uv": [5, 11.5, 3, 10], "texture": "#0" },"down": { "uv": [7, 10.5, 5, 12], "texture": "#0" }}},{"from": [2, 19, 5],"to": [10, 24, 8],"faces": {"north": { "uv": [0, 0, 4, 2.5], "texture": "#0" },"east": { "uv": [0, 10, 1.5, 12.5], "texture": "#0" },"south": { "uv": [0, 2.5, 4, 5], "texture": "#0" },"west": { "uv": [1.5, 10, 3, 12.5], "texture": "#0" },"up": { "uv": [7, 8, 3, 6.5], "texture": "#0" },"down": { "uv": [11, 4, 7, 5.5], "texture": "#0" }}},{"from": [12.15172, 16.75, 5.01275],"to": [14.15172, 18.75, 5.01275],"rotation": {"angle": 22.5,"axis": "x","origin": [12.25, 18.75, 5]},"faces": {"north": { "uv": [3, 5, 4, 6], "texture": "#0" },"east": { "uv": [3, 5, 4, 6], "texture": "#0" },"south": { "uv": [4, 5, 3, 6], "texture": "#0" },"west": { "uv": [3, 5, 4, 6], "texture": "#0" },"up": { "uv": [3, 5, 4, 6], "texture": "#0" },"down": { "uv": [3, 5, 4, 6], "texture": "#0" }}},{"from": [12.15172, 16.75, 7.98725],"to": [14.15172, 18.75, 7.98725],"rotation": {"angle": -22.5,"axis": "x","origin": [12.25, 18.75, 8]},"faces": {"north": { "uv": [11, 10.5, 10, 11.5], "texture": "#0" },"east": { "uv": [10, 10.5, 11, 11.5], "texture": "#0" },"south": { "uv": [10, 10.5, 11, 11.5], "texture": "#0" },"west": { "uv": [10, 10.5, 11, 11.5], "texture": "#0" },"up": { "uv": [10, 10.5, 11, 11.5], "texture": "#0" },"down": { "uv": [10, 10.5, 11, 11.5], "texture": "#0" }}},{"from": [3, 24, 6.5],"to": [8, 26, 6.5],"faces": {"north": { "uv": [8, 3, 10.5, 4], "texture": "#0" },"east": { "uv": [8, 3, 10.5, 4], "texture": "#0" },"south": { "uv": [10.5, 3, 8, 4], "texture": "#0" },"west": { "uv": [8, 3, 10.5, 4], "texture": "#0" },"up": { "uv": [8, 3, 10.5, 4], "texture": "#0" },"down": { "uv": [8, 3, 10.5, 4], "texture": "#0" }}},{"from": [12.49792, 17.51046, 5.5],"to": [16.74792, 21.51046, 7.5],"rotation": { "angle": -45, "axis": "z", "origin": [14, 18, 7.5] },"faces": {"north": { "uv": [2, 8, 4, 10], "texture": "#0" },"east": { "uv": [10.5, 5.5, 11.5, 7.5], "texture": "#0" },"south": { "uv": [4, 8, 6, 10], "texture": "#0" },"west": { "uv": [7, 10.5, 8, 12.5], "texture": "#0" },"up": { "uv": [12.5, 8.5, 10.5, 7.5], "texture": "#0" },"down": { "uv": [10, 10.5, 8, 11.5], "texture": "#0" }}},{"from": [-6, 18.75, 6.5],"to": [1.5, 22.5, 6.5],"rotation": {"angle": 45,"axis": "z","origin": [-2.07715, 19.10529, 6.5]},"faces": {"north": { "uv": [0, 13.5, 4.5, 16], "texture": "#0" },"east": { "uv": [0, 13.5, 4.5, 16], "texture": "#0" },"south": { "uv": [4.5, 13.5, 0, 16], "texture": "#0" },"west": { "uv": [0, 13.5, 4.5, 16], "texture": "#0" },"up": { "uv": [0, 13.5, 4.5, 16], "texture": "#0" },"down": { "uv": [0, 13.5, 4.5, 16], "texture": "#0" }}},{"from": [15.5, 14.5, 5.25],"to": [16.25, 15.25, 6],"faces": {"north": { "uv": [14.5, 14.5, 16, 16], "texture": "#0" },"east": { "uv": [14.5, 14.5, 16, 16], "texture": "#0" },"south": { "uv": [14.5, 14.5, 16, 16], "texture": "#0" },"west": { "uv": [14.5, 14.5, 16, 16], "texture": "#0" },"up": { "uv": [15.5, 15, 15, 14.5], "texture": "#0" },"down": { "uv": [15.5, 15.5, 15, 16], "texture": "#0" }}},{"from": [15.75, 14.25, 5.75],"to": [16, 16.25, 5.75],"faces": {"north": { "uv": [11, 0, 11.5, 1], "texture": "#0" },"east": { "uv": [0, 0, 0, 1], "texture": "#0" },"south": { "uv": [11, 1, 11.5, 2], "texture": "#0" },"west": { "uv": [0, 0, 0, 1], "texture": "#0" },"up": { "uv": [0.5, 0, 0, 0], "texture": "#0" },"down": { "uv": [0.5, 0, 0, 0], "texture": "#0" }}},{"from": [15.5, 16, 5.75],"to": [15.75, 16.25, 5.75],"faces": {"north": { "uv": [11, 4, 11.5, 4.5], "texture": "#0" },"east": { "uv": [0, 0, 0, 0.5], "texture": "#0" },"south": { "uv": [11, 4.5, 11.5, 5], "texture": "#0" },"west": { "uv": [0, 0, 0, 0.5], "texture": "#0" },"up": { "uv": [0.5, 0, 0, 0], "texture": "#0" },"down": { "uv": [0.5, 0, 0, 0], "texture": "#0" }}},{"from": [15.25, 15.75, 5.75],"to": [15.5, 16, 5.75],"faces": {"north": { "uv": [3, 6, 3.5, 6.5], "texture": "#0" },"east": { "uv": [0, 0, 0, 0.5], "texture": "#0" },"south": { "uv": [3.5, 6, 4, 6.5], "texture": "#0" },"west": { "uv": [0, 0, 0, 0.5], "texture": "#0" },"up": { "uv": [0.5, 0, 0, 0], "texture": "#0" },"down": { "uv": [0.5, 0, 0, 0], "texture": "#0" }}}],"display": {"thirdperson_righthand": {"translation": [0.25, -5.25, 2],"scale": [0.42, 0.42, 0.42]},"thirdperson_lefthand": {"translation": [-0.25, -5.25, 2],"scale": [0.42, 0.42, 0.42]},"firstperson_righthand": {"translation": [20.25, -30.5, -17.25],"scale": [1.77, 1.6, 1.04]},"firstperson_lefthand": {"translation": [12, -30.25, -17.25],"scale": [1.77, 1.6, 1.04]},"ground": {"translation": [0.5, -8.5, 1],"scale": [0.7, 0.7, 0.7]},"gui": {"rotation": [16, -141, 0],"translation": [-1.75, -8.5, 0],"scale": [0.73, 0.73, 0.73]},"head": {"rotation": [0, 18, 0],"translation": [3, -4, 0.75],"scale": [0.95, 0.95, 0.95]},"fixed": {"translation": [2.25, -30, -1.5],"scale": [2.27, 2.27, 2.27]}}}