{"credit": "Made with Blockbench","texture_size": [64, 64],"textures": {"1": "minecraft:item/tristenlosey/sculk_helsing"},"elements": [{"from": [13, 7, 4],"to": [13, 11, 13],"faces": {"north": { "uv": [0, 0, 0, 1], "texture": "#1" },"east": { "uv": [4, 3.75, 6.25, 4.75], "texture": "#1" },"south": { "uv": [0, 0, 0, 1], "texture": "#1" },"west": { "uv": [4, 4.75, 6.25, 5.75], "texture": "#1" },"up": { "uv": [0, 2.25, 0, 0], "texture": "#1" },"down": { "uv": [0, 0, 0, 2.25], "texture": "#1" }}},{"from": [4.4, 15, 4.4],"to": [12.6, 15, 12.4],"faces": {"north": { "uv": [0, 0, 2, 0], "texture": "#1" },"east": { "uv": [0, 0, 2, 0], "texture": "#1" },"south": { "uv": [0, 0, 2, 0], "texture": "#1" },"west": { "uv": [0, 0, 2, 0], "texture": "#1" },"up": { "uv": [2, 2, 0, 0], "texture": "#1" },"down": { "uv": [2, 2, 0, 4], "texture": "#1" }}},{"from": [4, 7, 4],"to": [13, 11, 4],"faces": {"north": { "uv": [0, 5.25, 2.25, 6.25], "texture": "#1" },"east": { "uv": [0, 0, 0, 1], "texture": "#1" },"south": { "uv": [2.25, 5.75, 4.5, 6.75], "texture": "#1" },"west": { "uv": [0, 0, 0, 1], "texture": "#1" },"up": { "uv": [2.25, 0, 0, 0], "texture": "#1" },"down": { "uv": [2.25, 0, 0, 0], "texture": "#1" }}},{"from": [4, 7, 4],"to": [4, 11, 13],"faces": {"north": { "uv": [0, 0, 0, 1], "texture": "#1" },"east": { "uv": [4.5, 5.75, 6.75, 6.75], "texture": "#1" },"south": { "uv": [0, 0, 0, 1], "texture": "#1" },"west": { "uv": [6, 0, 8.25, 1], "texture": "#1" },"up": { "uv": [0, 2.25, 0, 0], "texture": "#1" },"down": { "uv": [0, 0, 0, 2.25], "texture": "#1" }}},{"from": [4, 7, 13],"to": [13, 11, 13],"faces": {"north": { "uv": [6, 1, 8.25, 2], "texture": "#1" },"east": { "uv": [0, 0, 0, 1], "texture": "#1" },"south": { "uv": [6, 2, 8.25, 3], "texture": "#1" },"west": { "uv": [0, 0, 0, 1], "texture": "#1" },"up": { "uv": [2.25, 0, 0, 0], "texture": "#1" },"down": { "uv": [2.25, 0, 0, 0], "texture": "#1" }}},{"from": [4.4, 10, 4.4],"to": [12.6, 15, 4.4],"faces": {"north": { "uv": [2, 0, 4, 1.25], "texture": "#1" },"east": { "uv": [0, 0, 0, 1.25], "texture": "#1" },"south": { "uv": [2, 1.25, 4, 2.5], "texture": "#1" },"west": { "uv": [0, 0, 0, 1.25], "texture": "#1" },"up": { "uv": [2, 0, 0, 0], "texture": "#1" },"down": { "uv": [2, 0, 0, 0], "texture": "#1" }}},{"from": [4.4, 10, 12.4],"to": [12.6, 15, 12.4],"faces": {"north": { "uv": [2, 2.5, 4, 3.75], "texture": "#1" },"east": { "uv": [0, 0, 0, 1.25], "texture": "#1" },"south": { "uv": [2, 3.75, 4, 5], "texture": "#1" },"west": { "uv": [0, 0, 0, 1.25], "texture": "#1" },"up": { "uv": [2, 0, 0, 0], "texture": "#1" },"down": { "uv": [2, 0, 0, 0], "texture": "#1" }}},{"from": [12.6, 10, 4.4],"to": [12.6, 15, 12.4],"faces": {"north": { "uv": [0, 0, 0, 1.25], "texture": "#1" },"east": { "uv": [0, 4, 2, 5.25], "texture": "#1" },"south": { "uv": [0, 0, 0, 1.25], "texture": "#1" },"west": { "uv": [4, 0, 6, 1.25], "texture": "#1" },"up": { "uv": [0, 2, 0, 0], "texture": "#1" },"down": { "uv": [0, 0, 0, 2], "texture": "#1" }}},{"from": [4.4, 10, 4.4],"to": [4.4, 15, 12.4],"faces": {"north": { "uv": [0, 0, 0, 1.25], "texture": "#1" },"east": { "uv": [4, 1.25, 6, 2.5], "texture": "#1" },"south": { "uv": [0, 0, 0, 1.25], "texture": "#1" },"west": { "uv": [4, 2.5, 6, 3.75], "texture": "#1" },"up": { "uv": [0, 2, 0, 0], "texture": "#1" },"down": { "uv": [0, 0, 0, 2], "texture": "#1" }}},{"from": [4, 11, 12.4],"to": [12.4, 11, 13],"faces": {"north": { "uv": [0, 0, 2, 0], "texture": "#1" },"east": { "uv": [0, 0, 0.25, 0], "texture": "#1" },"south": { "uv": [0, 0, 2, 0], "texture": "#1" },"west": { "uv": [0, 0, 0.25, 0], "texture": "#1" },"up": { "uv": [4, 5.25, 2, 5], "texture": "#1" },"down": { "uv": [9.25, 5, 7.25, 5.25], "texture": "#1" }}},{"from": [4, 11, 4],"to": [12.4, 11, 4.4],"faces": {"north": { "uv": [0, 0, 2, 0], "texture": "#1" },"east": { "uv": [0, 0, 0.25, 0], "texture": "#1" },"south": { "uv": [0, 0, 2, 0], "texture": "#1" },"west": { "uv": [0, 0, 0.25, 0], "texture": "#1" },"up": { "uv": [9.25, 5.5, 7.25, 5.25], "texture": "#1" },"down": { "uv": [9.25, 5.5, 7.25, 5.75], "texture": "#1" }}},{"from": [12.4, 11, 4],"to": [13, 11, 13],"faces": {"north": { "uv": [0, 0, 0.25, 0], "texture": "#1" },"east": { "uv": [0, 0, 2.25, 0], "texture": "#1" },"south": { "uv": [0, 0, 0.25, 0], "texture": "#1" },"west": { "uv": [0, 0, 2.25, 0], "texture": "#1" },"up": { "uv": [0.5, 9.5, 0.25, 7.25], "texture": "#1" },"down": { "uv": [0.75, 7.25, 0.5, 9.5], "texture": "#1" }}},{"from": [4, 11, 4.4],"to": [4.4, 11, 12.4],"faces": {"north": { "uv": [0, 0, 0.25, 0], "texture": "#1" },"east": { "uv": [0, 0, 2, 0], "texture": "#1" },"south": { "uv": [0, 0, 0.25, 0], "texture": "#1" },"west": { "uv": [0, 0, 2, 0], "texture": "#1" },"up": { "uv": [1, 9.25, 0.75, 7.25], "texture": "#1" },"down": { "uv": [1.25, 7.25, 1, 9.25], "texture": "#1" }}},{"from": [12.6194, 5.08658, 1],"to": [13.6194, 5.08658, 16],"rotation": { "angle": 22.5, "axis": "z", "origin": [8, 7, 8] },"faces": {"north": { "uv": [0, 0, 0.25, 0], "texture": "#1" },"east": { "uv": [0, 0, 3.75, 0], "texture": "#1" },"south": { "uv": [0, 0, 0.25, 0], "texture": "#1" },"west": { "uv": [0, 0, 3.75, 0], "texture": "#1" },"up": { "uv": [4.75, 10.5, 4.5, 6.75], "texture": "#1" },"down": { "uv": [5, 6.75, 4.75, 10.5], "texture": "#1" }}},{"from": [13.6194, 5.08658, 2],"to": [14.6194, 5.08658, 15],"rotation": { "angle": 22.5, "axis": "z", "origin": [8, 7, 8] },"faces": {"north": { "uv": [0, 0, 0.25, 0], "texture": "#1" },"east": { "uv": [0, 0, 3.25, 0], "texture": "#1" },"south": { "uv": [0, 0, 0.25, 0], "texture": "#1" },"west": { "uv": [0, 0, 3.25, 0], "texture": "#1" },"up": { "uv": [5.5, 10, 5.25, 6.75], "texture": "#1" },"down": { "uv": [5.75, 6.75, 5.5, 10], "texture": "#1" }}},{"from": [14.6194, 5.08658, 3],"to": [15.6194, 5.08658, 14],"rotation": { "angle": 22.5, "axis": "z", "origin": [8, 7, 8] },"faces": {"north": { "uv": [0, 0, 0.25, 0], "texture": "#1" },"east": { "uv": [0, 0, 2.75, 0], "texture": "#1" },"south": { "uv": [0, 0, 0.25, 0], "texture": "#1" },"west": { "uv": [0, 0, 2.75, 0], "texture": "#1" },"up": { "uv": [6.5, 9.5, 6.25, 6.75], "texture": "#1" },"down": { "uv": [6.75, 6.75, 6.5, 9.5], "texture": "#1" }}},{"from": [3.30448, 5.46927, 1],"to": [4.30448, 5.46927, 16],"rotation": { "angle": -22.5, "axis": "z", "origin": [8, 7, 8] },"faces": {"north": { "uv": [0, 0, 0.25, 0], "texture": "#1" },"east": { "uv": [0, 0, 3.75, 0], "texture": "#1" },"south": { "uv": [0, 0, 0.25, 0], "texture": "#1" },"west": { "uv": [0, 0, 3.75, 0], "texture": "#1" },"up": { "uv": [5.25, 10.5, 5, 6.75], "texture": "#1" },"down": { "uv": [7, 5, 6.75, 8.75], "texture": "#1" }}},{"from": [2.30448, 5.46927, 2],"to": [3.30448, 5.46927, 15],"rotation": { "angle": -22.5, "axis": "z", "origin": [8, 7, 8] },"faces": {"north": { "uv": [0, 0, 0.25, 0], "texture": "#1" },"east": { "uv": [0, 0, 3.25, 0], "texture": "#1" },"south": { "uv": [0, 0, 0.25, 0], "texture": "#1" },"west": { "uv": [0, 0, 3.25, 0], "texture": "#1" },"up": { "uv": [6, 10, 5.75, 6.75], "texture": "#1" },"down": { "uv": [6.25, 6.75, 6, 10], "texture": "#1" }}},{"from": [4, 7, 0],"to": [13, 7, 4],"rotation": { "angle": 0, "axis": "y", "origin": [8, 7, 8] },"faces": {"north": { "uv": [0, 0, 2.25, 0], "texture": "#1" },"east": { "uv": [0, 0, 1, 0], "texture": "#1" },"south": { "uv": [0, 0, 2.25, 0], "texture": "#1" },"west": { "uv": [0, 0, 1, 0], "texture": "#1" },"up": { "uv": [2.25, 7.25, 0, 6.25], "texture": "#1" },"down": { "uv": [8.5, 3, 6.25, 4], "texture": "#1" }}},{"from": [1.30448, 5.46927, 3],"to": [2.30448, 5.46927, 14],"rotation": { "angle": -22.5, "axis": "z", "origin": [8, 7, 8] },"faces": {"north": { "uv": [0, 0, 0.25, 0], "texture": "#1" },"east": { "uv": [0, 0, 2.75, 0], "texture": "#1" },"south": { "uv": [0, 0, 0.25, 0], "texture": "#1" },"west": { "uv": [0, 0, 2.75, 0], "texture": "#1" },"up": { "uv": [7.25, 7.75, 7, 5], "texture": "#1" },"down": { "uv": [0.25, 7.25, 0, 10], "texture": "#1" }}},{"from": [4, 7, 13],"to": [13, 7, 17],"rotation": { "angle": 0, "axis": "y", "origin": [8, 7, 8] },"faces": {"north": { "uv": [0, 0, 2.25, 0], "texture": "#1" },"east": { "uv": [0, 0, 1, 0], "texture": "#1" },"south": { "uv": [0, 0, 2.25, 0], "texture": "#1" },"west": { "uv": [0, 0, 1, 0], "texture": "#1" },"up": { "uv": [8.5, 5, 6.25, 4], "texture": "#1" },"down": { "uv": [4.5, 6.75, 2.25, 7.75], "texture": "#1" }}},{"from": [14.2, 16.5, -2.4],"to": [14.5, 16.8, -2.4],"rotation": { "angle": -45, "axis": "y", "origin": [0, 0, 0] },"faces": {"north": { "uv": [2.75, 5.25, 3, 5.5], "texture": "#1" },"east": { "uv": [2.75, 5.25, 3, 5.5], "texture": "#1" },"south": { "uv": [2.75, 5.25, 3, 5.5], "texture": "#1" },"west": { "uv": [2.75, 5.25, 3, 5.5], "texture": "#1" },"up": { "uv": [2.75, 5.25, 3, 5.5], "texture": "#1" },"down": { "uv": [2.75, 5.25, 3, 5.5], "texture": "#1" }}},{"from": [13.6, 15, -2.4],"to": [13.9, 15.3, -2.4],"rotation": { "angle": -45, "axis": "y", "origin": [0, 0, 0] },"faces": {"north": { "uv": [3.25, 5.25, 3.5, 5.5], "texture": "#1" },"east": { "uv": [3.25, 5.25, 3.5, 5.5], "texture": "#1" },"south": { "uv": [3.25, 5.25, 3.5, 5.5], "texture": "#1" },"west": { "uv": [3.25, 5.25, 3.5, 5.5], "texture": "#1" },"up": { "uv": [3.25, 5.25, 3.5, 5.5], "texture": "#1" },"down": { "uv": [3.25, 5.25, 3.5, 5.5], "texture": "#1" }}},{"from": [14.2, 16.2, -2.4],"to": [14.5, 16.5, -2.4],"rotation": { "angle": -45, "axis": "y", "origin": [0, 0, 0] },"faces": {"north": { "uv": [3.75, 5.25, 4, 5.5], "texture": "#1" },"east": { "uv": [3.75, 5.25, 4, 5.5], "texture": "#1" },"south": { "uv": [3.75, 5.25, 4, 5.5], "texture": "#1" },"west": { "uv": [3.75, 5.25, 4, 5.5], "texture": "#1" },"up": { "uv": [3.75, 5.25, 4, 5.5], "texture": "#1" },"down": { "uv": [3.75, 5.25, 4, 5.5], "texture": "#1" }}},{"from": [13.9, 15.9, -2.4],"to": [14.2, 16.2, -2.4],"rotation": { "angle": -45, "axis": "y", "origin": [0, 0, 0] },"faces": {"north": { "uv": [2.5, 5.5, 2.75, 5.75], "texture": "#1" },"east": { "uv": [2.5, 5.5, 2.75, 5.75], "texture": "#1" },"south": { "uv": [2.5, 5.5, 2.75, 5.75], "texture": "#1" },"west": { "uv": [2.5, 5.5, 2.75, 5.75], "texture": "#1" },"up": { "uv": [2.5, 5.5, 2.75, 5.75], "texture": "#1" },"down": { "uv": [2.5, 5.5, 2.75, 5.75], "texture": "#1" }}},{"from": [13.9, 15, -2.4],"to": [14.2, 15.3, -2.4],"rotation": { "angle": -45, "axis": "y", "origin": [0, 0, 0] },"faces": {"north": { "uv": [3, 5.5, 3.25, 5.75], "texture": "#1" },"east": { "uv": [3, 5.5, 3.25, 5.75], "texture": "#1" },"south": { "uv": [3, 5.5, 3.25, 5.75], "texture": "#1" },"west": { "uv": [3, 5.5, 3.25, 5.75], "texture": "#1" },"up": { "uv": [3, 5.5, 3.25, 5.75], "texture": "#1" },"down": { "uv": [3, 5.5, 3.25, 5.75], "texture": "#1" }}},{"from": [13.9, 15.3, -2.4],"to": [14.2, 15.6, -2.4],"rotation": { "angle": -45, "axis": "y", "origin": [0, 0, 0] },"faces": {"north": { "uv": [3.5, 5.5, 3.75, 5.75], "texture": "#1" },"east": { "uv": [3.5, 5.5, 3.75, 5.75], "texture": "#1" },"south": { "uv": [3.5, 5.5, 3.75, 5.75], "texture": "#1" },"west": { "uv": [3.5, 5.5, 3.75, 5.75], "texture": "#1" },"up": { "uv": [3.5, 5.5, 3.75, 5.75], "texture": "#1" },"down": { "uv": [3.5, 5.5, 3.75, 5.75], "texture": "#1" }}},{"from": [14.2, 15.9, -2.4],"to": [14.5, 16.2, -2.4],"rotation": { "angle": -45, "axis": "y", "origin": [0, 0, 0] },"faces": {"north": { "uv": [6, 3, 6.25, 3.25], "texture": "#1" },"east": { "uv": [6, 3, 6.25, 3.25], "texture": "#1" },"south": { "uv": [6, 3, 6.25, 3.25], "texture": "#1" },"west": { "uv": [6, 3, 6.25, 3.25], "texture": "#1" },"up": { "uv": [6, 3, 6.25, 3.25], "texture": "#1" },"down": { "uv": [6, 3, 6.25, 3.25], "texture": "#1" }}},{"from": [14.5, 15.6, -2.4],"to": [14.8, 15.9, -2.4],"rotation": { "angle": -45, "axis": "y", "origin": [0, 0, 0] },"faces": {"north": { "uv": [6, 3.5, 6.25, 3.75], "texture": "#1" },"east": { "uv": [6, 3.5, 6.25, 3.75], "texture": "#1" },"south": { "uv": [6, 3.5, 6.25, 3.75], "texture": "#1" },"west": { "uv": [6, 3.5, 6.25, 3.75], "texture": "#1" },"up": { "uv": [6, 3.5, 6.25, 3.75], "texture": "#1" },"down": { "uv": [6, 3.5, 6.25, 3.75], "texture": "#1" }}},{"from": [14.2, 15.6, -2.4],"to": [14.5, 15.9, -2.4],"rotation": { "angle": -45, "axis": "y", "origin": [0, 0, 0] },"faces": {"north": { "uv": [6.25, 5.25, 6.5, 5.5], "texture": "#1" },"east": { "uv": [6.25, 5.25, 6.5, 5.5], "texture": "#1" },"south": { "uv": [6.25, 5.25, 6.5, 5.5], "texture": "#1" },"west": { "uv": [6.25, 5.25, 6.5, 5.5], "texture": "#1" },"up": { "uv": [6.25, 5.25, 6.5, 5.5], "texture": "#1" },"down": { "uv": [6.25, 5.25, 6.5, 5.5], "texture": "#1" }}},{"from": [13.9, 15.6, -2.4],"to": [14.2, 15.9, -2.4],"rotation": { "angle": -45, "axis": "y", "origin": [0, 0, 0] },"faces": {"north": { "uv": [6.5, 5, 6.75, 5.25], "texture": "#1" },"east": { "uv": [6.5, 5, 6.75, 5.25], "texture": "#1" },"south": { "uv": [6.5, 5, 6.75, 5.25], "texture": "#1" },"west": { "uv": [6.5, 5, 6.75, 5.25], "texture": "#1" },"up": { "uv": [6.5, 5, 6.75, 5.25], "texture": "#1" },"down": { "uv": [6.5, 5, 6.75, 5.25], "texture": "#1" }}},{"from": [14.8, 15.6, -2.4],"to": [15.1, 15.9, -2.4],"rotation": { "angle": -45, "axis": "y", "origin": [0, 0, 0] },"faces": {"north": { "uv": [6.5, 5.5, 6.75, 5.75], "texture": "#1" },"east": { "uv": [6.5, 5.5, 6.75, 5.75], "texture": "#1" },"south": { "uv": [6.5, 5.5, 6.75, 5.75], "texture": "#1" },"west": { "uv": [6.5, 5.5, 6.75, 5.75], "texture": "#1" },"up": { "uv": [6.5, 5.5, 6.75, 5.75], "texture": "#1" },"down": { "uv": [6.5, 5.5, 6.75, 5.75], "texture": "#1" }}},{"from": [14.2, 15.3, -2.4],"to": [14.5, 15.6, -2.4],"rotation": { "angle": -45, "axis": "y", "origin": [0, 0, 0] },"faces": {"north": { "uv": [1.5, 7.25, 1.75, 7.5], "texture": "#1" },"east": { "uv": [1.5, 7.25, 1.75, 7.5], "texture": "#1" },"south": { "uv": [1.5, 7.25, 1.75, 7.5], "texture": "#1" },"west": { "uv": [1.5, 7.25, 1.75, 7.5], "texture": "#1" },"up": { "uv": [1.5, 7.25, 1.75, 7.5], "texture": "#1" },"down": { "uv": [1.5, 7.25, 1.75, 7.5], "texture": "#1" }}},{"from": [14.5, 15.3, -2.4],"to": [14.8, 15.6, -2.4],"rotation": { "angle": -45, "axis": "y", "origin": [0, 0, 0] },"faces": {"north": { "uv": [2, 7.25, 2.25, 7.5], "texture": "#1" },"east": { "uv": [2, 7.25, 2.25, 7.5], "texture": "#1" },"south": { "uv": [2, 7.25, 2.25, 7.5], "texture": "#1" },"west": { "uv": [2, 7.25, 2.25, 7.5], "texture": "#1" },"up": { "uv": [2, 7.25, 2.25, 7.5], "texture": "#1" },"down": { "uv": [2, 7.25, 2.25, 7.5], "texture": "#1" }}},{"from": [14.2, 15, -2.4],"to": [14.5, 15.3, -2.4],"rotation": { "angle": -45, "axis": "y", "origin": [0, 0, 0] },"faces": {"north": { "uv": [7.25, 6, 7.5, 6.25], "texture": "#1" },"east": { "uv": [7.25, 6, 7.5, 6.25], "texture": "#1" },"south": { "uv": [7.25, 6, 7.5, 6.25], "texture": "#1" },"west": { "uv": [7.25, 6, 7.5, 6.25], "texture": "#1" },"up": { "uv": [7.25, 6, 7.5, 6.25], "texture": "#1" },"down": { "uv": [7.25, 6, 7.5, 6.25], "texture": "#1" }}},{"from": [14.8, 15.3, -2.4],"to": [15.1, 15.6, -2.4],"rotation": { "angle": -45, "axis": "y", "origin": [0, 0, 0] },"faces": {"north": { "uv": [7.25, 6.5, 7.5, 6.75], "texture": "#1" },"east": { "uv": [7.25, 6.5, 7.5, 6.75], "texture": "#1" },"south": { "uv": [7.25, 6.5, 7.5, 6.75], "texture": "#1" },"west": { "uv": [7.25, 6.5, 7.5, 6.75], "texture": "#1" },"up": { "uv": [7.25, 6.5, 7.5, 6.75], "texture": "#1" },"down": { "uv": [7.25, 6.5, 7.5, 6.75], "texture": "#1" }}},{"from": [14.5, 15, -2.4],"to": [14.8, 15.3, -2.4],"rotation": { "angle": -45, "axis": "y", "origin": [0, 0, 0] },"faces": {"north": { "uv": [7.25, 7, 7.5, 7.25], "texture": "#1" },"east": { "uv": [7.25, 7, 7.5, 7.25], "texture": "#1" },"south": { "uv": [7.25, 7, 7.5, 7.25], "texture": "#1" },"west": { "uv": [7.25, 7, 7.5, 7.25], "texture": "#1" },"up": { "uv": [7.25, 7, 7.5, 7.25], "texture": "#1" },"down": { "uv": [7.25, 7, 7.5, 7.25], "texture": "#1" }}},{"from": [14.8, 15, -2.4],"to": [15.1, 15.3, -2.4],"rotation": { "angle": -45, "axis": "y", "origin": [0, 0, 0] },"faces": {"north": { "uv": [1.25, 7.5, 1.5, 7.75], "texture": "#1" },"east": { "uv": [1.25, 7.5, 1.5, 7.75], "texture": "#1" },"south": { "uv": [1.25, 7.5, 1.5, 7.75], "texture": "#1" },"west": { "uv": [1.25, 7.5, 1.5, 7.75], "texture": "#1" },"up": { "uv": [1.25, 7.5, 1.5, 7.75], "texture": "#1" },"down": { "uv": [1.25, 7.5, 1.5, 7.75], "texture": "#1" }}},{"from": [14.5, 15.9, -2.4],"to": [14.8, 16.2, -2.4],"rotation": { "angle": -45, "axis": "y", "origin": [0, 0, 0] },"faces": {"north": { "uv": [1.75, 7.5, 2, 7.75], "texture": "#1" },"east": { "uv": [1.75, 7.5, 2, 7.75], "texture": "#1" },"south": { "uv": [1.75, 7.5, 2, 7.75], "texture": "#1" },"west": { "uv": [1.75, 7.5, 2, 7.75], "texture": "#1" },"up": { "uv": [1.75, 7.5, 2, 7.75], "texture": "#1" },"down": { "uv": [1.75, 7.5, 2, 7.75], "texture": "#1" }}},{"from": [14.5, 16.2, -2.4],"to": [14.8, 16.5, -2.4],"rotation": { "angle": -45, "axis": "y", "origin": [0, 0, 0] },"faces": {"north": { "uv": [7.5, 5.75, 7.75, 6], "texture": "#1" },"east": { "uv": [7.5, 5.75, 7.75, 6], "texture": "#1" },"south": { "uv": [7.5, 5.75, 7.75, 6], "texture": "#1" },"west": { "uv": [7.5, 5.75, 7.75, 6], "texture": "#1" },"up": { "uv": [7.5, 5.75, 7.75, 6], "texture": "#1" },"down": { "uv": [7.5, 5.75, 7.75, 6], "texture": "#1" }}},{"from": [1.6, 9.7, 5.7],"to": [1.6, 10, 6],"rotation": { "angle": -22.5, "axis": "z", "origin": [1, 8, 6] },"faces": {"north": { "uv": [7.5, 6.5, 7.75, 6.75], "texture": "#1" },"east": { "uv": [7.5, 6.5, 7.75, 6.75], "texture": "#1" },"south": { "uv": [7.5, 6.5, 7.75, 6.75], "texture": "#1" },"west": { "uv": [7.5, 6.5, 7.75, 6.75], "texture": "#1" },"up": { "uv": [7.5, 6.5, 7.75, 6.75], "texture": "#1" },"down": { "uv": [7.5, 6.5, 7.75, 6.75], "texture": "#1" }}},{"from": [1.6, 8.2, 6.3],"to": [1.6, 8.5, 6.6],"rotation": { "angle": -22.5, "axis": "z", "origin": [1, 8, 6] },"faces": {"north": { "uv": [7.5, 7, 7.75, 7.25], "texture": "#1" },"east": { "uv": [7.5, 7, 7.75, 7.25], "texture": "#1" },"south": { "uv": [7.5, 7, 7.75, 7.25], "texture": "#1" },"west": { "uv": [7.5, 7, 7.75, 7.25], "texture": "#1" },"up": { "uv": [7.5, 7, 7.75, 7.25], "texture": "#1" },"down": { "uv": [7.5, 7, 7.75, 7.25], "texture": "#1" }}},{"from": [1.6, 9.1, 6],"to": [1.6, 9.4, 6.3],"rotation": { "angle": -22.5, "axis": "z", "origin": [1, 8, 6] },"faces": {"north": { "uv": [7.5, 7.25, 7.75, 7.5], "texture": "#1" },"east": { "uv": [7.5, 7.25, 7.75, 7.5], "texture": "#1" },"south": { "uv": [7.5, 7.25, 7.75, 7.5], "texture": "#1" },"west": { "uv": [7.5, 7.25, 7.75, 7.5], "texture": "#1" },"up": { "uv": [7.5, 7.25, 7.75, 7.5], "texture": "#1" },"down": { "uv": [7.5, 7.25, 7.75, 7.5], "texture": "#1" }}},{"from": [1.6, 9.4, 5.7],"to": [1.6, 9.7, 6],"rotation": { "angle": -22.5, "axis": "z", "origin": [1, 8, 6] },"faces": {"north": { "uv": [1.25, 7.75, 1.5, 8], "texture": "#1" },"east": { "uv": [1.25, 7.75, 1.5, 8], "texture": "#1" },"south": { "uv": [1.25, 7.75, 1.5, 8], "texture": "#1" },"west": { "uv": [1.25, 7.75, 1.5, 8], "texture": "#1" },"up": { "uv": [1.25, 7.75, 1.5, 8], "texture": "#1" },"down": { "uv": [1.25, 7.75, 1.5, 8], "texture": "#1" }}},{"from": [1.6, 8.2, 6],"to": [1.6, 8.5, 6.3],"rotation": { "angle": -22.5, "axis": "z", "origin": [1, 8, 6] },"faces": {"north": { "uv": [1.75, 7.75, 2, 8], "texture": "#1" },"east": { "uv": [1.75, 7.75, 2, 8], "texture": "#1" },"south": { "uv": [1.75, 7.75, 2, 8], "texture": "#1" },"west": { "uv": [1.75, 7.75, 2, 8], "texture": "#1" },"up": { "uv": [1.75, 7.75, 2, 8], "texture": "#1" },"down": { "uv": [1.75, 7.75, 2, 8], "texture": "#1" }}},{"from": [1.6, 8.5, 6],"to": [1.6, 8.8, 6.3],"rotation": { "angle": -22.5, "axis": "z", "origin": [1, 8, 6] },"faces": {"north": { "uv": [2.25, 7.75, 2.5, 8], "texture": "#1" },"east": { "uv": [2.25, 7.75, 2.5, 8], "texture": "#1" },"south": { "uv": [2.25, 7.75, 2.5, 8], "texture": "#1" },"west": { "uv": [2.25, 7.75, 2.5, 8], "texture": "#1" },"up": { "uv": [2.25, 7.75, 2.5, 8], "texture": "#1" },"down": { "uv": [2.25, 7.75, 2.5, 8], "texture": "#1" }}},{"from": [1.6, 9.1, 5.7],"to": [1.6, 9.4, 6],"rotation": { "angle": -22.5, "axis": "z", "origin": [1, 8, 6] },"faces": {"north": { "uv": [2.75, 7.75, 3, 8], "texture": "#1" },"east": { "uv": [2.75, 7.75, 3, 8], "texture": "#1" },"south": { "uv": [2.75, 7.75, 3, 8], "texture": "#1" },"west": { "uv": [2.75, 7.75, 3, 8], "texture": "#1" },"up": { "uv": [2.75, 7.75, 3, 8], "texture": "#1" },"down": { "uv": [2.75, 7.75, 3, 8], "texture": "#1" }}},{"from": [1.6, 8.8, 6],"to": [1.6, 9.1, 6.3],"rotation": { "angle": -22.5, "axis": "z", "origin": [1, 8, 6] },"faces": {"north": { "uv": [3.25, 7.75, 3.5, 8], "texture": "#1" },"east": { "uv": [3.25, 7.75, 3.5, 8], "texture": "#1" },"south": { "uv": [3.25, 7.75, 3.5, 8], "texture": "#1" },"west": { "uv": [3.25, 7.75, 3.5, 8], "texture": "#1" },"up": { "uv": [3.25, 7.75, 3.5, 8], "texture": "#1" },"down": { "uv": [3.25, 7.75, 3.5, 8], "texture": "#1" }}},{"from": [1.6, 8.8, 5.7],"to": [1.6, 9.1, 6],"rotation": { "angle": -22.5, "axis": "z", "origin": [1, 8, 6] },"faces": {"north": { "uv": [3.75, 7.75, 4, 8], "texture": "#1" },"east": { "uv": [3.75, 7.75, 4, 8], "texture": "#1" },"south": { "uv": [3.75, 7.75, 4, 8], "texture": "#1" },"west": { "uv": [3.75, 7.75, 4, 8], "texture": "#1" },"up": { "uv": [3.75, 7.75, 4, 8], "texture": "#1" },"down": { "uv": [3.75, 7.75, 4, 8], "texture": "#1" }}},{"from": [1.6, 8.8, 5.4],"to": [1.6, 9.1, 5.7],"rotation": { "angle": -22.5, "axis": "z", "origin": [1, 8, 6] },"faces": {"north": { "uv": [4.25, 7.75, 4.5, 8], "texture": "#1" },"east": { "uv": [4.25, 7.75, 4.5, 8], "texture": "#1" },"south": { "uv": [4.25, 7.75, 4.5, 8], "texture": "#1" },"west": { "uv": [4.25, 7.75, 4.5, 8], "texture": "#1" },"up": { "uv": [4.25, 7.75, 4.5, 8], "texture": "#1" },"down": { "uv": [4.25, 7.75, 4.5, 8], "texture": "#1" }}},{"from": [1.6, 8.8, 5.1],"to": [1.6, 9.1, 5.4],"rotation": { "angle": -22.5, "axis": "z", "origin": [1, 8, 6] },"faces": {"north": { "uv": [7.75, 6, 8, 6.25], "texture": "#1" },"east": { "uv": [7.75, 6, 8, 6.25], "texture": "#1" },"south": { "uv": [7.75, 6, 8, 6.25], "texture": "#1" },"west": { "uv": [7.75, 6, 8, 6.25], "texture": "#1" },"up": { "uv": [7.75, 6, 8, 6.25], "texture": "#1" },"down": { "uv": [7.75, 6, 8, 6.25], "texture": "#1" }}},{"from": [1.6, 8.5, 5.4],"to": [1.6, 8.8, 5.7],"rotation": { "angle": -22.5, "axis": "z", "origin": [1, 8, 6] },"faces": {"north": { "uv": [7.75, 6.5, 8, 6.75], "texture": "#1" },"east": { "uv": [7.75, 6.5, 8, 6.75], "texture": "#1" },"south": { "uv": [7.75, 6.5, 8, 6.75], "texture": "#1" },"west": { "uv": [7.75, 6.5, 8, 6.75], "texture": "#1" },"up": { "uv": [7.75, 6.5, 8, 6.75], "texture": "#1" },"down": { "uv": [7.75, 6.5, 8, 6.75], "texture": "#1" }}},{"from": [1.6, 8.5, 5.7],"to": [1.6, 8.8, 6],"rotation": { "angle": -22.5, "axis": "z", "origin": [1, 8, 6] },"faces": {"north": { "uv": [7, 7.75, 7.25, 8], "texture": "#1" },"east": { "uv": [7, 7.75, 7.25, 8], "texture": "#1" },"south": { "uv": [7, 7.75, 7.25, 8], "texture": "#1" },"west": { "uv": [7, 7.75, 7.25, 8], "texture": "#1" },"up": { "uv": [7, 7.75, 7.25, 8], "texture": "#1" },"down": { "uv": [7, 7.75, 7.25, 8], "texture": "#1" }}},{"from": [1.6, 8.5, 5.1],"to": [1.6, 8.8, 5.4],"rotation": { "angle": -22.5, "axis": "z", "origin": [1, 8, 6] },"faces": {"north": { "uv": [7.25, 7.75, 7.5, 8], "texture": "#1" },"east": { "uv": [7.25, 7.75, 7.5, 8], "texture": "#1" },"south": { "uv": [7.25, 7.75, 7.5, 8], "texture": "#1" },"west": { "uv": [7.25, 7.75, 7.5, 8], "texture": "#1" },"up": { "uv": [7.25, 7.75, 7.5, 8], "texture": "#1" },"down": { "uv": [7.25, 7.75, 7.5, 8], "texture": "#1" }}},{"from": [1.6, 8.2, 5.7],"to": [1.6, 8.5, 6],"rotation": { "angle": -22.5, "axis": "z", "origin": [1, 8, 6] },"faces": {"north": { "uv": [7.5, 7.75, 7.75, 8], "texture": "#1" },"east": { "uv": [7.5, 7.75, 7.75, 8], "texture": "#1" },"south": { "uv": [7.5, 7.75, 7.75, 8], "texture": "#1" },"west": { "uv": [7.5, 7.75, 7.75, 8], "texture": "#1" },"up": { "uv": [7.5, 7.75, 7.75, 8], "texture": "#1" },"down": { "uv": [7.5, 7.75, 7.75, 8], "texture": "#1" }}},{"from": [1.6, 8.2, 5.1],"to": [1.6, 8.5, 5.4],"rotation": { "angle": -22.5, "axis": "z", "origin": [1, 8, 6] },"faces": {"north": { "uv": [7.75, 7.75, 8, 8], "texture": "#1" },"east": { "uv": [7.75, 7.75, 8, 8], "texture": "#1" },"south": { "uv": [7.75, 7.75, 8, 8], "texture": "#1" },"west": { "uv": [7.75, 7.75, 8, 8], "texture": "#1" },"up": { "uv": [7.75, 7.75, 8, 8], "texture": "#1" },"down": { "uv": [7.75, 7.75, 8, 8], "texture": "#1" }}},{"from": [1.6, 8.2, 5.4],"to": [1.6, 8.5, 5.7],"rotation": { "angle": -22.5, "axis": "z", "origin": [1, 8, 6] },"faces": {"north": { "uv": [1.5, 8, 1.75, 8.25], "texture": "#1" },"east": { "uv": [1.5, 8, 1.75, 8.25], "texture": "#1" },"south": { "uv": [1.5, 8, 1.75, 8.25], "texture": "#1" },"west": { "uv": [1.5, 8, 1.75, 8.25], "texture": "#1" },"up": { "uv": [1.5, 8, 1.75, 8.25], "texture": "#1" },"down": { "uv": [1.5, 8, 1.75, 8.25], "texture": "#1" }}},{"from": [1.6, 9.1, 5.4],"to": [1.6, 9.4, 5.7],"rotation": { "angle": -22.5, "axis": "z", "origin": [1, 8, 6] },"faces": {"north": { "uv": [2, 8, 2.25, 8.25], "texture": "#1" },"east": { "uv": [2, 8, 2.25, 8.25], "texture": "#1" },"south": { "uv": [2, 8, 2.25, 8.25], "texture": "#1" },"west": { "uv": [2, 8, 2.25, 8.25], "texture": "#1" },"up": { "uv": [2, 8, 2.25, 8.25], "texture": "#1" },"down": { "uv": [2, 8, 2.25, 8.25], "texture": "#1" }}},{"from": [1.6, 9.4, 5.4],"to": [1.6, 9.7, 5.7],"rotation": { "angle": -22.5, "axis": "z", "origin": [1, 8, 6] },"faces": {"north": { "uv": [2.5, 8, 2.75, 8.25], "texture": "#1" },"east": { "uv": [2.5, 8, 2.75, 8.25], "texture": "#1" },"south": { "uv": [2.5, 8, 2.75, 8.25], "texture": "#1" },"west": { "uv": [2.5, 8, 2.75, 8.25], "texture": "#1" },"up": { "uv": [2.5, 8, 2.75, 8.25], "texture": "#1" },"down": { "uv": [2.5, 8, 2.75, 8.25], "texture": "#1" }}},{"from": [12.05786, 8.5, 14.42843],"to": [12.35786, 8.8, 14.42843],"rotation": { "angle": -22.5, "axis": "y", "origin": [12, 7, 14] },"faces": {"north": { "uv": [3, 8, 3.25, 8.25], "texture": "#1" },"east": { "uv": [3, 8, 3.25, 8.25], "texture": "#1" },"south": { "uv": [3, 8, 3.25, 8.25], "texture": "#1" },"west": { "uv": [3, 8, 3.25, 8.25], "texture": "#1" },"up": { "uv": [3, 8, 3.25, 8.25], "texture": "#1" },"down": { "uv": [3, 8, 3.25, 8.25], "texture": "#1" }}},{"from": [11.45786, 7, 14.42843],"to": [11.75786, 7.3, 14.42843],"rotation": { "angle": -22.5, "axis": "y", "origin": [12, 7, 14] },"faces": {"north": { "uv": [3.5, 8, 3.75, 8.25], "texture": "#1" },"east": { "uv": [3.5, 8, 3.75, 8.25], "texture": "#1" },"south": { "uv": [3.5, 8, 3.75, 8.25], "texture": "#1" },"west": { "uv": [3.5, 8, 3.75, 8.25], "texture": "#1" },"up": { "uv": [3.5, 8, 3.75, 8.25], "texture": "#1" },"down": { "uv": [3.5, 8, 3.75, 8.25], "texture": "#1" }}},{"from": [11.75786, 7.9, 14.42843],"to": [12.05786, 8.2, 14.42843],"rotation": { "angle": -22.5, "axis": "y", "origin": [12, 7, 14] },"faces": {"north": { "uv": [4, 8, 4.25, 8.25], "texture": "#1" },"east": { "uv": [4, 8, 4.25, 8.25], "texture": "#1" },"south": { "uv": [4, 8, 4.25, 8.25], "texture": "#1" },"west": { "uv": [4, 8, 4.25, 8.25], "texture": "#1" },"up": { "uv": [4, 8, 4.25, 8.25], "texture": "#1" },"down": { "uv": [4, 8, 4.25, 8.25], "texture": "#1" }}},{"from": [12.05786, 8.2, 14.42843],"to": [12.35786, 8.5, 14.42843],"rotation": { "angle": -22.5, "axis": "y", "origin": [12, 7, 14] },"faces": {"north": { "uv": [8, 5.75, 8.25, 6], "texture": "#1" },"east": { "uv": [8, 5.75, 8.25, 6], "texture": "#1" },"south": { "uv": [8, 5.75, 8.25, 6], "texture": "#1" },"west": { "uv": [8, 5.75, 8.25, 6], "texture": "#1" },"up": { "uv": [8, 5.75, 8.25, 6], "texture": "#1" },"down": { "uv": [8, 5.75, 8.25, 6], "texture": "#1" }}},{"from": [11.75786, 7, 14.42843],"to": [12.05786, 7.6, 14.42843],"rotation": { "angle": -22.5, "axis": "y", "origin": [12, 7, 14] },"faces": {"north": { "uv": [8, 6.75, 8.25, 7], "texture": "#1" },"east": { "uv": [8, 6.75, 8.25, 7], "texture": "#1" },"south": { "uv": [8, 6.75, 8.25, 7], "texture": "#1" },"west": { "uv": [8, 6.75, 8.25, 7], "texture": "#1" },"up": { "uv": [8, 6.75, 8.25, 7], "texture": "#1" },"down": { "uv": [8, 6.75, 8.25, 7], "texture": "#1" }}},{"from": [11.75786, 7.6, 14.42843],"to": [12.05786, 7.9, 14.42843],"rotation": { "angle": -22.5, "axis": "y", "origin": [12, 7, 14] },"faces": {"north": { "uv": [8, 7, 8.25, 7.25], "texture": "#1" },"east": { "uv": [8, 7, 8.25, 7.25], "texture": "#1" },"south": { "uv": [8, 7, 8.25, 7.25], "texture": "#1" },"west": { "uv": [8, 7, 8.25, 7.25], "texture": "#1" },"up": { "uv": [8, 7, 8.25, 7.25], "texture": "#1" },"down": { "uv": [8, 7, 8.25, 7.25], "texture": "#1" }}},{"from": [12.05786, 7.6, 14.42843],"to": [12.35786, 7.9, 14.42843],"rotation": { "angle": -22.5, "axis": "y", "origin": [12, 7, 14] },"faces": {"north": { "uv": [8, 7.25, 8.25, 7.5], "texture": "#1" },"east": { "uv": [8, 7.25, 8.25, 7.5], "texture": "#1" },"south": { "uv": [8, 7.25, 8.25, 7.5], "texture": "#1" },"west": { "uv": [8, 7.25, 8.25, 7.5], "texture": "#1" },"up": { "uv": [8, 7.25, 8.25, 7.5], "texture": "#1" },"down": { "uv": [8, 7.25, 8.25, 7.5], "texture": "#1" }}},{"from": [12.35786, 7.6, 14.42843],"to": [12.65786, 7.9, 14.42843],"rotation": { "angle": -22.5, "axis": "y", "origin": [12, 7, 14] },"faces": {"north": { "uv": [8, 7.5, 8.25, 7.75], "texture": "#1" },"east": { "uv": [8, 7.5, 8.25, 7.75], "texture": "#1" },"south": { "uv": [8, 7.5, 8.25, 7.75], "texture": "#1" },"west": { "uv": [8, 7.5, 8.25, 7.75], "texture": "#1" },"up": { "uv": [8, 7.5, 8.25, 7.75], "texture": "#1" },"down": { "uv": [8, 7.5, 8.25, 7.75], "texture": "#1" }}},{"from": [12.35786, 7.3, 14.42843],"to": [12.65786, 7.6, 14.42843],"rotation": { "angle": -22.5, "axis": "y", "origin": [12, 7, 14] },"faces": {"north": { "uv": [8, 7.75, 8.25, 8], "texture": "#1" },"east": { "uv": [8, 7.75, 8.25, 8], "texture": "#1" },"south": { "uv": [8, 7.75, 8.25, 8], "texture": "#1" },"west": { "uv": [8, 7.75, 8.25, 8], "texture": "#1" },"up": { "uv": [8, 7.75, 8.25, 8], "texture": "#1" },"down": { "uv": [8, 7.75, 8.25, 8], "texture": "#1" }}},{"from": [12.05786, 7.9, 14.42843],"to": [12.35786, 8.2, 14.42843],"rotation": { "angle": -22.5, "axis": "y", "origin": [12, 7, 14] },"faces": {"north": { "uv": [8.25, 0, 8.5, 0.25], "texture": "#1" },"east": { "uv": [8.25, 0, 8.5, 0.25], "texture": "#1" },"south": { "uv": [8.25, 0, 8.5, 0.25], "texture": "#1" },"west": { "uv": [8.25, 0, 8.5, 0.25], "texture": "#1" },"up": { "uv": [8.25, 0, 8.5, 0.25], "texture": "#1" },"down": { "uv": [8.25, 0, 8.5, 0.25], "texture": "#1" }}},{"from": [12.65786, 7.6, 14.42843],"to": [12.95786, 7.9, 14.42843],"rotation": { "angle": -22.5, "axis": "y", "origin": [12, 7, 14] },"faces": {"north": { "uv": [8.25, 0.5, 8.5, 0.75], "texture": "#1" },"east": { "uv": [8.25, 0.5, 8.5, 0.75], "texture": "#1" },"south": { "uv": [8.25, 0.5, 8.5, 0.75], "texture": "#1" },"west": { "uv": [8.25, 0.5, 8.5, 0.75], "texture": "#1" },"up": { "uv": [8.25, 0.5, 8.5, 0.75], "texture": "#1" },"down": { "uv": [8.25, 0.5, 8.5, 0.75], "texture": "#1" }}},{"from": [12.65786, 7.3, 14.42843],"to": [12.95786, 7.6, 14.42843],"rotation": { "angle": -22.5, "axis": "y", "origin": [12, 7, 14] },"faces": {"north": { "uv": [8.25, 1, 8.5, 1.25], "texture": "#1" },"east": { "uv": [8.25, 1, 8.5, 1.25], "texture": "#1" },"south": { "uv": [8.25, 1, 8.5, 1.25], "texture": "#1" },"west": { "uv": [8.25, 1, 8.5, 1.25], "texture": "#1" },"up": { "uv": [8.25, 1, 8.5, 1.25], "texture": "#1" },"down": { "uv": [8.25, 1, 8.5, 1.25], "texture": "#1" }}},{"from": [12.05786, 7.3, 14.42843],"to": [12.35786, 7.6, 14.42843],"rotation": { "angle": -22.5, "axis": "y", "origin": [12, 7, 14] },"faces": {"north": { "uv": [8.25, 1.25, 8.5, 1.5], "texture": "#1" },"east": { "uv": [8.25, 1.25, 8.5, 1.5], "texture": "#1" },"south": { "uv": [8.25, 1.25, 8.5, 1.5], "texture": "#1" },"west": { "uv": [8.25, 1.25, 8.5, 1.5], "texture": "#1" },"up": { "uv": [8.25, 1.25, 8.5, 1.5], "texture": "#1" },"down": { "uv": [8.25, 1.25, 8.5, 1.5], "texture": "#1" }}},{"from": [12.05786, 7, 14.42843],"to": [12.35786, 7.3, 14.42843],"rotation": { "angle": -22.5, "axis": "y", "origin": [12, 7, 14] },"faces": {"north": { "uv": [8.25, 1.5, 8.5, 1.75], "texture": "#1" },"east": { "uv": [8.25, 1.5, 8.5, 1.75], "texture": "#1" },"south": { "uv": [8.25, 1.5, 8.5, 1.75], "texture": "#1" },"west": { "uv": [8.25, 1.5, 8.5, 1.75], "texture": "#1" },"up": { "uv": [8.25, 1.5, 8.5, 1.75], "texture": "#1" },"down": { "uv": [8.25, 1.5, 8.5, 1.75], "texture": "#1" }}},{"from": [12.35786, 7, 14.42843],"to": [12.65786, 7.3, 14.42843],"rotation": { "angle": -22.5, "axis": "y", "origin": [12, 7, 14] },"faces": {"north": { "uv": [8.25, 1.75, 8.5, 2], "texture": "#1" },"east": { "uv": [8.25, 1.75, 8.5, 2], "texture": "#1" },"south": { "uv": [8.25, 1.75, 8.5, 2], "texture": "#1" },"west": { "uv": [8.25, 1.75, 8.5, 2], "texture": "#1" },"up": { "uv": [8.25, 1.75, 8.5, 2], "texture": "#1" },"down": { "uv": [8.25, 1.75, 8.5, 2], "texture": "#1" }}},{"from": [12.65786, 7, 14.42843],"to": [12.95786, 7.3, 14.42843],"rotation": { "angle": -22.5, "axis": "y", "origin": [12, 7, 14] },"faces": {"north": { "uv": [8.25, 2, 8.5, 2.25], "texture": "#1" },"east": { "uv": [8.25, 2, 8.5, 2.25], "texture": "#1" },"south": { "uv": [8.25, 2, 8.5, 2.25], "texture": "#1" },"west": { "uv": [8.25, 2, 8.5, 2.25], "texture": "#1" },"up": { "uv": [8.25, 2, 8.5, 2.25], "texture": "#1" },"down": { "uv": [8.25, 2, 8.5, 2.25], "texture": "#1" }}},{"from": [12.35786, 7.9, 14.42843],"to": [12.65786, 8.2, 14.42843],"rotation": { "angle": -22.5, "axis": "y", "origin": [12, 7, 14] },"faces": {"north": { "uv": [8.25, 2.25, 8.5, 2.5], "texture": "#1" },"east": { "uv": [8.25, 2.25, 8.5, 2.5], "texture": "#1" },"south": { "uv": [8.25, 2.25, 8.5, 2.5], "texture": "#1" },"west": { "uv": [8.25, 2.25, 8.5, 2.5], "texture": "#1" },"up": { "uv": [8.25, 2.25, 8.5, 2.5], "texture": "#1" },"down": { "uv": [8.25, 2.25, 8.5, 2.5], "texture": "#1" }}},{"from": [12.35786, 8.2, 14.42843],"to": [12.65786, 8.5, 14.42843],"rotation": { "angle": -22.5, "axis": "y", "origin": [12, 7, 14] },"faces": {"north": { "uv": [8.25, 2.5, 8.5, 2.75], "texture": "#1" },"east": { "uv": [8.25, 2.5, 8.5, 2.75], "texture": "#1" },"south": { "uv": [8.25, 2.5, 8.5, 2.75], "texture": "#1" },"west": { "uv": [8.25, 2.5, 8.5, 2.75], "texture": "#1" },"up": { "uv": [8.25, 2.5, 8.5, 2.75], "texture": "#1" },"down": { "uv": [8.25, 2.5, 8.5, 2.75], "texture": "#1" }}},{"from": [12.05786, 13.1, 4.42843],"to": [12.35786, 13.4, 4.42843],"rotation": { "angle": -45, "axis": "x", "origin": [12, 11, 5] },"faces": {"north": { "uv": [2.75, 8.25, 3, 8.5], "texture": "#1" },"east": { "uv": [2.75, 8.25, 3, 8.5], "texture": "#1" },"south": { "uv": [2.75, 8.25, 3, 8.5], "texture": "#1" },"west": { "uv": [2.75, 8.25, 3, 8.5], "texture": "#1" },"up": { "uv": [2.75, 8.25, 3, 8.5], "texture": "#1" },"down": { "uv": [2.75, 8.25, 3, 8.5], "texture": "#1" }}},{"from": [11.45786, 11.6, 4.42843],"to": [11.75786, 11.9, 4.42843],"rotation": { "angle": -45, "axis": "x", "origin": [12, 11, 5] },"faces": {"north": { "uv": [3, 8.25, 3.25, 8.5], "texture": "#1" },"east": { "uv": [3, 8.25, 3.25, 8.5], "texture": "#1" },"south": { "uv": [3, 8.25, 3.25, 8.5], "texture": "#1" },"west": { "uv": [3, 8.25, 3.25, 8.5], "texture": "#1" },"up": { "uv": [3, 8.25, 3.25, 8.5], "texture": "#1" },"down": { "uv": [3, 8.25, 3.25, 8.5], "texture": "#1" }}},{"from": [12.05786, 12.8, 4.42843],"to": [12.35786, 13.1, 4.42843],"rotation": { "angle": -45, "axis": "x", "origin": [12, 11, 5] },"faces": {"north": { "uv": [2.25, 5.25, 2.5, 5.5], "texture": "#1" },"east": { "uv": [2.25, 5.25, 2.5, 5.5], "texture": "#1" },"south": { "uv": [2.25, 5.25, 2.5, 5.5], "texture": "#1" },"west": { "uv": [2.25, 5.25, 2.5, 5.5], "texture": "#1" },"up": { "uv": [2.25, 5.25, 2.5, 5.5], "texture": "#1" },"down": { "uv": [2.25, 5.25, 2.5, 5.5], "texture": "#1" }}},{"from": [11.75786, 12.5, 4.42843],"to": [12.05786, 12.8, 4.42843],"rotation": { "angle": -45, "axis": "x", "origin": [12, 11, 5] },"faces": {"north": { "uv": [3.5, 8.25, 3.75, 8.5], "texture": "#1" },"east": { "uv": [3.5, 8.25, 3.75, 8.5], "texture": "#1" },"south": { "uv": [3.5, 8.25, 3.75, 8.5], "texture": "#1" },"west": { "uv": [3.5, 8.25, 3.75, 8.5], "texture": "#1" },"up": { "uv": [3.5, 8.25, 3.75, 8.5], "texture": "#1" },"down": { "uv": [3.5, 8.25, 3.75, 8.5], "texture": "#1" }}},{"from": [12.05786, 12.5, 4.42843],"to": [12.35786, 12.8, 4.42843],"rotation": { "angle": -45, "axis": "x", "origin": [12, 11, 5] },"faces": {"north": { "uv": [4, 8.25, 4.25, 8.5], "texture": "#1" },"east": { "uv": [4, 8.25, 4.25, 8.5], "texture": "#1" },"south": { "uv": [4, 8.25, 4.25, 8.5], "texture": "#1" },"west": { "uv": [4, 8.25, 4.25, 8.5], "texture": "#1" },"up": { "uv": [4, 8.25, 4.25, 8.5], "texture": "#1" },"down": { "uv": [4, 8.25, 4.25, 8.5], "texture": "#1" }}},{"from": [11.75786, 11.6, 4.42843],"to": [12.05786, 11.9, 4.42843],"rotation": { "angle": -45, "axis": "x", "origin": [12, 11, 5] },"faces": {"north": { "uv": [8.25, 5.75, 8.5, 6], "texture": "#1" },"east": { "uv": [8.25, 5.75, 8.5, 6], "texture": "#1" },"south": { "uv": [8.25, 5.75, 8.5, 6], "texture": "#1" },"west": { "uv": [8.25, 5.75, 8.5, 6], "texture": "#1" },"up": { "uv": [8.25, 5.75, 8.5, 6], "texture": "#1" },"down": { "uv": [8.25, 5.75, 8.5, 6], "texture": "#1" }}},{"from": [11.75786, 11.9, 4.42843],"to": [12.05786, 12.2, 4.42843],"rotation": { "angle": -45, "axis": "x", "origin": [12, 11, 5] },"faces": {"north": { "uv": [8.25, 6.25, 8.5, 6.5], "texture": "#1" },"east": { "uv": [8.25, 6.25, 8.5, 6.5], "texture": "#1" },"south": { "uv": [8.25, 6.25, 8.5, 6.5], "texture": "#1" },"west": { "uv": [8.25, 6.25, 8.5, 6.5], "texture": "#1" },"up": { "uv": [8.25, 6.25, 8.5, 6.5], "texture": "#1" },"down": { "uv": [8.25, 6.25, 8.5, 6.5], "texture": "#1" }}},{"from": [12.35786, 12.2, 4.42843],"to": [12.65786, 12.5, 4.42843],"rotation": { "angle": -45, "axis": "x", "origin": [12, 11, 5] },"faces": {"north": { "uv": [8.25, 6.75, 8.5, 7], "texture": "#1" },"east": { "uv": [8.25, 6.75, 8.5, 7], "texture": "#1" },"south": { "uv": [8.25, 6.75, 8.5, 7], "texture": "#1" },"west": { "uv": [8.25, 6.75, 8.5, 7], "texture": "#1" },"up": { "uv": [8.25, 6.75, 8.5, 7], "texture": "#1" },"down": { "uv": [8.25, 6.75, 8.5, 7], "texture": "#1" }}},{"from": [12.05786, 12.2, 4.42843],"to": [12.35786, 12.5, 4.42843],"rotation": { "angle": -45, "axis": "x", "origin": [12, 11, 5] },"faces": {"north": { "uv": [8.25, 7, 8.5, 7.25], "texture": "#1" },"east": { "uv": [8.25, 7, 8.5, 7.25], "texture": "#1" },"south": { "uv": [8.25, 7, 8.5, 7.25], "texture": "#1" },"west": { "uv": [8.25, 7, 8.5, 7.25], "texture": "#1" },"up": { "uv": [8.25, 7, 8.5, 7.25], "texture": "#1" },"down": { "uv": [8.25, 7, 8.5, 7.25], "texture": "#1" }}},{"from": [11.75786, 12.2, 4.42843],"to": [12.05786, 12.5, 4.42843],"rotation": { "angle": -45, "axis": "x", "origin": [12, 11, 5] },"faces": {"north": { "uv": [8.25, 7.25, 8.5, 7.5], "texture": "#1" },"east": { "uv": [8.25, 7.25, 8.5, 7.5], "texture": "#1" },"south": { "uv": [8.25, 7.25, 8.5, 7.5], "texture": "#1" },"west": { "uv": [8.25, 7.25, 8.5, 7.5], "texture": "#1" },"up": { "uv": [8.25, 7.25, 8.5, 7.5], "texture": "#1" },"down": { "uv": [8.25, 7.25, 8.5, 7.5], "texture": "#1" }}},{"from": [12.05786, 11.9, 4.42843],"to": [12.35786, 12.2, 4.42843],"rotation": { "angle": -45, "axis": "x", "origin": [12, 11, 5] },"faces": {"north": { "uv": [8.25, 7.5, 8.5, 7.75], "texture": "#1" },"east": { "uv": [8.25, 7.5, 8.5, 7.75], "texture": "#1" },"south": { "uv": [8.25, 7.5, 8.5, 7.75], "texture": "#1" },"west": { "uv": [8.25, 7.5, 8.5, 7.75], "texture": "#1" },"up": { "uv": [8.25, 7.5, 8.5, 7.75], "texture": "#1" },"down": { "uv": [8.25, 7.5, 8.5, 7.75], "texture": "#1" }}},{"from": [12.35786, 11.9, 4.42843],"to": [12.65786, 12.2, 4.42843],"rotation": { "angle": -45, "axis": "x", "origin": [12, 11, 5] },"faces": {"north": { "uv": [8.25, 7.75, 8.5, 8], "texture": "#1" },"east": { "uv": [8.25, 7.75, 8.5, 8], "texture": "#1" },"south": { "uv": [8.25, 7.75, 8.5, 8], "texture": "#1" },"west": { "uv": [8.25, 7.75, 8.5, 8], "texture": "#1" },"up": { "uv": [8.25, 7.75, 8.5, 8], "texture": "#1" },"down": { "uv": [8.25, 7.75, 8.5, 8], "texture": "#1" }}},{"from": [12.65786, 12.2, 4.42843],"to": [12.95786, 12.5, 4.42843],"rotation": { "angle": -45, "axis": "x", "origin": [12, 11, 5] },"faces": {"north": { "uv": [8.25, 8, 8.5, 8.25], "texture": "#1" },"east": { "uv": [8.25, 8, 8.5, 8.25], "texture": "#1" },"south": { "uv": [8.25, 8, 8.5, 8.25], "texture": "#1" },"west": { "uv": [8.25, 8, 8.5, 8.25], "texture": "#1" },"up": { "uv": [8.25, 8, 8.5, 8.25], "texture": "#1" },"down": { "uv": [8.25, 8, 8.5, 8.25], "texture": "#1" }}},{"from": [12.65786, 11.9, 4.42843],"to": [12.95786, 12.2, 4.42843],"rotation": { "angle": -45, "axis": "x", "origin": [12, 11, 5] },"faces": {"north": { "uv": [8.5, 0, 8.75, 0.25], "texture": "#1" },"east": { "uv": [8.5, 0, 8.75, 0.25], "texture": "#1" },"south": { "uv": [8.5, 0, 8.75, 0.25], "texture": "#1" },"west": { "uv": [8.5, 0, 8.75, 0.25], "texture": "#1" },"up": { "uv": [8.5, 0, 8.75, 0.25], "texture": "#1" },"down": { "uv": [8.5, 0, 8.75, 0.25], "texture": "#1" }}},{"from": [12.05786, 11.6, 4.42843],"to": [12.35786, 11.9, 4.42843],"rotation": { "angle": -45, "axis": "x", "origin": [12, 11, 5] },"faces": {"north": { "uv": [8.5, 0.5, 8.75, 0.75], "texture": "#1" },"east": { "uv": [8.5, 0.5, 8.75, 0.75], "texture": "#1" },"south": { "uv": [8.5, 0.5, 8.75, 0.75], "texture": "#1" },"west": { "uv": [8.5, 0.5, 8.75, 0.75], "texture": "#1" },"up": { "uv": [8.5, 0.5, 8.75, 0.75], "texture": "#1" },"down": { "uv": [8.5, 0.5, 8.75, 0.75], "texture": "#1" }}},{"from": [12.65786, 11.6, 4.42843],"to": [12.95786, 11.9, 4.42843],"rotation": { "angle": -45, "axis": "x", "origin": [12, 11, 5] },"faces": {"north": { "uv": [8.5, 1, 8.75, 1.25], "texture": "#1" },"east": { "uv": [8.5, 1, 8.75, 1.25], "texture": "#1" },"south": { "uv": [8.5, 1, 8.75, 1.25], "texture": "#1" },"west": { "uv": [8.5, 1, 8.75, 1.25], "texture": "#1" },"up": { "uv": [8.5, 1, 8.75, 1.25], "texture": "#1" },"down": { "uv": [8.5, 1, 8.75, 1.25], "texture": "#1" }}},{"from": [12.35786, 11.6, 4.42843],"to": [12.65786, 11.9, 4.42843],"rotation": { "angle": -45, "axis": "x", "origin": [12, 11, 5] },"faces": {"north": { "uv": [8.5, 1.25, 8.75, 1.5], "texture": "#1" },"east": { "uv": [8.5, 1.25, 8.75, 1.5], "texture": "#1" },"south": { "uv": [8.5, 1.25, 8.75, 1.5], "texture": "#1" },"west": { "uv": [8.5, 1.25, 8.75, 1.5], "texture": "#1" },"up": { "uv": [8.5, 1.25, 8.75, 1.5], "texture": "#1" },"down": { "uv": [8.5, 1.25, 8.75, 1.5], "texture": "#1" }}},{"from": [12.35786, 12.5, 4.42843],"to": [12.65786, 12.8, 4.42843],"rotation": { "angle": -45, "axis": "x", "origin": [12, 11, 5] },"faces": {"north": { "uv": [8.5, 1.5, 8.75, 1.75], "texture": "#1" },"east": { "uv": [8.5, 1.5, 8.75, 1.75], "texture": "#1" },"south": { "uv": [8.5, 1.5, 8.75, 1.75], "texture": "#1" },"west": { "uv": [8.5, 1.5, 8.75, 1.75], "texture": "#1" },"up": { "uv": [8.5, 1.5, 8.75, 1.75], "texture": "#1" },"down": { "uv": [8.5, 1.5, 8.75, 1.75], "texture": "#1" }}},{"from": [12.35786, 12.8, 4.42843],"to": [12.65786, 13.1, 4.42843],"rotation": { "angle": -45, "axis": "x", "origin": [12, 11, 5] },"faces": {"north": { "uv": [8.5, 1.75, 8.75, 2], "texture": "#1" },"east": { "uv": [8.5, 1.75, 8.75, 2], "texture": "#1" },"south": { "uv": [8.5, 1.75, 8.75, 2], "texture": "#1" },"west": { "uv": [8.5, 1.75, 8.75, 2], "texture": "#1" },"up": { "uv": [8.5, 1.75, 8.75, 2], "texture": "#1" },"down": { "uv": [8.5, 1.75, 8.75, 2], "texture": "#1" }}}],"display": {"thirdperson_righthand": {"translation": [-0.25, 0, -1],"scale": [0.57, 0.57, 0.57]},"thirdperson_lefthand": {"translation": [-0.25, 0, -1],"scale": [0.57, 0.57, 0.57]},"firstperson_righthand": {"translation": [1.5, 0, 0]},"firstperson_lefthand": {"translation": [1.5, 0, 0]},"ground": {"scale": [0.72, 0.72, 0.72]},"gui": {"rotation": [10, -180, 0],"translation": [0.5, -2.5, 0],"scale": [0.96, 0.96, 0.96]},"head": {"rotation": [-6, 0, 0],"translation": [-0.75, 4, -0.75],"scale": [1.62, 1.41, 1.68]},"fixed": {"rotation": [-89, 0, 0],"translation": [0, 0, -2]}},"groups": [{"name": "top","origin": [0, 0, 0],"color": 0,"children": [0, 1, 2, 3, 4, 5, 6, 7, 8, 9, 10, 11, 12, 13, 14, 15, 16, 17,18, 19, 20, 21, 22, 23, 24, 25, 26, 27, 28, 29, 30, 31, 32, 33,34, 35, 36, 37, 38, 39, 40, 41, 42, 43, 44, 45, 46, 47, 48, 49,50, 51, 52, 53, 54, 55, 56, 57, 58, 59, 60, 61, 62, 63, 64, 65,66, 67, 68, 69, 70, 71, 72, 73, 74, 75, 76, 77, 78, 79, 80, 81,82, 83, 84, 85, 86, 87, 88, 89, 90, 91, 92, 93, 94, 95]}]}