{"credit": "Made with Blockbench","textures": {"0": "minecraft:item/tristenlosey/spectacles_f","particle": "minecraft:item/tristenlosey/spectacles_f"},"elements": [{"from": [11.5, 2, 0],"to": [11.5, 3.25, 1],"faces": {"north": { "uv": [4, 4, 5, 5], "texture": "#0" },"east": { "uv": [4, 4, 5, 5], "texture": "#0" },"south": { "uv": [4, 4, 5, 5], "texture": "#0" },"west": { "uv": [8, 5, 9, 6], "texture": "#0" },"up": { "uv": [4, 4, 5, 5], "texture": "#0" },"down": { "uv": [4, 4, 5, 5], "texture": "#0" }}},{"from": [10.25, 3.25, 0],"to": [11.5, 3.25, 1],"rotation": { "angle": 0, "axis": "y", "origin": [0, -2, 0] },"faces": {"north": { "uv": [3, 6, 2, 5], "texture": "#0" },"east": { "uv": [3, 6, 2, 5], "texture": "#0" },"south": { "uv": [3, 6, 2, 5], "texture": "#0" },"west": { "uv": [3, 6, 2, 5], "texture": "#0" },"up": { "uv": [3, 6, 2, 5], "texture": "#0" },"down": { "uv": [9, 6, 8, 5], "texture": "#0" }}},{"from": [9, 2, 0],"to": [9, 3.25, 1],"faces": {"north": { "uv": [5, 5, 6, 6], "texture": "#0" },"east": { "uv": [5, 5, 6, 6], "texture": "#0" },"south": { "uv": [5, 5, 6, 6], "texture": "#0" },"west": { "uv": [5, 5, 6, 6], "texture": "#0" },"up": { "uv": [5, 5, 6, 6], "texture": "#0" },"down": { "uv": [5, 5, 6, 6], "texture": "#0" }}},{"from": [9.001, 3.25, 0],"to": [10.251, 3.25, 1],"rotation": { "angle": 0, "axis": "y", "origin": [0.001, -2, 0] },"faces": {"north": { "uv": [1, 7, 0, 6], "texture": "#0" },"east": { "uv": [1, 7, 0, 6], "texture": "#0" },"south": { "uv": [1, 7, 0, 6], "texture": "#0" },"west": { "uv": [1, 7, 0, 6], "texture": "#0" },"up": { "uv": [1, 7, 0, 6], "texture": "#0" },"down": { "uv": [1, 7, 0, 6], "texture": "#0" }}},{"from": [9, 0.75, 0],"to": [9, 2, 1],"faces": {"north": { "uv": [8, 3, 9, 4], "texture": "#0" },"east": { "uv": [8, 5, 9, 6], "texture": "#0" },"south": { "uv": [8, 3, 9, 4], "texture": "#0" },"west": { "uv": [8, 3, 9, 4], "texture": "#0" },"up": { "uv": [8, 3, 9, 4], "texture": "#0" },"down": { "uv": [8, 3, 9, 4], "texture": "#0" }}},{"from": [9, 0.75, 0],"to": [10.25, 0.75, 1],"rotation": { "angle": 0, "axis": "y", "origin": [0, 0.75, 0] },"faces": {"north": { "uv": [9, 4, 8, 5], "texture": "#0" },"east": { "uv": [9, 4, 8, 5], "texture": "#0" },"south": { "uv": [9, 4, 8, 5], "texture": "#0" },"west": { "uv": [9, 4, 8, 5], "texture": "#0" },"up": { "uv": [9, 5, 8, 6], "texture": "#0" },"down": { "uv": [9, 4, 8, 5], "texture": "#0" }}},{"from": [11.5, 0.75, 0],"to": [11.5, 2, 1],"faces": {"north": { "uv": [8, 5, 9, 6], "texture": "#0" },"east": { "uv": [8, 5, 9, 6], "texture": "#0" },"south": { "uv": [8, 5, 9, 6], "texture": "#0" },"west": { "uv": [8, 5, 9, 6], "texture": "#0" },"up": { "uv": [8, 5, 9, 6], "texture": "#0" },"down": { "uv": [8, 5, 9, 6], "texture": "#0" }}},{"from": [10.25, 0.75, 0],"to": [11.5, 0.75, 1],"faces": {"north": { "uv": [9, 7, 8, 8], "texture": "#0" },"east": { "uv": [9, 7, 8, 8], "texture": "#0" },"south": { "uv": [9, 7, 8, 8], "texture": "#0" },"west": { "uv": [9, 7, 8, 8], "texture": "#0" },"up": { "uv": [9, 7, 8, 8], "texture": "#0" },"down": { "uv": [9, 7, 8, 8], "texture": "#0" }}},{"from": [5.75, 3.25, 0],"to": [7, 3.25, 1],"rotation": { "angle": 0, "axis": "y", "origin": [0, -2, 0] },"faces": {"north": { "uv": [3, 6, 2, 5], "texture": "#0" },"east": { "uv": [3, 6, 2, 5], "texture": "#0" },"south": { "uv": [3, 6, 2, 5], "texture": "#0" },"west": { "uv": [3, 6, 2, 5], "texture": "#0" },"up": { "uv": [3, 6, 2, 5], "texture": "#0" },"down": { "uv": [9, 6, 8, 5], "texture": "#0" }}},{"from": [7, 2, 0],"to": [7, 3.25, 1],"faces": {"north": { "uv": [4, 4, 5, 5], "texture": "#0" },"east": { "uv": [4, 4, 5, 5], "texture": "#0" },"south": { "uv": [4, 4, 5, 5], "texture": "#0" },"west": { "uv": [8, 5, 9, 6], "texture": "#0" },"up": { "uv": [4, 4, 5, 5], "texture": "#0" },"down": { "uv": [4, 4, 5, 5], "texture": "#0" }}},{"from": [4.5, 0.75, 0],"to": [4.5, 2, 1],"faces": {"north": { "uv": [8, 3, 9, 4], "texture": "#0" },"east": { "uv": [8, 5, 9, 6], "texture": "#0" },"south": { "uv": [8, 3, 9, 4], "texture": "#0" },"west": { "uv": [8, 3, 9, 4], "texture": "#0" },"up": { "uv": [8, 3, 9, 4], "texture": "#0" },"down": { "uv": [8, 3, 9, 4], "texture": "#0" }}},{"from": [4.501, 3.25, 0],"to": [5.751, 3.25, 1],"rotation": { "angle": 0, "axis": "y", "origin": [0.001, -2, 0] },"faces": {"north": { "uv": [1, 7, 0, 6], "texture": "#0" },"east": { "uv": [1, 7, 0, 6], "texture": "#0" },"south": { "uv": [1, 7, 0, 6], "texture": "#0" },"west": { "uv": [1, 7, 0, 6], "texture": "#0" },"up": { "uv": [1, 7, 0, 6], "texture": "#0" },"down": { "uv": [1, 7, 0, 6], "texture": "#0" }}},{"from": [4.5, 2, 0],"to": [4.5, 3.25, 1],"faces": {"north": { "uv": [5, 5, 6, 6], "texture": "#0" },"east": { "uv": [5, 5, 6, 6], "texture": "#0" },"south": { "uv": [5, 5, 6, 6], "texture": "#0" },"west": { "uv": [5, 5, 6, 6], "texture": "#0" },"up": { "uv": [5, 5, 6, 6], "texture": "#0" },"down": { "uv": [5, 5, 6, 6], "texture": "#0" }}},{"from": [5.75, 0.75, 0],"to": [7, 0.75, 1],"faces": {"north": { "uv": [9, 7, 8, 8], "texture": "#0" },"east": { "uv": [9, 7, 8, 8], "texture": "#0" },"south": { "uv": [9, 7, 8, 8], "texture": "#0" },"west": { "uv": [9, 7, 8, 8], "texture": "#0" },"up": { "uv": [9, 7, 8, 8], "texture": "#0" },"down": { "uv": [9, 7, 8, 8], "texture": "#0" }}},{"from": [4.5, 0.75, 0],"to": [5.75, 0.75, 1],"rotation": { "angle": 0, "axis": "y", "origin": [0, 0.75, 0] },"faces": {"north": { "uv": [9, 4, 8, 5], "texture": "#0" },"east": { "uv": [9, 4, 8, 5], "texture": "#0" },"south": { "uv": [9, 4, 8, 5], "texture": "#0" },"west": { "uv": [9, 4, 8, 5], "texture": "#0" },"up": { "uv": [9, 5, 8, 6], "texture": "#0" },"down": { "uv": [9, 4, 8, 5], "texture": "#0" }}},{"from": [7, 0.75, 0],"to": [7, 2, 1],"faces": {"north": { "uv": [8, 5, 9, 6], "texture": "#0" },"east": { "uv": [8, 5, 9, 6], "texture": "#0" },"south": { "uv": [8, 5, 9, 6], "texture": "#0" },"west": { "uv": [8, 5, 9, 6], "texture": "#0" },"up": { "uv": [8, 5, 9, 6], "texture": "#0" },"down": { "uv": [8, 5, 9, 6], "texture": "#0" }}},{"from": [11.5, 1.5, 0.5],"to": [12, 2.5, 0.5],"faces": {"north": { "uv": [0, 0, 1, 1], "texture": "#0" },"east": { "uv": [0, 0, 1, 1], "texture": "#0" },"south": { "uv": [0, 0, 1, 1], "texture": "#0" },"west": { "uv": [0, 0, 1, 1], "texture": "#0" },"up": { "uv": [0, 0, 1, 1], "texture": "#0" },"down": { "uv": [0, 0, 1, 1], "texture": "#0" }}},{"from": [8, 1.5, 0.5],"to": [9, 2.5, 0.5],"faces": {"north": { "uv": [3, 0, 4, 1], "texture": "#0" },"east": { "uv": [0, 0, 1, 1], "texture": "#0" },"south": { "uv": [0, 0, 1, 1], "texture": "#0" },"west": { "uv": [0, 0, 1, 1], "texture": "#0" },"up": { "uv": [0, 0, 1, 1], "texture": "#0" },"down": { "uv": [0, 0, 1, 1], "texture": "#0" }}},{"from": [7, 1.5, 0.5],"to": [8, 2.5, 0.5],"faces": {"north": { "uv": [4, 0, 5, 1], "texture": "#0" },"east": { "uv": [0, 0, 1, 1], "texture": "#0" },"south": { "uv": [0, 0, 1, 1], "texture": "#0" },"west": { "uv": [0, 0, 1, 1], "texture": "#0" },"up": { "uv": [0, 0, 1, 1], "texture": "#0" },"down": { "uv": [0, 0, 1, 1], "texture": "#0" }}},{"from": [4, 1.5, 0.5],"to": [4.5, 2.5, 0.5],"faces": {"north": { "uv": [0, 0, 1, 1], "texture": "#0" },"east": { "uv": [0, 0, 1, 1], "texture": "#0" },"south": { "uv": [0, 0, 1, 1], "texture": "#0" },"west": { "uv": [0, 0, 1, 1], "texture": "#0" },"up": { "uv": [0, 0, 1, 1], "texture": "#0" },"down": { "uv": [0, 0, 1, 1], "texture": "#0" }}},{"from": [12, 1.5, 0.5],"to": [12, 2.5, 4.5],"faces": {"north": { "uv": [0, 0, 0, 1], "texture": "#0" },"east": { "uv": [0, 2, 4, 3], "texture": "#0" },"south": { "uv": [0, 0, 0, 1], "texture": "#0" },"west": { "uv": [0, 3, 4, 4], "texture": "#0" },"up": { "uv": [0, 4, 0, 0], "texture": "#0" },"down": { "uv": [0, 0, 0, 4], "texture": "#0" }}},{"from": [4, 1.5, 0.5],"to": [4, 2.5, 4.5],"faces": {"north": { "uv": [0, 0, 0, 1], "texture": "#0" },"east": { "uv": [0, 4, 4, 5], "texture": "#0" },"south": { "uv": [0, 0, 0, 1], "texture": "#0" },"west": { "uv": [4, 2, 8, 3], "texture": "#0" },"up": { "uv": [0, 4, 0, 0], "texture": "#0" },"down": { "uv": [0, 0, 0, 4], "texture": "#0" }}},{"from": [10.5, 3, 0],"to": [10.75, 3.25, 0],"faces": {"north": { "uv": [9, 2, 9.25, 2.25], "texture": "#0" },"east": { "uv": [9, 2, 9.25, 2.25], "texture": "#0" },"south": { "uv": [9, 2, 9.25, 2.25], "texture": "#0" },"west": { "uv": [9, 2, 9.25, 2.25], "texture": "#0" },"up": { "uv": [9, 2, 9.25, 2.25], "texture": "#0" },"down": { "uv": [9, 2, 9.25, 2.25], "texture": "#0" }}},{"from": [10.75, 2.75, 0],"to": [11, 3, 0],"faces": {"north": { "uv": [9, 0, 9.25, 0.25], "texture": "#0" },"east": { "uv": [9, 0, 9.25, 0.25], "texture": "#0" },"south": { "uv": [9, 0, 9.25, 0.25], "texture": "#0" },"west": { "uv": [9, 0, 9.25, 0.25], "texture": "#0" },"up": { "uv": [9, 0, 9.25, 0.25], "texture": "#0" },"down": { "uv": [9, 0, 9.25, 0.25], "texture": "#0" }}},{"from": [9, 1, 0],"to": [9.25, 1.25, 0],"faces": {"north": { "uv": [9, 0, 9.25, 0.25], "texture": "#0" },"east": { "uv": [9, 0, 9.25, 0.25], "texture": "#0" },"south": { "uv": [9, 0, 9.25, 0.25], "texture": "#0" },"west": { "uv": [9, 0, 9.25, 0.25], "texture": "#0" },"up": { "uv": [9, 0, 9.25, 0.25], "texture": "#0" },"down": { "uv": [9, 0, 9.25, 0.25], "texture": "#0" }}},{"from": [9.25, 0.75, 0],"to": [9.5, 1, 0],"faces": {"north": { "uv": [9, 0, 9.25, 0.25], "texture": "#0" },"east": { "uv": [9, 0, 9.25, 0.25], "texture": "#0" },"south": { "uv": [9, 0, 9.25, 0.25], "texture": "#0" },"west": { "uv": [9, 0, 9.25, 0.25], "texture": "#0" },"up": { "uv": [9, 0, 9.25, 0.25], "texture": "#0" },"down": { "uv": [9, 0, 9.25, 0.25], "texture": "#0" }}},{"from": [4.75, 0.75, 0],"to": [5, 1, 0],"faces": {"north": { "uv": [9, 0, 9.25, 0.25], "texture": "#0" },"east": { "uv": [9, 0, 9.25, 0.25], "texture": "#0" },"south": { "uv": [9, 0, 9.25, 0.25], "texture": "#0" },"west": { "uv": [9, 0, 9.25, 0.25], "texture": "#0" },"up": { "uv": [9, 0, 9.25, 0.25], "texture": "#0" },"down": { "uv": [9, 0, 9.25, 0.25], "texture": "#0" }}},{"from": [4.5, 1, 0],"to": [4.75, 1.25, 0],"faces": {"north": { "uv": [9, 2, 9.25, 2.25], "texture": "#0" },"east": { "uv": [9, 2, 9.25, 2.25], "texture": "#0" },"south": { "uv": [9, 2, 9.25, 2.25], "texture": "#0" },"west": { "uv": [9, 2, 9.25, 2.25], "texture": "#0" },"up": { "uv": [9, 2, 9.25, 2.25], "texture": "#0" },"down": { "uv": [9, 2, 9.25, 2.25], "texture": "#0" }}},{"from": [11, 2.5, 0],"to": [11.25, 2.75, 0],"faces": {"north": { "uv": [9, 0, 9.25, 0.25], "texture": "#0" },"east": { "uv": [9, 0, 9.25, 0.25], "texture": "#0" },"south": { "uv": [9, 0, 9.25, 0.25], "texture": "#0" },"west": { "uv": [9, 0, 9.25, 0.25], "texture": "#0" },"up": { "uv": [9, 0, 9.25, 0.25], "texture": "#0" },"down": { "uv": [9, 0, 9.25, 0.25], "texture": "#0" }}},{"from": [6.25, 3, 0],"to": [6.5, 3.25, 0],"faces": {"north": { "uv": [9, 2, 9.25, 2.25], "texture": "#0" },"east": { "uv": [9, 2, 9.25, 2.25], "texture": "#0" },"south": { "uv": [9, 2, 9.25, 2.25], "texture": "#0" },"west": { "uv": [9, 2, 9.25, 2.25], "texture": "#0" },"up": { "uv": [9, 2, 9.25, 2.25], "texture": "#0" },"down": { "uv": [9, 2, 9.25, 2.25], "texture": "#0" }}},{"from": [6.5, 2.75, 0],"to": [6.75, 3, 0],"faces": {"north": { "uv": [9, 0, 9.25, 0.25], "texture": "#0" },"east": { "uv": [9, 0, 9.25, 0.25], "texture": "#0" },"south": { "uv": [9, 0, 9.25, 0.25], "texture": "#0" },"west": { "uv": [9, 0, 9.25, 0.25], "texture": "#0" },"up": { "uv": [9, 0, 9.25, 0.25], "texture": "#0" },"down": { "uv": [9, 0, 9.25, 0.25], "texture": "#0" }}},{"from": [6.75, 2.5, 0],"to": [7, 2.75, 0],"faces": {"north": { "uv": [9, 1, 9.25, 1.25], "texture": "#0" },"east": { "uv": [9, 1, 9.25, 1.25], "texture": "#0" },"south": { "uv": [9, 1, 9.25, 1.25], "texture": "#0" },"west": { "uv": [9, 1, 9.25, 1.25], "texture": "#0" },"up": { "uv": [9, 1, 9.25, 1.25], "texture": "#0" },"down": { "uv": [9, 1, 9.25, 1.25], "texture": "#0" }}},{"from": [11.25, 2.25, 0],"to": [11.5, 2.5, 0],"faces": {"north": { "uv": [9, 1, 9.25, 1.25], "texture": "#0" },"east": { "uv": [9, 1, 9.25, 1.25], "texture": "#0" },"south": { "uv": [9, 1, 9.25, 1.25], "texture": "#0" },"west": { "uv": [9, 1, 9.25, 1.25], "texture": "#0" },"up": { "uv": [9, 1, 9.25, 1.25], "texture": "#0" },"down": { "uv": [9, 1, 9.25, 1.25], "texture": "#0" }}}],"display": {"thirdperson_righthand": {"translation": [0, 1.25, 2.25],"scale": [0.57, 0.57, 0.57]},"thirdperson_lefthand": {"translation": [0, 1.25, 2.25],"scale": [0.57, 0.57, 0.57]},"firstperson_righthand": {"translation": [2.5, 13, 10.25],"scale": [2, 2, 2]},"firstperson_lefthand": {"translation": [2.5, 13, 10.25],"scale": [2, 2, 2]},"ground": {"translation": [0, 4.5, 6.25]},"gui": {"rotation": [23, 138, 0],"translation": [5.75, 11.75, 0],"scale": [1.57, 1.57, 1.57]},"head": {"translation": [0, 7, 5.25],"scale": [1.66, 1.66, 1.64]},"fixed": {"rotation": [89, -180, 0],"translation": [0, 11.5, 9],"scale": [2, 2, 2]}},"groups": [{"name": "group","origin": [0, 0, 0],"color": 0,"children": [0, 1, 2, 3, 4, 5, 6, 7, 8, 9, 10, 11, 12, 13, 14, 15, 16, 17,18, 19, 20, 21]},22,23,24,25,26,27,28,29,30,31,32]}