{"credit": "Made with Blockbench","texture_size": [64, 64],"textures": {"1": "minecraft:item/tristenlosey/straw_hat"},"elements": [{"from": [4, 7, 13],"to": [13, 11, 13],"faces": {"north": { "uv": [2.25, 0, 4.5, 1], "texture": "#1" },"east": { "uv": [0, 0, 0, 1], "texture": "#1" },"south": { "uv": [2.25, 1, 4.5, 2], "texture": "#1" },"west": { "uv": [0, 0, 0, 1], "texture": "#1" },"up": { "uv": [2.25, 0, 0, 0], "texture": "#1" },"down": { "uv": [2.25, 0, 0, 0], "texture": "#1" }}},{"from": [13, 7, 4],"to": [13, 11, 13],"faces": {"north": { "uv": [0, 0, 0, 1], "texture": "#1" },"east": { "uv": [2.25, 2, 4.5, 3], "texture": "#1" },"south": { "uv": [0, 0, 0, 1], "texture": "#1" },"west": { "uv": [2.25, 3, 4.5, 4], "texture": "#1" },"up": { "uv": [0, 2.25, 0, 0], "texture": "#1" },"down": { "uv": [0, 0, 0, 2.25], "texture": "#1" }}},{"from": [4, 7, 4],"to": [4, 11, 13],"faces": {"north": { "uv": [0, 0, 0, 1], "texture": "#1" },"east": { "uv": [2.25, 4, 4.5, 5], "texture": "#1" },"south": { "uv": [0, 0, 0, 1], "texture": "#1" },"west": { "uv": [0, 4.5, 2.25, 5.5], "texture": "#1" },"up": { "uv": [0, 2.25, 0, 0], "texture": "#1" },"down": { "uv": [0, 0, 0, 2.25], "texture": "#1" }}},{"from": [4, 7, 4],"to": [13, 11, 4],"faces": {"north": { "uv": [4.5, 0, 6.75, 1], "texture": "#1" },"east": { "uv": [0, 0, 0, 1], "texture": "#1" },"south": { "uv": [4.5, 1, 6.75, 2], "texture": "#1" },"west": { "uv": [0, 0, 0, 1], "texture": "#1" },"up": { "uv": [2.25, 0, 0, 0], "texture": "#1" },"down": { "uv": [2.25, 0, 0, 0], "texture": "#1" }}},{"from": [4, 11, 4],"to": [13, 11, 13],"faces": {"north": { "uv": [0, 0, 2.25, 0], "texture": "#1" },"east": { "uv": [0, 0, 2.25, 0], "texture": "#1" },"south": { "uv": [0, 0, 2.25, 0], "texture": "#1" },"west": { "uv": [0, 0, 2.25, 0], "texture": "#1" },"up": { "uv": [2.25, 2.25, 0, 0], "texture": "#1" },"down": { "uv": [2.25, 2.25, 0, 4.5], "texture": "#1" }}},{"from": [13, 7, 4],"to": [16, 7, 13],"rotation": { "angle": 0, "axis": "y", "origin": [8, 7, 9] },"faces": {"north": { "uv": [0, 0, 0.75, 0], "texture": "#1" },"east": { "uv": [0, 0, 2.25, 0], "texture": "#1" },"south": { "uv": [0, 0, 0.75, 0], "texture": "#1" },"west": { "uv": [0, 0, 2.25, 0], "texture": "#1" },"up": { "uv": [5.25, 4.25, 4.5, 2], "texture": "#1" },"down": { "uv": [5.25, 4.25, 4.5, 6.5], "texture": "#1" }}},{"from": [1, 7, 4],"to": [4, 7, 13],"rotation": { "angle": 0, "axis": "y", "origin": [8, 7, 9] },"faces": {"north": { "uv": [0, 0, 0.75, 0], "texture": "#1" },"east": { "uv": [0, 0, 2.25, 0], "texture": "#1" },"south": { "uv": [0, 0, 0.75, 0], "texture": "#1" },"west": { "uv": [0, 0, 2.25, 0], "texture": "#1" },"up": { "uv": [3, 7.25, 2.25, 5], "texture": "#1" },"down": { "uv": [3.75, 5, 3, 7.25], "texture": "#1" }}},{"from": [4, 7, 1],"to": [13, 7, 4],"rotation": { "angle": 0, "axis": "y", "origin": [8, 7, 9] },"faces": {"north": { "uv": [0, 0, 2.25, 0], "texture": "#1" },"east": { "uv": [0, 0, 0.75, 0], "texture": "#1" },"south": { "uv": [0, 0, 2.25, 0], "texture": "#1" },"west": { "uv": [0, 0, 0.75, 0], "texture": "#1" },"up": { "uv": [7.5, 2.75, 5.25, 2], "texture": "#1" },"down": { "uv": [7.5, 2.75, 5.25, 3.5], "texture": "#1" }}},{"from": [4, 7, 13],"to": [13, 7, 16],"rotation": { "angle": 0, "axis": "y", "origin": [8, 7, 9] },"faces": {"north": { "uv": [0, 0, 2.25, 0], "texture": "#1" },"east": { "uv": [0, 0, 0.75, 0], "texture": "#1" },"south": { "uv": [0, 0, 2.25, 0], "texture": "#1" },"west": { "uv": [0, 0, 0.75, 0], "texture": "#1" },"up": { "uv": [7.5, 4.25, 5.25, 3.5], "texture": "#1" },"down": { "uv": [7.5, 4.25, 5.25, 5], "texture": "#1" }}},{"from": [13, 7, 2],"to": [15, 7, 4],"rotation": { "angle": 0, "axis": "y", "origin": [8, 7, 9] },"faces": {"north": { "uv": [0, 0, 0.5, 0], "texture": "#1" },"east": { "uv": [0, 0, 0.5, 0], "texture": "#1" },"south": { "uv": [0, 0, 0.5, 0], "texture": "#1" },"west": { "uv": [0, 0, 0.5, 0], "texture": "#1" },"up": { "uv": [0.5, 6, 0, 5.5], "texture": "#1" },"down": { "uv": [1, 5.5, 0.5, 6], "texture": "#1" }}},{"from": [13, 7, 13],"to": [15, 7, 15],"rotation": { "angle": 0, "axis": "y", "origin": [8, 7, 9] },"faces": {"north": { "uv": [0, 0, 0.5, 0], "texture": "#1" },"east": { "uv": [0, 0, 0.5, 0], "texture": "#1" },"south": { "uv": [0, 0, 0.5, 0], "texture": "#1" },"west": { "uv": [0, 0, 0.5, 0], "texture": "#1" },"up": { "uv": [1.5, 6, 1, 5.5], "texture": "#1" },"down": { "uv": [2, 5.5, 1.5, 6], "texture": "#1" }}},{"from": [2, 7, 13],"to": [4, 7, 15],"rotation": { "angle": 0, "axis": "y", "origin": [8, 7, 9] },"faces": {"north": { "uv": [0, 0, 0.5, 0], "texture": "#1" },"east": { "uv": [0, 0, 0.5, 0], "texture": "#1" },"south": { "uv": [0, 0, 0.5, 0], "texture": "#1" },"west": { "uv": [0, 0, 0.5, 0], "texture": "#1" },"up": { "uv": [0.5, 6.5, 0, 6], "texture": "#1" },"down": { "uv": [1, 6, 0.5, 6.5], "texture": "#1" }}},{"from": [2, 7, 2],"to": [4, 7, 4],"rotation": { "angle": 0, "axis": "y", "origin": [8, 7, 9] },"faces": {"north": { "uv": [0, 0, 0.5, 0], "texture": "#1" },"east": { "uv": [0, 0, 0.5, 0], "texture": "#1" },"south": { "uv": [0, 0, 0.5, 0], "texture": "#1" },"west": { "uv": [0, 0, 0.5, 0], "texture": "#1" },"up": { "uv": [1.5, 6.5, 1, 6], "texture": "#1" },"down": { "uv": [2, 6, 1.5, 6.5], "texture": "#1" }}},{"from": [1, 7, 1],"to": [4, 7, 2],"rotation": { "angle": 0, "axis": "y", "origin": [8, 7, 9] },"faces": {"north": { "uv": [0, 0, 0.75, 0], "texture": "#1" },"east": { "uv": [0, 0, 0.25, 0], "texture": "#1" },"south": { "uv": [0, 0, 0.75, 0], "texture": "#1" },"west": { "uv": [0, 0, 0.25, 0], "texture": "#1" },"up": { "uv": [6.25, 6.25, 5.5, 6], "texture": "#1" },"down": { "uv": [6.25, 6.25, 5.5, 6.5], "texture": "#1" }}},{"from": [1, 7, 2],"to": [2, 7, 4],"rotation": { "angle": 0, "axis": "y", "origin": [8, 7, 9] },"faces": {"north": { "uv": [0, 0, 0.25, 0], "texture": "#1" },"east": { "uv": [0, 0, 0.5, 0], "texture": "#1" },"south": { "uv": [0, 0, 0.25, 0], "texture": "#1" },"west": { "uv": [0, 0, 0.5, 0], "texture": "#1" },"up": { "uv": [1.75, 7, 1.5, 6.5], "texture": "#1" },"down": { "uv": [2, 6.5, 1.75, 7], "texture": "#1" }}},{"from": [1, 7, 13],"to": [2, 7, 16],"rotation": { "angle": 0, "axis": "y", "origin": [8, 7, 9] },"faces": {"north": { "uv": [0, 0, 0.25, 0], "texture": "#1" },"east": { "uv": [0, 0, 0.75, 0], "texture": "#1" },"south": { "uv": [0, 0, 0.25, 0], "texture": "#1" },"west": { "uv": [0, 0, 0.75, 0], "texture": "#1" },"up": { "uv": [2.25, 6.25, 2, 5.5], "texture": "#1" },"down": { "uv": [2.25, 6.25, 2, 7], "texture": "#1" }}},{"from": [2, 7, 15],"to": [4, 7, 16],"rotation": { "angle": 0, "axis": "y", "origin": [8, 7, 9] },"faces": {"north": { "uv": [0, 0, 0.5, 0], "texture": "#1" },"east": { "uv": [0, 0, 0.25, 0], "texture": "#1" },"south": { "uv": [0, 0, 0.5, 0], "texture": "#1" },"west": { "uv": [0, 0, 0.25, 0], "texture": "#1" },"up": { "uv": [5, 6.75, 4.5, 6.5], "texture": "#1" },"down": { "uv": [6, 6.5, 5.5, 6.75], "texture": "#1" }}},{"from": [13, 7, 15],"to": [16, 7, 16],"rotation": { "angle": 0, "axis": "y", "origin": [8, 7, 9] },"faces": {"north": { "uv": [0, 0, 0.75, 0], "texture": "#1" },"east": { "uv": [0, 0, 0.25, 0], "texture": "#1" },"south": { "uv": [0, 0, 0.75, 0], "texture": "#1" },"west": { "uv": [0, 0, 0.25, 0], "texture": "#1" },"up": { "uv": [7, 6.25, 6.25, 6], "texture": "#1" },"down": { "uv": [7, 6.25, 6.25, 6.5], "texture": "#1" }}},{"from": [15, 7, 13],"to": [16, 7, 15],"rotation": { "angle": 0, "axis": "y", "origin": [8, 7, 9] },"faces": {"north": { "uv": [0, 0, 0.25, 0], "texture": "#1" },"east": { "uv": [0, 0, 0.5, 0], "texture": "#1" },"south": { "uv": [0, 0, 0.25, 0], "texture": "#1" },"west": { "uv": [0, 0, 0.5, 0], "texture": "#1" },"up": { "uv": [5.25, 7, 5, 6.5], "texture": "#1" },"down": { "uv": [6.25, 6.5, 6, 7], "texture": "#1" }}},{"from": [15, 7, 2],"to": [16, 7, 4],"rotation": { "angle": 0, "axis": "y", "origin": [8, 7, 9] },"faces": {"north": { "uv": [0, 0, 0.25, 0], "texture": "#1" },"east": { "uv": [0, 0, 0.5, 0], "texture": "#1" },"south": { "uv": [0, 0, 0.25, 0], "texture": "#1" },"west": { "uv": [0, 0, 0.5, 0], "texture": "#1" },"up": { "uv": [6.5, 7, 6.25, 6.5], "texture": "#1" },"down": { "uv": [6.75, 6.5, 6.5, 7], "texture": "#1" }}},{"from": [13, 7, 1],"to": [16, 7, 2],"rotation": { "angle": 0, "axis": "y", "origin": [8, 7, 9] },"faces": {"north": { "uv": [0, 0, 0.75, 0], "texture": "#1" },"east": { "uv": [0, 0, 0.25, 0], "texture": "#1" },"south": { "uv": [0, 0, 0.75, 0], "texture": "#1" },"west": { "uv": [0, 0, 0.25, 0], "texture": "#1" },"up": { "uv": [0.75, 6.75, 0, 6.5], "texture": "#1" },"down": { "uv": [1.5, 6.5, 0.75, 6.75], "texture": "#1" }}},{"from": [0, 7, 2],"to": [1, 7, 15],"rotation": { "angle": 0, "axis": "y", "origin": [8, 7, 9] },"faces": {"north": { "uv": [0, 0, 0.25, 0], "texture": "#1" },"east": { "uv": [0, 0, 3.25, 0], "texture": "#1" },"south": { "uv": [0, 0, 0.25, 0], "texture": "#1" },"west": { "uv": [0, 0, 3.25, 0], "texture": "#1" },"up": { "uv": [4, 8.25, 3.75, 5], "texture": "#1" },"down": { "uv": [4.25, 5, 4, 8.25], "texture": "#1" }}},{"from": [16, 7, 2],"to": [17, 7, 15],"rotation": { "angle": 0, "axis": "y", "origin": [8, 7, 9] },"faces": {"north": { "uv": [0, 0, 0.25, 0], "texture": "#1" },"east": { "uv": [0, 0, 3.25, 0], "texture": "#1" },"south": { "uv": [0, 0, 0.25, 0], "texture": "#1" },"west": { "uv": [0, 0, 3.25, 0], "texture": "#1" },"up": { "uv": [4.5, 8.25, 4.25, 5], "texture": "#1" },"down": { "uv": [5.5, 5, 5.25, 8.25], "texture": "#1" }}},{"from": [2, 7, 16],"to": [15, 7, 17],"rotation": { "angle": 0, "axis": "y", "origin": [8, 7, 9] },"faces": {"north": { "uv": [0, 0, 3.25, 0], "texture": "#1" },"east": { "uv": [0, 0, 0.25, 0], "texture": "#1" },"south": { "uv": [0, 0, 3.25, 0], "texture": "#1" },"west": { "uv": [0, 0, 0.25, 0], "texture": "#1" },"up": { "uv": [8.75, 5.25, 5.5, 5], "texture": "#1" },"down": { "uv": [8.75, 5.25, 5.5, 5.5], "texture": "#1" }}},{"from": [2, 7, 0],"to": [15, 7, 1],"rotation": { "angle": 0, "axis": "y", "origin": [8, 7, 9] },"faces": {"north": { "uv": [0, 0, 3.25, 0], "texture": "#1" },"east": { "uv": [0, 0, 0.25, 0], "texture": "#1" },"south": { "uv": [0, 0, 3.25, 0], "texture": "#1" },"west": { "uv": [0, 0, 0.25, 0], "texture": "#1" },"up": { "uv": [8.75, 5.75, 5.5, 5.5], "texture": "#1" },"down": { "uv": [8.75, 5.75, 5.5, 6], "texture": "#1" }}},{"from": [6, 11, 8],"to": [6, 12, 9],"faces": {"north": { "uv": [0, 0, 0, 0.25], "texture": "#1" },"east": { "uv": [0.25, 6.75, 0.5, 7], "texture": "#1" },"south": { "uv": [0, 0, 0, 0.25], "texture": "#1" },"west": { "uv": [6.75, 0.25, 7, 0.5], "texture": "#1" },"up": { "uv": [0, 0.25, 0, 0], "texture": "#1" },"down": { "uv": [0, 0, 0, 0.25], "texture": "#1" }}},{"from": [3, 10, 8],"to": [4, 10, 9],"faces": {"north": { "uv": [0, 0, 0.25, 0], "texture": "#1" },"east": { "uv": [0, 0, 0.25, 0], "texture": "#1" },"south": { "uv": [0, 0, 0.25, 0], "texture": "#1" },"west": { "uv": [0, 0, 0.25, 0], "texture": "#1" },"up": { "uv": [0.25, 7, 0, 6.75], "texture": "#1" },"down": { "uv": [7, 0, 6.75, 0.25], "texture": "#1" }}},{"from": [4, 11, 10],"to": [4, 12, 11],"faces": {"north": { "uv": [0, 0, 0, 0.25], "texture": "#1" },"east": { "uv": [0.5, 6.75, 0.75, 7], "texture": "#1" },"south": { "uv": [0, 0, 0, 0.25], "texture": "#1" },"west": { "uv": [6.75, 0.5, 7, 0.75], "texture": "#1" },"up": { "uv": [0, 0.25, 0, 0], "texture": "#1" },"down": { "uv": [0, 0, 0, 0.25], "texture": "#1" }}},{"from": [12, 11, 5],"to": [13, 12, 5],"faces": {"north": { "uv": [0.75, 6.75, 1, 7], "texture": "#1" },"east": { "uv": [0, 0, 0, 0.25], "texture": "#1" },"south": { "uv": [6.75, 0.75, 7, 1], "texture": "#1" },"west": { "uv": [0, 0, 0, 0.25], "texture": "#1" },"up": { "uv": [0.25, 0, 0, 0], "texture": "#1" },"down": { "uv": [0.25, 0, 0, 0], "texture": "#1" }}}],"display": {"thirdperson_righthand": {"translation": [-0.25, 0, -1],"scale": [0.57, 0.57, 0.57]},"thirdperson_lefthand": {"translation": [-0.25, 0, -1],"scale": [0.57, 0.57, 0.57]},"firstperson_righthand": {"translation": [1.5, 0, 0]},"firstperson_lefthand": {"translation": [1.5, 0, 0]},"ground": {"scale": [0.72, 0.72, 0.72]},"gui": {"rotation": [14, 0, 0],"translation": [-0.5, -0.25, 0],"scale": [0.89, 0.95, 1]},"head": {"translation": [-1, 3, -1],"scale": [1.65, 1.52, 1.68]},"fixed": {"rotation": [-89, 0, 0],"translation": [0, 0, -2]}},"groups": [{"name": "hat","origin": [0, 0, 0],"children": [0, 1, 2, 3, 4, 5, 6, 7, 8, 9, 10, 11, 12, 13, 14, 15, 16, 17,18, 19, 20, 21, 22, 23, 24, 25, 26, 27, 28]}]}