{"credit": "Made with Blockbench","textures": {"0": "minecraft:item/multiversity/bane_hat_texture","particle": "Multiversity/bane_hat_texture"},"elements": [{"name": "Brim","from": [3, 0, 4],"to": [11, 3, 12],"faces": {"north": { "uv": [12, 6, 16, 7.5], "texture": "#0" },"east": { "uv": [12, 4.5, 16, 6], "texture": "#0" },"south": { "uv": [12, 7.5, 16, 9], "texture": "#0" },"west": { "uv": [12, 3, 16, 4.5], "texture": "#0" },"up": { "uv": [4, 4, 0, 0], "texture": "#0" },"down": { "uv": [8, 0, 4, 4], "texture": "#0" }}},{"from": [0, 0, 1],"to": [14, 0.5, 15],"faces": {"north": { "uv": [9, 1.5, 16, 2], "texture": "#0" },"east": { "uv": [9, 0, 16, 0.5], "texture": "#0" },"south": { "uv": [9, 1, 16, 0.5], "texture": "#0" },"west": { "uv": [9, 1, 16, 1.5], "texture": "#0" },"up": { "uv": [7, 11, 0, 4], "texture": "#0" },"down": { "uv": [7, 4, 0, 11], "texture": "#0" }}},{"from": [2.5, 0, 3.5],"to": [11.5, 1, 12.5],"faces": {"north": { "uv": [12, 4, 16, 4.5], "texture": "#0" },"east": { "uv": [12, 8.5, 16, 9], "texture": "#0" },"south": { "uv": [12, 7, 16, 7.5], "texture": "#0" },"west": { "uv": [12, 5.5, 16, 6], "texture": "#0" },"up": { "uv": [0, 11, 4, 15], "texture": "#0" },"down": { "uv": [4, 11, 8, 15], "texture": "#0" }}},{"from": [2.8, 1.5, 5.5],"to": [2.8, 2.5, 10.5],"faces": {"north": { "uv": [0, 0, 0, 1], "texture": "#missing" },"east": { "uv": [13.5, 2, 16, 2.5], "texture": "#0" },"south": { "uv": [0, 0, 0, 1], "texture": "#missing" },"west": { "uv": [13.5, 2, 16, 2.5], "texture": "#0" },"up": { "uv": [0, 0, 0, 5], "texture": "#missing" },"down": { "uv": [0, 0, 0, 5], "texture": "#missing" }}},{"from": [11.2, 1.5, 5.5],"to": [11.2, 2.5, 10.5],"faces": {"north": { "uv": [0, 0, 0, 1], "texture": "#missing" },"east": { "uv": [13.5, 2, 16, 2.5], "texture": "#0" },"south": { "uv": [0, 0, 0, 1], "texture": "#missing" },"west": { "uv": [13.5, 2, 16, 2.5], "texture": "#0" },"up": { "uv": [0, 0, 0, 5], "texture": "#missing" },"down": { "uv": [0, 0, 0, 5], "texture": "#missing" }}},{"from": [9.5, 1.5, 12.2],"to": [10.5, 2.5, 12.2],"faces": {"north": { "uv": [12.5, 3.5, 13, 4], "texture": "#0" },"east": { "uv": [0, 0, 0, 1], "texture": "#missing" },"south": { "uv": [13.5, 3.5, 13, 4], "texture": "#0" },"west": { "uv": [0, 0, 0, 1], "texture": "#missing" },"up": { "uv": [0, 0, 1, 0], "texture": "#missing" },"down": { "uv": [0, 0, 1, 0], "texture": "#missing" }}},{"from": [3.5, 1.5, 12.2],"to": [4.5, 2.5, 12.2],"faces": {"north": { "uv": [12.5, 3.5, 13, 4], "texture": "#0" },"east": { "uv": [0, 0, 0, 1], "texture": "#missing" },"south": { "uv": [13.5, 3.5, 13, 4], "texture": "#0" },"west": { "uv": [0, 0, 0, 1], "texture": "#missing" },"up": { "uv": [0, 0, 1, 0], "texture": "#missing" },"down": { "uv": [0, 0, 1, 0], "texture": "#missing" }}},{"from": [9.5, 1.5, 3.8],"to": [10.5, 2.5, 3.8],"faces": {"north": { "uv": [14.5, 3.5, 15, 4], "texture": "#0" },"east": { "uv": [0, 0, 0, 1], "texture": "#missing" },"south": { "uv": [15.5, 3.5, 15, 4], "texture": "#0" },"west": { "uv": [0, 0, 0, 1], "texture": "#missing" },"up": { "uv": [0, 0, 1, 0], "texture": "#missing" },"down": { "uv": [0, 0, 1, 0], "texture": "#missing" }}},{"from": [3.5, 1.5, 3.8],"to": [4.5, 2.5, 3.8],"faces": {"north": { "uv": [14.5, 3.5, 15, 4], "texture": "#0" },"east": { "uv": [0, 0, 0, 1], "texture": "#missing" },"south": { "uv": [15.5, 3.5, 15, 4], "texture": "#0" },"west": { "uv": [0, 0, 0, 1], "texture": "#missing" },"up": { "uv": [0, 0, 1, 0], "texture": "#missing" },"down": { "uv": [0, 0, 1, 0], "texture": "#missing" }}}],"display": {"thirdperson_righthand": {"rotation": [90, 0, 0],"translation": [1.5, 1.5, 6.25]},"thirdperson_lefthand": {"rotation": [90, 0, 0],"translation": [-0.5, 1.5, 6.4]},"firstperson_righthand": {"translation": [4, 5.75, 0]},"firstperson_lefthand": {"translation": [2.5, 5.75, 0]},"ground": {"translation": [0, 3.25, 0]},"gui": {"rotation": [20, 45, 0.5],"translation": [0.75, 6, 0]},"head": {"translation": [1.6, 14.5, 0],"scale": [1.61, 1.61, 1.61]},"fixed": {"rotation": [-90, 45, 0.5],"translation": [0.75, -0.5, -8]}}}