{"parent": "item/generated","textures": {"layer0": "item/bow"},"display": {"thirdperson_righthand": {"rotation": [-80, 260, -40],"translation": [-1, -2, 2.5],"scale": [0.9, 0.9, 0.9]},"thirdperson_lefthand": {"rotation": [-80, -280, 40],"translation": [-1, -2, 2.5],"scale": [0.9, 0.9, 0.9]},"firstperson_righthand": {"rotation": [0, -90, 25],"translation": [1.13, 3.2, 1.13],"scale": [0.68, 0.68, 0.68]},"firstperson_lefthand": {"rotation": [0, 90, -25],"translation": [1.13, 3.2, 1.13],"scale": [0.68, 0.68, 0.68]}},"overrides": [{ "predicate": { "pulling": 1 }, "model": "item/bow_pulling_0" },{"predicate": { "pulling": 1, "pull": 0.65 },"model": "item/bow_pulling_1"},{"predicate": { "pulling": 1, "pull": 0.9 },"model": "item/bow_pulling_2"},{"predicate": { "custom_model_data": 25500 },"model": "item/zsauer/bow/1"},{"predicate": { "custom_model_data": 25500, "pulling": 1 },"model": "item/zsauer/bow/1_pulling_0"},{"predicate": {"custom_model_data": 25500,"pulling": 1,"pull": 0.65},"model": "item/zsauer/bow/1_pulling_1"},{"predicate": {"custom_model_data": 25500,"pulling": 1,"pull": 0.9},"model": "item/zsauer/bow/1_pulling_2"},{"predicate": { "custom_model_data": 25501 },"model": "item/zsauer/bow/2"},{"predicate": { "custom_model_data": 25501, "pulling": 1 },"model": "item/zsauer/bow/2_pulling_0"},{"predicate": {"custom_model_data": 25501,"pulling": 1,"pull": 0.65},"model": "item/zsauer/bow/2_pulling_1"},{"predicate": {"custom_model_data": 25501,"pulling": 1,"pull": 0.9},"model": "item/zsauer/bow/2_pulling_2"},{"predicate": { "custom_model_data": 25502 },"model": "item/zsauer/bow/3"},{"predicate": { "custom_model_data": 25502, "pulling": 1 },"model": "item/zsauer/bow/3_pulling_0"},{"predicate": {"custom_model_data": 25502,"pulling": 1,"pull": 0.65},"model": "item/zsauer/bow/3_pulling_1"},{"predicate": {"custom_model_data": 25502,"pulling": 1,"pull": 0.9},"model": "item/zsauer/bow/3_pulling_2"},{"predicate": { "custom_model_data": 25503 },"model": "item/zsauer/bow/4"},{"predicate": { "custom_model_data": 25503, "pulling": 1 },"model": "item/zsauer/bow/4_pulling_0"},{"predicate": {"custom_model_data": 25503,"pulling": 1,"pull": 0.65},"model": "item/zsauer/bow/4_pulling_1"},{"predicate": {"custom_model_data": 25503,"pulling": 1,"pull": 0.9},"model": "item/zsauer/bow/4_pulling_2"},{"predicate": { "custom_model_data": 25504 },"model": "item/moozaur/bow/melon_bow"},{"predicate": { "custom_model_data": 25504, "pulling": 1 },"model": "item/moozaur/bow/melon_bow_pulling_0"},{"predicate": {"custom_model_data": 25504,"pulling": 1,"pull": 0.65},"model": "item/moozaur/bow/melon_bow_pulling_1"},{"predicate": {"custom_model_data": 25504,"pulling": 1,"pull": 0.9},"model": "item/moozaur/bow/melon_bow_pulling_2"},{"predicate": { "custom_model_data": 25505 },"model": "item/joosh_7889/bow/mechanical_bow"},{"predicate": { "custom_model_data": 25505, "pulling": 1 },"model": "item/joosh_7889/bow/mechanical_bow_pulling_0"},{"predicate": {"custom_model_data": 25505,"pulling": 1,"pull": 0.65},"model": "item/joosh_7889/bow/mechanical_bow_pulling_1"},{"predicate": {"custom_model_data": 25505,"pulling": 1,"pull": 0.9},"model": "item/joosh_7889/bow/mechanical_bow_pulling_2"}]}