{"parent": "minecraft:item/handheld","textures": {"layer0": "minecraft:item/netherite_shovel"},"overrides": [{"predicate": {"custom_model_data": 59300},"model": "item/custom/amethyest_encrusted_shovel"},{"predicate": {"custom_model_data": 59301},"model": "item/grimdark/grimdark_netherite_shovel"},{"predicate": {"custom_model_data": 59302},"model": "item/grimdark/netherite_pitchfork"},{"predicate": {"custom_model_data": 59303},"model": "item/grimdark/netherite_spade"},{"predicate": {"custom_model_data": 59304},"model": "item/grimdark/netherite_trencher"},{"predicate": {"custom_model_data": 59305},"model": "item/grimdark/melon_shovel"}]}