{"parent": "minecraft:item/handheld","textures": {"layer0": "minecraft:item/netherite_pickaxe"},"overrides": [{"predicate": {"custom_model_data": 88800},"model": "item/custom/amethyest_encrusted_pickaxe"},{"predicate": {"custom_model_data": 88801},"model": "item/grimdark/grimdark_netherite_pickaxe"},{"predicate": {"custom_model_data": 88802},"model": "item/grimdark/netherite_mallet"},{"predicate": {"custom_model_data": 88803},"model": "item/grimdark/netherite_mattock"},{"predicate": {"custom_model_data": 88804},"model": "item/grimdark/netherite_sledge"},{"predicate": {"custom_model_data": 88805},"model": "item/moozaur/melon_pickaxe"}]}