{"parent": "minecraft:item/handheld","textures": {"layer0": "minecraft:item/netherite_axe"},"overrides": [{"predicate": {"custom_model_data": 95500},"model": "item/custom/amethyest_encrusted_axe"},{"predicate": {"custom_model_data": 95501},"model": "item/grimdark/grimdark_netherite_axe"},{"predicate": {"custom_model_data": 95502},"model": "item/grimdark/netherite_battleaxe"},{"predicate": {"custom_model_data": 95503},"model": "item/grimdark/netherite_broadaxe"},{"predicate": {"custom_model_data": 95504},"model": "item/grimdark/netherite_hatchet"},{"predicate": {"custom_model_data": 95505},"model": "item/grimdark/netherite_ono"},{"predicate": {"custom_model_data": 95506},"model": "item/moozaur/melon_axe"}]}