{"credit": "Made with Blockbench","texture_size": [32, 32],"textures": {"0": "minecraft:item/yeboitt/cavalier","particle": "minecraft:item/yeboitt/cavalier"},"elements": [{"from": [2, 0, 0],"to": [18, 2, 16],"faces": {"north": { "uv": [0, 0, 8, 1], "texture": "#0" },"east": { "uv": [0, 0, 8, 1], "texture": "#0" },"south": { "uv": [0, 0, 8, 1], "texture": "#0" },"west": { "uv": [0, 0, 8, 1], "texture": "#0" },"up": { "uv": [8, 0, 16, 8], "texture": "#0" },"down": { "uv": [8, 0, 16, 8], "texture": "#0" }}},{"from": [0, 0, 0],"to": [2, 4, 16],"faces": {"north": { "uv": [0, 6, 1, 8], "texture": "#0" },"east": { "uv": [0, 4, 8, 6], "texture": "#0" },"south": { "uv": [0, 6, 1, 8], "texture": "#0" },"west": { "uv": [0, 2, 8, 4], "texture": "#0" },"up": { "uv": [0, 1, 7.5, 2], "rotation": 90, "texture": "#0" },"down": {"uv": [0, 1, 7.5, 2],"rotation": 270,"texture": "#0"}}},{"from": [2, 2, 2],"to": [14, 6, 14],"faces": {"north": { "uv": [0, 8, 6, 10], "texture": "#0" },"east": { "uv": [0, 8, 6, 10], "texture": "#0" },"south": { "uv": [0, 8, 6, 10], "texture": "#0" },"west": { "uv": [0, 8, 6, 10], "texture": "#0" },"up": { "uv": [0, 10, 6, 16], "texture": "#0" },"down": { "uv": [0, 0, 6, 6], "texture": "#0" }}},{"from": [1.95, 4, 7],"to": [1.95, 13, 8],"rotation": { "angle": 0, "axis": "y", "origin": [1, 4, 7] },"faces": {"north": { "uv": [14, 9.5, 14.5, 14], "texture": "#0" },"east": { "uv": [14, 9.5, 14.5, 14], "texture": "#0" },"south": { "uv": [14, 9.5, 14.5, 14], "texture": "#0" },"west": { "uv": [14, 9.5, 14.5, 14], "texture": "#0" },"up": { "uv": [14, 9.5, 14.5, 14], "texture": "#0" },"down": { "uv": [14, 9.5, 14.5, 14], "texture": "#0" }}},{"from": [1.95, 5, 6],"to": [1.95, 12, 7],"rotation": { "angle": 0, "axis": "y", "origin": [1, 4, 6] },"faces": {"north": { "uv": [13.5, 10, 14, 13.5], "texture": "#0" },"east": { "uv": [13.5, 10, 14, 13.5], "texture": "#0" },"south": { "uv": [13.5, 10, 14, 13.5], "texture": "#0" },"west": { "uv": [13.5, 10, 14, 13.5], "texture": "#0" },"up": { "uv": [13.5, 10, 14, 13.5], "texture": "#0" },"down": { "uv": [13.5, 10, 14, 13.5], "texture": "#0" }}},{"from": [1.95, 6, 5],"to": [1.95, 11, 6],"rotation": { "angle": 0, "axis": "y", "origin": [1, 3, 5] },"faces": {"north": { "uv": [13, 10.5, 13.5, 13], "texture": "#0" },"east": { "uv": [13, 10.5, 13.5, 13], "texture": "#0" },"south": { "uv": [13, 10.5, 13.5, 13], "texture": "#0" },"west": { "uv": [13, 10.5, 13.5, 13], "texture": "#0" },"up": { "uv": [13, 10.5, 13.5, 13], "texture": "#0" },"down": { "uv": [13, 10.5, 13.5, 13], "texture": "#0" }}},{"from": [1.95, 5, 8],"to": [1.95, 13, 9],"rotation": { "angle": 0, "axis": "y", "origin": [1, 4, 8] },"faces": {"north": { "uv": [14.5, 9.5, 15, 13.5], "texture": "#0" },"east": { "uv": [14.5, 9.5, 15, 13.5], "texture": "#0" },"south": { "uv": [14.5, 9.5, 15, 13.5], "texture": "#0" },"west": { "uv": [14.5, 9.5, 15, 13.5], "texture": "#0" },"up": { "uv": [14.5, 9.5, 15, 13.5], "texture": "#0" },"down": { "uv": [14.5, 9.5, 15, 13.5], "texture": "#0" }}},{"from": [1.95, 6, 9],"to": [1.95, 9, 10],"rotation": { "angle": 0, "axis": "y", "origin": [1, 3, 9] },"faces": {"north": { "uv": [15, 11.5, 15.5, 13], "texture": "#0" },"east": { "uv": [15, 11.5, 15.5, 13], "texture": "#0" },"south": { "uv": [15, 11.5, 15.5, 13], "texture": "#0" },"west": { "uv": [15, 11.5, 15.5, 13], "texture": "#0" },"up": { "uv": [15, 11.5, 15.5, 13], "texture": "#0" },"down": { "uv": [15, 11.5, 15.5, 13], "texture": "#0" }}},{"from": [1.95, 10, 9],"to": [1.95, 13, 10],"rotation": { "angle": 0, "axis": "y", "origin": [1, 4, 9] },"faces": {"north": { "uv": [15, 9.5, 15.5, 11], "texture": "#0" },"east": { "uv": [15, 9.5, 15.5, 11], "texture": "#0" },"south": { "uv": [15, 9.5, 15.5, 11], "texture": "#0" },"west": { "uv": [15, 9.5, 15.5, 11], "texture": "#0" },"up": { "uv": [15, 9.5, 15.5, 11], "texture": "#0" },"down": { "uv": [15, 9.5, 15.5, 11], "texture": "#0" }}},{"from": [1.95, 11, 10],"to": [1.95, 12, 11],"rotation": { "angle": 0, "axis": "y", "origin": [1, 4, 10] },"faces": {"north": { "uv": [15.5, 10, 16, 10.5], "texture": "#0" },"east": { "uv": [15.5, 10, 16, 10.5], "texture": "#0" },"south": { "uv": [15.5, 10, 16, 10.5], "texture": "#0" },"west": { "uv": [15.5, 10, 16, 10.5], "texture": "#0" },"up": { "uv": [15.5, 10, 16, 10.5], "texture": "#0" },"down": { "uv": [15.5, 10, 16, 10.5], "texture": "#0" }}}],"display": {"thirdperson_righthand": {"translation": [0, 2.25, -4.25],"scale": [0.69, 0.69, 0.69]},"thirdperson_lefthand": {"translation": [0, 2.25, -4.25],"scale": [0.69, 0.69, 0.69]},"firstperson_righthand": {"translation": [5, 2.25, -1.25],"scale": [0.69, 0.69, 0.69]},"firstperson_lefthand": {"translation": [5, 2.25, -1.25],"scale": [0.69, 0.69, 0.69]},"ground": {"translation": [0, 1.5, 0],"scale": [0.84, 0.84, 0.84]},"gui": {"rotation": [11.75, -143.5, -16],"translation": [-0.5, 0.5, 0],"scale": [0.78, 0.78, 0.78]},"head": {"rotation": [-2.25, 4, -2.5],"translation": [0.75, 11.5, -0.5],"scale": [1.19, 1.19, 1.19]},"fixed": {"rotation": [-28.75, 53, 0],"translation": [0, 0, -10]}}}